ISO-10303-21;
HEADER;
FILE_DESCRIPTION (( 'STEP AP214' ),
    '1' );
FILE_NAME ('Human Face - New 2.STEP',
    '2025-10-21T18:59:32',
    ( 'Windows User' ),
    ( '' ),
    'SwSTEP 2.0',
    'SolidWorks 2023',
    '' );
FILE_SCHEMA (( 'AUTOMOTIVE_DESIGN' ));
ENDSEC;

DATA;
#1 = PRODUCT_DEFINITION_SHAPE ( 'NONE', 'NONE',  #1906 ) ;
#2 = APPLICATION_PROTOCOL_DEFINITION ( 'draft international standard', 'automotive_design', 1998, #641 ) ;
#3 = DIRECTION ( 'NONE',  ( 1.000000000000000000, 0.000000000000000000, 0.000000000000000000 ) ) ;
#4 = PRODUCT ( 'Lip Holder', 'Lip Holder', '', ( #1198 ) ) ;
#5 = APPLICATION_PROTOCOL_DEFINITION ( 'draft international standard', 'automotive_design', 1998, #742 ) ;
#6 = PROPERTY_DEFINITION_REPRESENTATION ( #1174, #1101 ) ;
#7 = DOCUMENT_TYPE ( 'geometry' ) ;
#8 = UNCERTAINTY_MEASURE_WITH_UNIT (LENGTH_MEASURE( 1.000000000000000082E-05 ), #67, 'distance_accuracy_value', 'NONE');
#9 = APPLIED_DOCUMENT_REFERENCE ( #1677,'',( #858) ) ;
#10 = IDENTIFICATION_ROLE ( 'external document id and location', $) ;
#11 = PRODUCT_CONTEXT ( 'NONE', #742, 'mechanical' ) ;
#12 = IDENTIFICATION_ROLE ( 'external document id and location', $) ;
#13 = SHAPE_DEFINITION_REPRESENTATION ( #778, #563 ) ;
#14 = DOCUMENT_TYPE ( 'geometry' ) ;
#15 = CONTEXT_DEPENDENT_SHAPE_REPRESENTATION ( #620, #1899 ) ;
#16 = PROPERTY_DEFINITION ('external definition','', #221 ) ;
#17 = APPLIED_DOCUMENT_REFERENCE ( #702,'',( #858) ) ;
#18 = PRODUCT_DEFINITION_SHAPE ( 'NONE', 'NONE',  #1929 ) ;
#19 = PROPERTY_DEFINITION_REPRESENTATION ( #880, #1507 ) ;
#20 = IDENTIFICATION_ROLE ( 'external document id and location', $) ;
#21 = AXIS2_PLACEMENT_3D ( 'NONE', #1803, #1035, #1023 ) ;
#22 = PRODUCT ( 'MG90 - Holder1', 'MG90 - Holder1', '', ( #11 ) ) ;
#23 =( GEOMETRIC_REPRESENTATION_CONTEXT ( 3 ) GLOBAL_UNCERTAINTY_ASSIGNED_CONTEXT ( ( #328 ) ) GLOBAL_UNIT_ASSIGNED_CONTEXT ( ( #230, #975, #213 ) ) REPRESENTATION_CONTEXT ( 'NONE', 'WORKASPACE' ) );
#24 = DIRECTION ( 'NONE',  ( 1.000000000000000000, 0.000000000000000000, 0.000000000000000000 ) ) ;
#25 = DOCUMENT_TYPE ( 'geometry' ) ;
#26 = SHAPE_DEFINITION_REPRESENTATION ( #633, #1784 ) ;
#27 = DOCUMENT_FILE ( 'Servo Head PTK7350.STEP' , '', '', #283, '' ,$ ) ;
#28 = CARTESIAN_POINT ( 'NONE',  ( 161.8703716146754914, 104.0555231714189830, 187.1892274805106808 ) ) ;
#29 = APPLICATION_CONTEXT ( 'automotive_design' ) ;
#30 = UNCERTAINTY_MEASURE_WITH_UNIT (LENGTH_MEASURE( 1.000000000000000082E-05 ), #275, 'distance_accuracy_value', 'NONE');
#31 = OBJECT_ROLE ('mandatory',$ ) ;
#32 =( GEOMETRIC_REPRESENTATION_CONTEXT ( 3 ) GLOBAL_UNCERTAINTY_ASSIGNED_CONTEXT ( ( #591 ) ) GLOBAL_UNIT_ASSIGNED_CONTEXT ( ( #873, #1266, #237 ) ) REPRESENTATION_CONTEXT ( 'NONE', 'WORKASPACE' ) );
#33 =( LENGTH_UNIT ( ) NAMED_UNIT ( * ) SI_UNIT ( .MILLI., .METRE. ) );
#34 = APPLICATION_PROTOCOL_DEFINITION ( 'draft international standard', 'automotive_design', 1998, #1239 ) ;
#35 = AXIS2_PLACEMENT_3D ( 'NONE', #467, #1681, #1845 ) ;
#36 = PROPERTY_DEFINITION_REPRESENTATION ( #856, #1646 ) ;
#37 = APPLICATION_CONTEXT ( 'automotive_design' ) ;
#38 = CARTESIAN_POINT ( 'NONE',  ( 128.4346878230305435, 74.62796111811071853, 203.5965360255100904 ) ) ;
#39 = PROPERTY_DEFINITION ('external definition','', #1427 ) ;
#40 = ROLE_ASSOCIATION ( #488, #746 ) ;
#41 = APPLIED_DOCUMENT_REFERENCE ( #798,'',( #1327) ) ;
#42 = APPLICATION_CONTEXT ( 'automotive_design' ) ;
#43 = CONTEXT_DEPENDENT_SHAPE_REPRESENTATION ( #814, #1002 ) ;
#44 = PRODUCT_DEFINITION_SHAPE ( 'NONE', 'NONE',  #1951 ) ;
#45 = DIRECTION ( 'NONE',  ( 1.000000000000000000, 0.000000000000000000, 0.000000000000000000 ) ) ;
#46 =( REPRESENTATION_RELATIONSHIP ('NONE','NONE', #563, #1709 ) REPRESENTATION_RELATIONSHIP_WITH_TRANSFORMATION ( #979 )SHAPE_REPRESENTATION_RELATIONSHIP( ) );
#47 = APPLIED_DOCUMENT_REFERENCE ( #27,'',( #503) ) ;
#48 = CARTESIAN_POINT ( 'NONE',  ( 79.06167535149228343, 103.9937795304886095, 203.8672045474316405 ) ) ;
#49 = UNCERTAINTY_MEASURE_WITH_UNIT (LENGTH_MEASURE( 1.000000000000000082E-05 ), #1652, 'distance_accuracy_value', 'NONE');
#50 = DOCUMENT_FILE ( 'Jaw holder - 2.STEP' , '', '', #385, '' ,$ ) ;
#51 = PROPERTY_DEFINITION ('external definition','', #1570 ) ;
#52 = PROPERTY_DEFINITION_REPRESENTATION ( #685, #1233 ) ;
#53 = DIRECTION ( 'NONE',  ( 0.01050727967702990394, -0.9999030602126098843, -0.009136041333456428395 ) ) ;
#54 = DOCUMENT_TYPE ( 'geometry' ) ;
#55 =( LENGTH_UNIT ( ) NAMED_UNIT ( * ) SI_UNIT ( .MILLI., .METRE. ) );
#56 = AXIS2_PLACEMENT_3D ( 'NONE', #1660, #658, #362 ) ;
#57 = APPLICATION_CONTEXT ( 'automotive_design' ) ;
#58 = PROPERTY_DEFINITION_REPRESENTATION ( #1182, #1233 ) ;
#59 =( REPRESENTATION_RELATIONSHIP ('NONE','NONE', #563, #1422 ) REPRESENTATION_RELATIONSHIP_WITH_TRANSFORMATION ( #1399 )SHAPE_REPRESENTATION_RELATIONSHIP( ) );
#60 = DIRECTION ( 'NONE',  ( 0.1714160473775790949, 0.1048683795917331324, 0.9796015320849859043 ) ) ;
#61 = AXIS2_PLACEMENT_3D ( 'NONE', #1890, #960, #850 ) ;
#62 = CONTEXT_DEPENDENT_SHAPE_REPRESENTATION ( #681, #869 ) ;
#63 = ROLE_ASSOCIATION ( #31, #831 ) ;
#64 = APPLIED_EXTERNAL_IDENTIFICATION_ASSIGNMENT ( 'PTK 7350.STEP' , #925, #159,( #754) ) ;
#65 = PROPERTY_DEFINITION ('external definition','', #1195 ) ;
#66 = OBJECT_ROLE ('mandatory',$ ) ;
#67 =( LENGTH_UNIT ( ) NAMED_UNIT ( * ) SI_UNIT ( .MILLI., .METRE. ) );
#68 = OBJECT_ROLE ('mandatory',$ ) ;
#69 = PROPERTY_DEFINITION_REPRESENTATION ( #1413, #1233 ) ;
#70 = PROPERTY_DEFINITION ('external definition','', #978 ) ;
#71 = PRODUCT_DEFINITION ( 'General', '', #690, #571 ) ;
#72 = DIRECTION ( 'NONE',  ( 0.1720328078851185438, 0.08294471008667442247, 0.9815930358757641860 ) ) ;
#73 = ITEM_DEFINED_TRANSFORMATION ( 'NONE', 'NONE', #1204,  #941 ) ;
#74 = PROPERTY_DEFINITION_REPRESENTATION ( #1623, #1366 ) ;
#75 =( NAMED_UNIT ( * ) SI_UNIT ( $, .STERADIAN. ) SOLID_ANGLE_UNIT ( ) );
#76 = PRODUCT_DEFINITION_SHAPE ( 'NONE', 'NONE',  #1843 ) ;
#77 = OBJECT_ROLE ('mandatory',$ ) ;
#78 = AXIS2_PLACEMENT_3D ( 'NONE', #1200, #1532, #45 ) ;
#79 = DOCUMENT_TYPE ( 'geometry' ) ;
#80 = DIRECTION ( 'NONE',  ( 0.1735262208877110524, -0.1157307917914010831, -0.9780056413414826011 ) ) ;
#81 = PROPERTY_DEFINITION ('document property','', #1714 ) ;
#82 = PROPERTY_DEFINITION_REPRESENTATION ( #1282, #172 ) ;
#83 = DOCUMENT_TYPE ( 'geometry' ) ;
#84 =( LENGTH_UNIT ( ) NAMED_UNIT ( * ) SI_UNIT ( .MILLI., .METRE. ) );
#85 = PROPERTY_DEFINITION_REPRESENTATION ( #1377, #1366 ) ;
#86 = SHAPE_REPRESENTATION ( 'Rod new lip middle', ( #56 ), #91 ) ;
#87 = DIRECTION ( 'NONE',  ( -0.01046657216566017866, 0.9964522676305125337, -0.08350646203205150386 ) ) ;
#88 = AXIS2_PLACEMENT_3D ( 'NONE', #885, #1856, #1553 ) ;
#89 =( REPRESENTATION_RELATIONSHIP ('NONE','NONE', #563, #232 ) REPRESENTATION_RELATIONSHIP_WITH_TRANSFORMATION ( #209 )SHAPE_REPRESENTATION_RELATIONSHIP( ) );
#90 = PROPERTY_DEFINITION_REPRESENTATION ( #1869, #1850 ) ;
#91 =( GEOMETRIC_REPRESENTATION_CONTEXT ( 3 ) GLOBAL_UNCERTAINTY_ASSIGNED_CONTEXT ( ( #1194 ) ) GLOBAL_UNIT_ASSIGNED_CONTEXT ( ( #485, #1716, #1267 ) ) REPRESENTATION_CONTEXT ( 'NONE', 'WORKASPACE' ) );
#92 = PROPERTY_DEFINITION ('external definition','', #1476 ) ;
#93 = AXIS2_PLACEMENT_3D ( 'NONE', #1783, #258, #587 ) ;
#94 = ROLE_ASSOCIATION ( #1877, #857 ) ;
#95 = EXTERNAL_SOURCE (IDENTIFIER('') ) ;
#96 = APPLIED_EXTERNAL_IDENTIFICATION_ASSIGNMENT ( 'Servo holder - Mouth 1.STEP' , #1695, #1428,( #1183) ) ;
#97 = DIRECTION ( 'NONE',  ( 0.000000000000000000, 0.000000000000000000, 1.000000000000000000 ) ) ;
#98 = PRODUCT_RELATED_PRODUCT_CATEGORY ( 'part', '', ( #1041 ) ) ;
#99 = APPLIED_EXTERNAL_IDENTIFICATION_ASSIGNMENT ( 'Servo Head PTK7350.STEP' , #721, #787,( #1682) ) ;
#100 = PROPERTY_DEFINITION ('document property','', #1682 ) ;
#101 = APPLICATION_CONTEXT ( 'automotive_design' ) ;
#102 = ROLE_ASSOCIATION ( #1119, #404 ) ;
#103 =( NAMED_UNIT ( * ) SI_UNIT ( $, .STERADIAN. ) SOLID_ANGLE_UNIT ( ) );
#104 = CARTESIAN_POINT ( 'NONE',  ( 126.3512641859716439, 60.78143703103850015, 196.6441822416535672 ) ) ;
#105 = PROPERTY_DEFINITION_REPRESENTATION ( #805, #296 ) ;
#106 = DOCUMENT_TYPE ( 'geometry' ) ;
#107 = OBJECT_ROLE ('mandatory',$ ) ;
#108 =( NAMED_UNIT ( * ) SI_UNIT ( $, .STERADIAN. ) SOLID_ANGLE_UNIT ( ) );
#109 = ITEM_DEFINED_TRANSFORMATION ( 'NONE', 'NONE', #93,  #1880 ) ;
#110 = EXTERNAL_SOURCE (IDENTIFIER('') ) ;
#111 =( NAMED_UNIT ( * ) PLANE_ANGLE_UNIT ( ) SI_UNIT ( $, .RADIAN. ) );
#112 = PROPERTY_DEFINITION ('external definition','', #1763 ) ;
#113 = DIRECTION ( 'NONE',  ( 0.9999447958611555887, 0.01050727967703136805, 4.799979726035017162E-05 ) ) ;
#114 = PRODUCT_DEFINITION_SHAPE ( 'NONE', 'NONE',  #1959 ) ;
#115 = ITEM_DEFINED_TRANSFORMATION ( 'NONE', 'NONE', #1446,  #1294 ) ;
#116 = PRODUCT_DEFINITION_SHAPE ( 'NONE', 'NONE',  #1940 ) ;
#117 = CONTEXT_DEPENDENT_SHAPE_REPRESENTATION ( #46, #1766 ) ;
#118 = APPLICATION_PROTOCOL_DEFINITION ( 'draft international standard', 'automotive_design', 1998, #474 ) ;
#119 =( REPRESENTATION_RELATIONSHIP ('NONE','NONE', #563, #1366 ) REPRESENTATION_RELATIONSHIP_WITH_TRANSFORMATION ( #1089 )SHAPE_REPRESENTATION_RELATIONSHIP( ) );
#120 = DOCUMENT_FILE ( 'Servo Head PTK7350.STEP' , '', '', #527, '' ,$ ) ;
#121 = DIRECTION ( 'NONE',  ( 0.001363817642322738858, -0.1343170825164093640, 0.9909374659108004524 ) ) ;
#122 = DOCUMENT_FILE ( 'Lip Holder.STEP' , '', '', #1824, '' ,$ ) ;
#123 =( GEOMETRIC_REPRESENTATION_CONTEXT ( 3 ) GLOBAL_UNCERTAINTY_ASSIGNED_CONTEXT ( ( #1007 ) ) GLOBAL_UNIT_ASSIGNED_CONTEXT ( ( #1739, #204, #1136 ) ) REPRESENTATION_CONTEXT ( 'NONE', 'WORKASPACE' ) );
#124 = CONTEXT_DEPENDENT_SHAPE_REPRESENTATION ( #1458, #1735 ) ;
#125 = APPLICATION_CONTEXT ( 'automotive_design' ) ;
#126 = PRODUCT_DEFINITION_FORMATION_WITH_SPECIFIED_SOURCE ( 'Symmetric', '', #22, .NOT_KNOWN. ) ;
#127 = PRODUCT_DEFINITION_SHAPE ( 'NONE', 'NONE',  #503 ) ;
#128 = SHAPE_DEFINITION_REPRESENTATION ( #325, #1646 ) ;
#129 = APPLIED_EXTERNAL_IDENTIFICATION_ASSIGNMENT ( 'Jaw holder.STEP' , #205, #95,( #957) ) ;
#130 = CARTESIAN_POINT ( 'NONE',  ( 0.000000000000000000, 0.000000000000000000, 0.000000000000000000 ) ) ;
#131 = PRODUCT_DEFINITION_SHAPE ( 'NONE', 'NONE',  #324 ) ;
#132 = APPLIED_EXTERNAL_IDENTIFICATION_ASSIGNMENT ( 'Servo Head MG90.STEP' , #1579, #774,( #1328) ) ;
#133 = CONTEXT_DEPENDENT_SHAPE_REPRESENTATION ( #1223, #817 ) ;
#134 = CARTESIAN_POINT ( 'NONE',  ( 0.000000000000000000, 0.000000000000000000, 0.000000000000000000 ) ) ;
#135 = CARTESIAN_POINT ( 'NONE',  ( 136.1832143627998448, 103.9525881183374167, 225.6785235862897423 ) ) ;
#136 =( REPRESENTATION_RELATIONSHIP ('NONE','NONE', #563, #1850 ) REPRESENTATION_RELATIONSHIP_WITH_TRANSFORMATION ( #73 )SHAPE_REPRESENTATION_RELATIONSHIP( ) );
#137 = PRODUCT_RELATED_PRODUCT_CATEGORY ( 'part', '', ( #615 ) ) ;
#138 = CONTEXT_DEPENDENT_SHAPE_REPRESENTATION ( #1375, #116 ) ;
#139 = IDENTIFICATION_ROLE ( 'external document id and location', $) ;
#140 = CONTEXT_DEPENDENT_SHAPE_REPRESENTATION ( #1017, #505 ) ;
#141 = DIRECTION ( 'NONE',  ( 0.9847450524709527864, 0.01193410741765156546, -0.1735936597751331079 ) ) ;
#142 = APPLICATION_PROTOCOL_DEFINITION ( 'draft international standard', 'automotive_design', 1998, #1793 ) ;
#143 = IDENTIFICATION_ROLE ( 'external document id and location', $) ;
#144 = DIRECTION ( 'NONE',  ( -4.799979726062842533E-05, 0.009136041333444458803, -0.9999582643514544067 ) ) ;
#145 = ITEM_DEFINED_TRANSFORMATION ( 'NONE', 'NONE', #1264,  #1880 ) ;
#146 = EXTERNAL_SOURCE (IDENTIFIER('') ) ;
#147 = PROPERTY_DEFINITION ('external definition','', #1061 ) ;
#148 = UNCERTAINTY_MEASURE_WITH_UNIT (LENGTH_MEASURE( 1.000000000000000082E-05 ), #1531, 'distance_accuracy_value', 'NONE');
#149 = ROLE_ASSOCIATION ( #477, #895 ) ;
#150 = PRODUCT ( 'Human Face - New 2', 'Human Face - New 2', '', ( #535 ) ) ;
#151 = DIRECTION ( 'NONE',  ( -0.01049789355669428388, 0.9988365311488675014, 0.04706780506216430571 ) ) ;
#152 = PRODUCT_RELATED_PRODUCT_CATEGORY ( 'part', '', ( #469 ) ) ;
#153 = SHAPE_DEFINITION_REPRESENTATION ( #1045, #490 ) ;
#154 =( NAMED_UNIT ( * ) SI_UNIT ( $, .STERADIAN. ) SOLID_ANGLE_UNIT ( ) );
#155 = DIRECTION ( 'NONE',  ( 0.2278860623232651927, -0.9066753459743923660, -0.3549757169173871629 ) ) ;
#156 = PROPERTY_DEFINITION_REPRESENTATION ( #322, #1646 ) ;
#157 = AXIS2_PLACEMENT_3D ( 'NONE', #1253, #53, #654 ) ;
#158 = PRODUCT_CONTEXT ( 'NONE', #101, 'mechanical' ) ;
#159 = EXTERNAL_SOURCE (IDENTIFIER('') ) ;
#160 =( REPRESENTATION_RELATIONSHIP ('NONE','NONE', #563, #296 ) REPRESENTATION_RELATIONSHIP_WITH_TRANSFORMATION ( #701 )SHAPE_REPRESENTATION_RELATIONSHIP( ) );
#161 = DIRECTION ( 'NONE',  ( 0.8190792921531516724, 0.01384727765775378011, -0.5735131786344241922 ) ) ;
#162 = APPLIED_EXTERNAL_IDENTIFICATION_ASSIGNMENT ( 'Jaw holder - 2.STEP' , #182, #1453,( #50) ) ;
#163 =( NAMED_UNIT ( * ) PLANE_ANGLE_UNIT ( ) SI_UNIT ( $, .RADIAN. ) );
#164 = PROPERTY_DEFINITION ('external definition','', #1455 ) ;
#165 = PRODUCT_CONTEXT ( 'NONE', #1084, 'mechanical' ) ;
#166 = APPLIED_EXTERNAL_IDENTIFICATION_ASSIGNMENT ( 'Servo Head PTK7350.STEP' , #1687, #236,( #1099) ) ;
#167 = PRODUCT ( 'Fixture-10', 'Fixture-10', '', ( #1504 ) ) ;
#168 = APPLIED_DOCUMENT_REFERENCE ( #1357,'',( #1327) ) ;
#169 = UNCERTAINTY_MEASURE_WITH_UNIT (LENGTH_MEASURE( 1.000000000000000082E-05 ), #1749, 'distance_accuracy_value', 'NONE');
#170 = ROLE_ASSOCIATION ( #1129, #17 ) ;
#171 = PROPERTY_DEFINITION_REPRESENTATION ( #1503, #1366 ) ;
#172 = SHAPE_REPRESENTATION ( 'Rod jaw right left', ( #494 ), #123 ) ;
#173 =( NAMED_UNIT ( * ) SI_UNIT ( $, .STERADIAN. ) SOLID_ANGLE_UNIT ( ) );
#174 = IDENTIFICATION_ROLE ( 'external document id and location', $) ;
#175 = SHAPE_DEFINITION_REPRESENTATION ( #1372, #232 ) ;
#176 = PROPERTY_DEFINITION_REPRESENTATION ( #949, #1373 ) ;
#177 = PROPERTY_DEFINITION ('document property','', #1183 ) ;
#178 = CONTEXT_DEPENDENT_SHAPE_REPRESENTATION ( #544, #286 ) ;
#179 = AXIS2_PLACEMENT_3D ( 'NONE', #300, #1718, #369 ) ;
#180 = PRODUCT_DEFINITION_SHAPE ( 'NONE', 'NONE',  #1259 ) ;
#181 = PRODUCT_CONTEXT ( 'NONE', #434, 'mechanical' ) ;
#182 = IDENTIFICATION_ROLE ( 'external document id and location', $) ;
#183 = PROPERTY_DEFINITION_REPRESENTATION ( #548, #1366 ) ;
#184 = DIRECTION ( 'NONE',  ( -0.1736858621413078230, 0.007172674368874832999, -0.9847749864992657587 ) ) ;
#185 = DOCUMENT_TYPE ( 'geometry' ) ;
#186 = UNCERTAINTY_MEASURE_WITH_UNIT (LENGTH_MEASURE( 1.000000000000000082E-05 ), #573, 'distance_accuracy_value', 'NONE');
#187 = APPLICATION_PROTOCOL_DEFINITION ( 'draft international standard', 'automotive_design', 1998, #655 ) ;
#188 =( REPRESENTATION_RELATIONSHIP ('NONE','NONE', #563, #1577 ) REPRESENTATION_RELATIONSHIP_WITH_TRANSFORMATION ( #235 )SHAPE_REPRESENTATION_RELATIONSHIP( ) );
#189 =( NAMED_UNIT ( * ) PLANE_ANGLE_UNIT ( ) SI_UNIT ( $, .RADIAN. ) );
#190 = APPLICATION_CONTEXT ( 'automotive_design' ) ;
#191 = SHAPE_DEFINITION_REPRESENTATION ( #1188, #172 ) ;
#192 = PRODUCT_DEFINITION_FORMATION_WITH_SPECIFIED_SOURCE ( 'Symmetric', '', #306, .NOT_KNOWN. ) ;
#193 = EXTERNAL_SOURCE (IDENTIFIER('') ) ;
#194 = CONTEXT_DEPENDENT_SHAPE_REPRESENTATION ( #1604, #692 ) ;
#195 = PRODUCT_DEFINITION_FORMATION_WITH_SPECIFIED_SOURCE ( 'Symmetric', '', #1464, .NOT_KNOWN. ) ;
#196 = CARTESIAN_POINT ( 'NONE',  ( 161.7846617374842140, 112.2504956361156445, 178.8199841969886279 ) ) ;
#197 = PROPERTY_DEFINITION ('external definition','', #1677 ) ;
#198 =( NAMED_UNIT ( * ) SI_UNIT ( $, .STERADIAN. ) SOLID_ANGLE_UNIT ( ) );
#199 = PRODUCT_RELATED_PRODUCT_CATEGORY ( 'part', '', ( #1208 ) ) ;
#200 = CONTEXT_DEPENDENT_SHAPE_REPRESENTATION ( #842, #1836 ) ;
#201 = PRODUCT ( 'TeethUp', 'TeethUp', '', ( #332 ) ) ;
#202 = OBJECT_ROLE ('mandatory',$ ) ;
#203 = PROPERTY_DEFINITION_REPRESENTATION ( #1484, #1233 ) ;
#204 =( NAMED_UNIT ( * ) PLANE_ANGLE_UNIT ( ) SI_UNIT ( $, .RADIAN. ) );
#205 = IDENTIFICATION_ROLE ( 'external document id and location', $) ;
#206 = APPLIED_DOCUMENT_REFERENCE ( #1721,'',( #476) ) ;
#207 = CARTESIAN_POINT ( 'NONE',  ( 66.61955782724598407, 106.8883976357453491, 191.0410144416219680 ) ) ;
#208 = PRODUCT_DEFINITION_CONTEXT ( 'detailed design', #190, 'design' ) ;
#209 = ITEM_DEFINED_TRANSFORMATION ( 'NONE', 'NONE', #1673,  #1065 ) ;
#210 = PROPERTY_DEFINITION_REPRESENTATION ( #1186, #1422 ) ;
#211 = DOCUMENT_TYPE ( 'geometry' ) ;
#212 = PRODUCT_RELATED_PRODUCT_CATEGORY ( 'part', '', ( #1820 ) ) ;
#213 =( NAMED_UNIT ( * ) SI_UNIT ( $, .STERADIAN. ) SOLID_ANGLE_UNIT ( ) );
#214 = PROPERTY_DEFINITION ('document property','', #50 ) ;
#215 = IDENTIFICATION_ROLE ( 'external document id and location', $) ;
#216 = APPLIED_DOCUMENT_REFERENCE ( #1260,'',( #503) ) ;
#217 = DIRECTION ( 'NONE',  ( -0.9999447958611555887, -0.01050727967702969924, -4.799979726089789701E-05 ) ) ;
#218 = ITEM_DEFINED_TRANSFORMATION ( 'NONE', 'NONE', #974,  #56 ) ;
#219 = APPLICATION_CONTEXT ( 'automotive_design' ) ;
#220 = AXIS2_PLACEMENT_3D ( 'NONE', #38, #1082, #747 ) ;
#221 = DOCUMENT_FILE ( 'LipDemo.STEP' , '', '', #446, '' ,$ ) ;
#222 = EXTERNAL_SOURCE (IDENTIFIER('') ) ;
#223 = DIRECTION ( 'NONE',  ( 4.799979726071508697E-05, -0.009136041333456433600, 0.9999582643514544067 ) ) ;
#224 = AXIS2_PLACEMENT_3D ( 'NONE', #1642, #1622, #1499 ) ;
#225 = APPLIED_EXTERNAL_IDENTIFICATION_ASSIGNMENT ( 'Servo Head PTK7350.STEP' , #784, #1153,( #1094) ) ;
#226 = DOCUMENT_TYPE ( 'geometry' ) ;
#227 = DIRECTION ( 'NONE',  ( 1.000000000000000000, 0.000000000000000000, 0.000000000000000000 ) ) ;
#228 = PRODUCT_DEFINITION_SHAPE ( 'NONE', 'NONE',  #1926 ) ;
#229 = APPLICATION_CONTEXT ( 'automotive_design' ) ;
#230 =( LENGTH_UNIT ( ) NAMED_UNIT ( * ) SI_UNIT ( .MILLI., .METRE. ) );
#231 = ITEM_DEFINED_TRANSFORMATION ( 'NONE', 'NONE', #1516,  #1880 ) ;
#232 = SHAPE_REPRESENTATION ( 'Rod new lip side', ( #1065 ), #1829 ) ;
#233 = DIRECTION ( 'NONE',  ( 0.9999447958611555887, 0.01050727967703032548, 4.799979726082635999E-05 ) ) ;
#234 = EXTERNAL_SOURCE (IDENTIFIER('') ) ;
#235 = ITEM_DEFINED_TRANSFORMATION ( 'NONE', 'NONE', #843,  #1128 ) ;
#236 = EXTERNAL_SOURCE (IDENTIFIER('') ) ;
#237 =( NAMED_UNIT ( * ) SI_UNIT ( $, .STERADIAN. ) SOLID_ANGLE_UNIT ( ) );
#238 = PROPERTY_DEFINITION ('document property','', #1894 ) ;
#239 = DIRECTION ( 'NONE',  ( 0.01153257629038818323, 0.9932419772234424293, -0.1154875506943200542 ) ) ;
#240 = PROPERTY_DEFINITION ('document property','', #589 ) ;
#241 = PRODUCT_RELATED_PRODUCT_CATEGORY ( 'part', '', ( #1785 ) ) ;
#242 = CONTEXT_DEPENDENT_SHAPE_REPRESENTATION ( #89, #629 ) ;
#243 = OBJECT_ROLE ('mandatory',$ ) ;
#244 = CONTEXT_DEPENDENT_SHAPE_REPRESENTATION ( #331, #881 ) ;
#245 = DIRECTION ( 'NONE',  ( -0.001383114464038905349, 0.1270954667002820171, 0.9918895247650401092 ) ) ;
#246 = APPLIED_DOCUMENT_REFERENCE ( #1640,'',( #503) ) ;
#247 = DIRECTION ( 'NONE',  ( -0.02611311251349352977, 0.9964826903407713043, -0.07962633487782889985 ) ) ;
#248 = APPLIED_DOCUMENT_REFERENCE ( #1072,'',( #771) ) ;
#249 = AXIS2_PLACEMENT_3D ( 'NONE', #1452, #1306, #1421 ) ;
#250 = PROPERTY_DEFINITION ('external definition','', #957 ) ;
#251 = APPLICATION_PROTOCOL_DEFINITION ( 'draft international standard', 'automotive_design', 1998, #1012 ) ;
#252 = PROPERTY_DEFINITION_REPRESENTATION ( #1205, #1565 ) ;
#253 = APPLIED_EXTERNAL_IDENTIFICATION_ASSIGNMENT ( 'PTK 7350.STEP' , #1165, #1077,( #428) ) ;
#254 = PRODUCT_DEFINITION_SHAPE ( 'NONE', 'NONE',  #1950 ) ;
#255 =( REPRESENTATION_RELATIONSHIP ('NONE','NONE', #563, #1233 ) REPRESENTATION_RELATIONSHIP_WITH_TRANSFORMATION ( #1232 )SHAPE_REPRESENTATION_RELATIONSHIP( ) );
#256 = PROPERTY_DEFINITION_REPRESENTATION ( #646, #1233 ) ;
#257 =( NAMED_UNIT ( * ) PLANE_ANGLE_UNIT ( ) SI_UNIT ( $, .RADIAN. ) );
#258 = DIRECTION ( 'NONE',  ( 0.5731789305385751598, 0.04458070110423518334, -0.8182166428738235631 ) ) ;
#259 = APPLIED_DOCUMENT_REFERENCE ( #870,'',( #1900) ) ;
#260 = PRODUCT_DEFINITION_SHAPE ( 'NONE', 'NONE',  #1954 ) ;
#261 = UNCERTAINTY_MEASURE_WITH_UNIT (LENGTH_MEASURE( 1.000000000000000082E-05 ), #406, 'distance_accuracy_value', 'NONE');
#262 = ROLE_ASSOCIATION ( #243, #1796 ) ;
#263 = SHAPE_DEFINITION_REPRESENTATION ( #379, #1772 ) ;
#264 = PROPERTY_DEFINITION_REPRESENTATION ( #961, #1233 ) ;
#265 = CARTESIAN_POINT ( 'NONE',  ( 0.000000000000000000, 0.000000000000000000, 0.000000000000000000 ) ) ;
#266 = PRODUCT_DEFINITION_SHAPE ( 'NONE', 'NONE',  #652 ) ;
#267 = DIRECTION ( 'NONE',  ( 4.799979726100863471E-05, -0.009136041333454756122, 0.9999582643514542957 ) ) ;
#268 = OBJECT_ROLE ('mandatory',$ ) ;
#269 = AXIS2_PLACEMENT_3D ( 'NONE', #848, #1451, #618 ) ;
#270 = PROPERTY_DEFINITION_REPRESENTATION ( #164, #296 ) ;
#271 = AXIS2_PLACEMENT_3D ( 'NONE', #699, #1078, #628 ) ;
#272 = PROPERTY_DEFINITION ('document property','', #754 ) ;
#273 = ITEM_DEFINED_TRANSFORMATION ( 'NONE', 'NONE', #1861,  #179 ) ;
#274 = SHAPE_DEFINITION_REPRESENTATION ( #427, #1312 ) ;
#275 =( LENGTH_UNIT ( ) NAMED_UNIT ( * ) SI_UNIT ( .MILLI., .METRE. ) );
#276 = PRODUCT_DEFINITION ( 'General', '', #1206, #1028 ) ;
#277 = CONTEXT_DEPENDENT_SHAPE_REPRESENTATION ( #432, #318 ) ;
#278 = DIRECTION ( 'NONE',  ( 1.000000000000000000, 0.000000000000000000, 0.000000000000000000 ) ) ;
#279 = DIRECTION ( 'NONE',  ( 0.5736437582234127364, -0.008482355306827577685, 0.8190609795978365248 ) ) ;
#280 = IDENTIFICATION_ROLE ( 'external document id and location', $) ;
#281 = PRODUCT_DEFINITION_CONTEXT ( 'detailed design', #1289, 'design' ) ;
#282 = PROPERTY_DEFINITION_REPRESENTATION ( #1431, #1577 ) ;
#283 = DOCUMENT_TYPE ( 'geometry' ) ;
#284 = DIRECTION ( 'NONE',  ( 0.9999447958611555887, 0.01050727967702981720, 4.799979726098618495E-05 ) ) ;
#285 = AXIS2_PLACEMENT_3D ( 'NONE', #1113, #1121, #1746 ) ;
#286 = PRODUCT_DEFINITION_SHAPE ( 'NONE', 'NONE',  #1902 ) ;
#287 = SHAPE_DEFINITION_REPRESENTATION ( #762, #1422 ) ;
#288 = APPLIED_EXTERNAL_IDENTIFICATION_ASSIGNMENT ( 'MG90 - Holder1.STEP' , #1193, #822,( #1195) ) ;
#289 = DOCUMENT_TYPE ( 'geometry' ) ;
#290 = APPLIED_EXTERNAL_IDENTIFICATION_ASSIGNMENT ( 'Lip Holder.STEP' , #1345, #1219,( #1570) ) ;
#291 = DIRECTION ( 'NONE',  ( 4.799979726090878646E-05, -0.009136041333455968694, 0.9999582643514542957 ) ) ;
#292 = APPLIED_DOCUMENT_REFERENCE ( #428,'',( #476) ) ;
#293 = IDENTIFICATION_ROLE ( 'external document id and location', $) ;
#294 = APPLIED_DOCUMENT_REFERENCE ( #1615,'',( #858) ) ;
#295 = CARTESIAN_POINT ( 'NONE',  ( 101.6303481919999001, 59.33409234030454371, 221.8449156086360858 ) ) ;
#296 = SHAPE_REPRESENTATION ( 'Rod betweem jaw back', ( #1442 ), #1513 ) ;
#297 = APPLICATION_PROTOCOL_DEFINITION ( 'draft international standard', 'automotive_design', 1998, #1585 ) ;
#298 = OBJECT_ROLE ('mandatory',$ ) ;
#299 =( LENGTH_UNIT ( ) NAMED_UNIT ( * ) SI_UNIT ( .MILLI., .METRE. ) );
#300 = CARTESIAN_POINT ( 'NONE',  ( 0.000000000000000000, 0.000000000000000000, 0.000000000000000000 ) ) ;
#301 = PROPERTY_DEFINITION_REPRESENTATION ( #1025, #1366 ) ;
#302 = APPLICATION_CONTEXT ( 'automotive_design' ) ;
#303 = PRODUCT_DEFINITION_SHAPE ( 'NONE', 'NONE',  #1914 ) ;
#304 = UNCERTAINTY_MEASURE_WITH_UNIT (LENGTH_MEASURE( 1.000000000000000082E-05 ), #496, 'distance_accuracy_value', 'NONE');
#305 = CONTEXT_DEPENDENT_SHAPE_REPRESENTATION ( #538, #395 ) ;
#306 = PRODUCT ( 'Servo holder', 'Servo holder', '', ( #562 ) ) ;
#307 = PRODUCT_CONTEXT ( 'NONE', #1727, 'mechanical' ) ;
#308 = AXIS2_PLACEMENT_3D ( 'NONE', #522, #844, #741 ) ;
#309 = DIRECTION ( 'NONE',  ( 0.000000000000000000, 0.000000000000000000, 1.000000000000000000 ) ) ;
#310 =( REPRESENTATION_RELATIONSHIP ('NONE','NONE', #563, #1233 ) REPRESENTATION_RELATIONSHIP_WITH_TRANSFORMATION ( #785 )SHAPE_REPRESENTATION_RELATIONSHIP( ) );
#311 =( NAMED_UNIT ( * ) SI_UNIT ( $, .STERADIAN. ) SOLID_ANGLE_UNIT ( ) );
#312 = APPLICATION_PROTOCOL_DEFINITION ( 'draft international standard', 'automotive_design', 1998, #368 ) ;
#313 =( REPRESENTATION_RELATIONSHIP ('NONE','NONE', #563, #1233 ) REPRESENTATION_RELATIONSHIP_WITH_TRANSFORMATION ( #859 )SHAPE_REPRESENTATION_RELATIONSHIP( ) );
#314 = PROPERTY_DEFINITION ('external definition','', #1721 ) ;
#315 = PROPERTY_DEFINITION_REPRESENTATION ( #1240, #1646 ) ;
#316 = AXIS2_PLACEMENT_3D ( 'NONE', #196, #739, #1649 ) ;
#317 = ROLE_ASSOCIATION ( #1268, #1696 ) ;
#318 = PRODUCT_DEFINITION_SHAPE ( 'NONE', 'NONE',  #1957 ) ;
#319 = OBJECT_ROLE ('mandatory',$ ) ;
#320 = APPLIED_EXTERNAL_IDENTIFICATION_ASSIGNMENT ( 'PTK 7350.STEP' , #528, #400,( #1061) ) ;
#321 =( NAMED_UNIT ( * ) PLANE_ANGLE_UNIT ( ) SI_UNIT ( $, .RADIAN. ) );
#322 = PROPERTY_DEFINITION ('external definition','', #798 ) ;
#323 = APPLICATION_PROTOCOL_DEFINITION ( 'draft international standard', 'automotive_design', 1998, #1215 ) ;
#324 = PRODUCT_DEFINITION ( 'General', '', #1486, #955 ) ;
#325 = PRODUCT_DEFINITION_SHAPE ( 'NONE', 'NONE',  #1327 ) ;
#326 = APPLIED_DOCUMENT_REFERENCE ( #754,'',( #476) ) ;
#327 =( REPRESENTATION_RELATIONSHIP ('NONE','NONE', #563, #1366 ) REPRESENTATION_RELATIONSHIP_WITH_TRANSFORMATION ( #1809 )SHAPE_REPRESENTATION_RELATIONSHIP( ) );
#328 = UNCERTAINTY_MEASURE_WITH_UNIT (LENGTH_MEASURE( 1.000000000000000082E-05 ), #230, 'distance_accuracy_value', 'NONE');
#329 = PROPERTY_DEFINITION_REPRESENTATION ( #1675, #1577 ) ;
#330 = ITEM_DEFINED_TRANSFORMATION ( 'NONE', 'NONE', #1202,  #271 ) ;
#331 =( REPRESENTATION_RELATIONSHIP ('NONE','NONE', #563, #1366 ) REPRESENTATION_RELATIONSHIP_WITH_TRANSFORMATION ( #1756 )SHAPE_REPRESENTATION_RELATIONSHIP( ) );
#332 = PRODUCT_CONTEXT ( 'NONE', #570, 'mechanical' ) ;
#333 = APPLIED_DOCUMENT_REFERENCE ( #1381,'',( #503) ) ;
#334 = DIRECTION ( 'NONE',  ( 0.01050727967703023874, -0.9999030602126098843, -0.009136041333456006858 ) ) ;
#335 = CONTEXT_DEPENDENT_SHAPE_REPRESENTATION ( #679, #823 ) ;
#336 = EXTERNAL_SOURCE (IDENTIFIER('') ) ;
#337 = PROPERTY_DEFINITION ('external definition','', #1754 ) ;
#338 = DIRECTION ( 'NONE',  ( 0.000000000000000000, 0.000000000000000000, 1.000000000000000000 ) ) ;
#339 = IDENTIFICATION_ROLE ( 'external document id and location', $) ;
#340 = SHAPE_DEFINITION_REPRESENTATION ( #1346, #550 ) ;
#341 = ROLE_ASSOCIATION ( #1404, #168 ) ;
#342 = DIRECTION ( 'NONE',  ( 0.5735054534257691961, 0.01351053496790277295, -0.8190903248945040627 ) ) ;
#343 = UNCERTAINTY_MEASURE_WITH_UNIT (LENGTH_MEASURE( 1.000000000000000082E-05 ), #696, 'distance_accuracy_value', 'NONE');
#344 = ITEM_DEFINED_TRANSFORMATION ( 'NONE', 'NONE', #555,  #588 ) ;
#345 = ITEM_DEFINED_TRANSFORMATION ( 'NONE', 'NONE', #1638,  #269 ) ;
#346 = IDENTIFICATION_ROLE ( 'external document id and location', $) ;
#347 =( NAMED_UNIT ( * ) SI_UNIT ( $, .STERADIAN. ) SOLID_ANGLE_UNIT ( ) );
#348 = AXIS2_PLACEMENT_3D ( 'NONE', #48, #184, #141 ) ;
#349 = PRODUCT_DEFINITION_FORMATION_WITH_SPECIFIED_SOURCE ( 'Symmetric', '', #1362, .NOT_KNOWN. ) ;
#350 = DIRECTION ( 'NONE',  ( 1.000000000000000000, 0.000000000000000000, 0.000000000000000000 ) ) ;
#351 = AXIS2_PLACEMENT_3D ( 'NONE', #1866, #60, #1569 ) ;
#352 = ITEM_DEFINED_TRANSFORMATION ( 'NONE', 'NONE', #409,  #659 ) ;
#353 = APPLIED_EXTERNAL_IDENTIFICATION_ASSIGNMENT ( 'Servo holder.STEP' , #1897, #1629,( #1677) ) ;
#354 = DIRECTION ( 'NONE',  ( -4.799979726085064612E-05, 0.009136041333456424926, -0.9999582643514542957 ) ) ;
#355 = PROPERTY_DEFINITION ('external definition','', #122 ) ;
#356 = OBJECT_ROLE ('mandatory',$ ) ;
#357 = APPLIED_EXTERNAL_IDENTIFICATION_ASSIGNMENT ( 'Rod new lip side.STEP' , #801, #1748,( #1427) ) ;
#358 = PRODUCT_DEFINITION ( 'General', '', #559, #1685 ) ;
#359 = CONTEXT_DEPENDENT_SHAPE_REPRESENTATION ( #1757, #1578 ) ;
#360 = APPLICATION_CONTEXT ( 'automotive_design' ) ;
#361 = ROLE_ASSOCIATION ( #663, #475 ) ;
#362 = DIRECTION ( 'NONE',  ( 1.000000000000000000, 0.000000000000000000, 0.000000000000000000 ) ) ;
#363 = DIRECTION ( 'NONE',  ( 0.000000000000000000, 0.000000000000000000, 1.000000000000000000 ) ) ;
#364 = SHAPE_REPRESENTATION ( 'TeethDown', ( #659 ), #972 ) ;
#365 = IDENTIFICATION_ROLE ( 'external document id and location', $) ;
#366 = CARTESIAN_POINT ( 'NONE',  ( 103.4124008606764420, 121.5180696846980481, 148.1711164780786874 ) ) ;
#367 = PROPERTY_DEFINITION_REPRESENTATION ( #39, #232 ) ;
#368 = APPLICATION_CONTEXT ( 'automotive_design' ) ;
#369 = DIRECTION ( 'NONE',  ( 1.000000000000000000, 0.000000000000000000, 0.000000000000000000 ) ) ;
#370 = PROPERTY_DEFINITION ('document property','', #1195 ) ;
#371 = DIRECTION ( 'NONE',  ( 0.006347828277060214852, -0.6077305967574869738, 0.7941178922810855356 ) ) ;
#372 = DOCUMENT_TYPE ( 'geometry' ) ;
#373 = PROPERTY_DEFINITION_REPRESENTATION ( #611, #1850 ) ;
#374 = PROPERTY_DEFINITION_REPRESENTATION ( #743, #1373 ) ;
#375 = OBJECT_ROLE ('mandatory',$ ) ;
#376 =( NAMED_UNIT ( * ) PLANE_ANGLE_UNIT ( ) SI_UNIT ( $, .RADIAN. ) );
#377 =( GEOMETRIC_REPRESENTATION_CONTEXT ( 3 ) GLOBAL_UNCERTAINTY_ASSIGNED_CONTEXT ( ( #49 ) ) GLOBAL_UNIT_ASSIGNED_CONTEXT ( ( #1652, #189, #608 ) ) REPRESENTATION_CONTEXT ( 'NONE', 'WORKASPACE' ) );
#378 = ITEM_DEFINED_TRANSFORMATION ( 'NONE', 'NONE', #1702,  #1880 ) ;
#379 = PRODUCT_DEFINITION_SHAPE ( 'NONE', 'NONE',  #1589 ) ;
#380 = APPLIED_EXTERNAL_IDENTIFICATION_ASSIGNMENT ( 'Servo Head PTK7350.STEP' , #779, #1482,( #120) ) ;
#381 = DIRECTION ( 'NONE',  ( -0.008373189736253216012, 0.7940737489922299330, 0.6077637459202923642 ) ) ;
#382 = AXIS2_PLACEMENT_3D ( 'NONE', #1612, #744, #1337 ) ;
#383 = APPLIED_EXTERNAL_IDENTIFICATION_ASSIGNMENT ( 'Lip Holder.STEP' , #1807, #727,( #1573) ) ;
#384 = APPLIED_EXTERNAL_IDENTIFICATION_ASSIGNMENT ( 'Servo Head PTK7350.STEP' , #215, #954,( #1260) ) ;
#385 = DOCUMENT_TYPE ( 'geometry' ) ;
#386 = PRODUCT_DEFINITION_SHAPE ( 'NONE', 'NONE',  #1933 ) ;
#387 = ITEM_DEFINED_TRANSFORMATION ( 'NONE', 'NONE', #88,  #1821 ) ;
#388 = DOCUMENT_TYPE ( 'geometry' ) ;
#389 =( NAMED_UNIT ( * ) PLANE_ANGLE_UNIT ( ) SI_UNIT ( $, .RADIAN. ) );
#390 = OBJECT_ROLE ('mandatory',$ ) ;
#391 = DIRECTION ( 'NONE',  ( 0.01049789355669097750, -0.9988365311488671683, -0.04706780506217023152 ) ) ;
#392 = DOCUMENT_FILE ( 'Fixture 6.STEP' , '', '', #1501, '' ,$ ) ;
#393 = OBJECT_ROLE ('mandatory',$ ) ;
#394 =( NAMED_UNIT ( * ) PLANE_ANGLE_UNIT ( ) SI_UNIT ( $, .RADIAN. ) );
#395 = PRODUCT_DEFINITION_SHAPE ( 'NONE', 'NONE',  #1917 ) ;
#396 = DOCUMENT_TYPE ( 'geometry' ) ;
#397 = ROLE_ASSOCIATION ( #107, #733 ) ;
#398 = DIRECTION ( 'NONE',  ( 0.4263786283329243920, 0.9045072194952831213, 0.008243493303540051775 ) ) ;
#399 = PROPERTY_DEFINITION ('external definition','', #428 ) ;
#400 = EXTERNAL_SOURCE (IDENTIFIER('') ) ;
#401 = PROPERTY_DEFINITION_REPRESENTATION ( #1774, #1366 ) ;
#402 = ROLE_ASSOCIATION ( #390, #825 ) ;
#403 =( LENGTH_UNIT ( ) NAMED_UNIT ( * ) SI_UNIT ( .MILLI., .METRE. ) );
#404 = APPLIED_DOCUMENT_REFERENCE ( #120,'',( #503) ) ;
#405 = DIRECTION ( 'NONE',  ( 1.000000000000000000, 0.000000000000000000, 0.000000000000000000 ) ) ;
#406 =( LENGTH_UNIT ( ) NAMED_UNIT ( * ) SI_UNIT ( .MILLI., .METRE. ) );
#407 = IDENTIFICATION_ROLE ( 'external document id and location', $) ;
#408 = PROPERTY_DEFINITION_REPRESENTATION ( #1454, #693 ) ;
#409 = AXIS2_PLACEMENT_3D ( 'NONE', #868, #1654, #113 ) ;
#410 = PROPERTY_DEFINITION ('external definition','', #1074 ) ;
#411 = APPLIED_EXTERNAL_IDENTIFICATION_ASSIGNMENT ( 'Servo holder.STEP' , #1158, #791,( #1615) ) ;
#412 = PROPERTY_DEFINITION_REPRESENTATION ( #1169, #1709 ) ;
#413 = DIRECTION ( 'NONE',  ( 0.01050727967703020231, -0.9999030602126097733, -0.009136041333454643365 ) ) ;
#414 = DIRECTION ( 'NONE',  ( 1.000000000000000000, 0.000000000000000000, 0.000000000000000000 ) ) ;
#415 = SHAPE_DEFINITION_REPRESENTATION ( #1018, #1717 ) ;
#416 = CARTESIAN_POINT ( 'NONE',  ( 0.000000000000000000, 0.000000000000000000, 0.000000000000000000 ) ) ;
#417 = PRODUCT_DEFINITION_SHAPE ( 'NONE', 'NONE',  #1941 ) ;
#418 = ROLE_ASSOCIATION ( #810, #576 ) ;
#419 = DIRECTION ( 'NONE',  ( -0.006527761178780089671, 0.6176338807212327087, 0.7864386674873146132 ) ) ;
#420 = PRODUCT_DEFINITION_CONTEXT ( 'detailed design', #1215, 'design' ) ;
#421 = ROLE_ASSOCIATION ( #77, #715 ) ;
#422 = EXTERNAL_SOURCE (IDENTIFIER('') ) ;
#423 = PRODUCT_CONTEXT ( 'NONE', #1830, 'mechanical' ) ;
#424 = DIRECTION ( 'NONE',  ( 1.000000000000000000, 0.000000000000000000, 0.000000000000000000 ) ) ;
#425 = PRODUCT_DEFINITION_SHAPE ( 'NONE', 'NONE',  #1700 ) ;
#426 = DIRECTION ( 'NONE',  ( -0.006477022248797897029, 0.9998681425817694812, 0.01489112597726492161 ) ) ;
#427 = PRODUCT_DEFINITION_SHAPE ( 'NONE', 'NONE',  #445 ) ;
#428 = DOCUMENT_FILE ( 'PTK 7350.STEP' , '', '', #1775, '' ,$ ) ;
#429 = APPLICATION_PROTOCOL_DEFINITION ( 'draft international standard', 'automotive_design', 1998, #125 ) ;
#430 = DOCUMENT_TYPE ( 'geometry' ) ;
#431 = DOCUMENT_FILE ( 'PTK 7350.STEP' , '', '', #540, '' ,$ ) ;
#432 =( REPRESENTATION_RELATIONSHIP ('NONE','NONE', #563, #1366 ) REPRESENTATION_RELATIONSHIP_WITH_TRANSFORMATION ( #109 )SHAPE_REPRESENTATION_RELATIONSHIP( ) );
#433 = DIRECTION ( 'NONE',  ( -0.5739106145770405121, 0.03252724503844448695, -0.8182717059791403402 ) ) ;
#434 = APPLICATION_CONTEXT ( 'automotive_design' ) ;
#435 = PRODUCT_DEFINITION_CONTEXT ( 'detailed design', #1462, 'design' ) ;
#436 = CARTESIAN_POINT ( 'NONE',  ( 89.36475170177877203, 100.9509974390641105, 150.0839689744625218 ) ) ;
#437 = PRODUCT_DEFINITION_FORMATION_WITH_SPECIFIED_SOURCE ( 'Symmetric', '', #1208, .NOT_KNOWN. ) ;
#438 = PROPERTY_DEFINITION ('document property','', #640 ) ;
#439 = SHAPE_DEFINITION_REPRESENTATION ( #1789, #1033 ) ;
#440 = PROPERTY_DEFINITION_REPRESENTATION ( #1445, #490 ) ;
#441 = PRODUCT ( 'Rod new lip side', 'Rod new lip side', '', ( #1244 ) ) ;
#442 = APPLIED_EXTERNAL_IDENTIFICATION_ASSIGNMENT ( 'MG90 Servo.STEP' , #590, #1305,( #656) ) ;
#443 = DOCUMENT_TYPE ( 'geometry' ) ;
#444 = CARTESIAN_POINT ( 'NONE',  ( 102.9589927216532885, 75.90669544944844915, 242.4672372885229379 ) ) ;
#445 = PRODUCT_DEFINITION ( 'General', '', #1000, #1407 ) ;
#446 = DOCUMENT_TYPE ( 'geometry' ) ;
#447 =( REPRESENTATION_RELATIONSHIP ('NONE','NONE', #563, #1565 ) REPRESENTATION_RELATIONSHIP_WITH_TRANSFORMATION ( #1135 )SHAPE_REPRESENTATION_RELATIONSHIP( ) );
#448 = APPLICATION_PROTOCOL_DEFINITION ( 'draft international standard', 'automotive_design', 1998, #1830 ) ;
#449 = DOCUMENT_TYPE ( 'geometry' ) ;
#450 = SHAPE_DEFINITION_REPRESENTATION ( #674, #364 ) ;
#451 = PROPERTY_DEFINITION ('external definition','', #1894 ) ;
#452 = DOCUMENT_TYPE ( 'geometry' ) ;
#453 = ITEM_DEFINED_TRANSFORMATION ( 'NONE', 'NONE', #1237,  #941 ) ;
#454 =( GEOMETRIC_REPRESENTATION_CONTEXT ( 3 ) GLOBAL_UNCERTAINTY_ASSIGNED_CONTEXT ( ( #30 ) ) GLOBAL_UNIT_ASSIGNED_CONTEXT ( ( #275, #1898, #108 ) ) REPRESENTATION_CONTEXT ( 'NONE', 'WORKASPACE' ) );
#455 =( NAMED_UNIT ( * ) SI_UNIT ( $, .STERADIAN. ) SOLID_ANGLE_UNIT ( ) );
#456 = APPLICATION_CONTEXT ( 'automotive_design' ) ;
#457 = APPLICATION_PROTOCOL_DEFINITION ( 'draft international standard', 'automotive_design', 1998, #767 ) ;
#458 = PROPERTY_DEFINITION_REPRESENTATION ( #1613, #1233 ) ;
#459 = PROPERTY_DEFINITION_REPRESENTATION ( #1125, #1577 ) ;
#460 =( GEOMETRIC_REPRESENTATION_CONTEXT ( 3 ) GLOBAL_UNCERTAINTY_ASSIGNED_CONTEXT ( ( #1545 ) ) GLOBAL_UNIT_ASSIGNED_CONTEXT ( ( #888, #1321, #455 ) ) REPRESENTATION_CONTEXT ( 'NONE', 'WORKASPACE' ) );
#461 = IDENTIFICATION_ROLE ( 'external document id and location', $) ;
#462 = AXIS2_PLACEMENT_3D ( 'NONE', #104, #1599, #968 ) ;
#463 = ROLE_ASSOCIATION ( #319, #1529 ) ;
#464 = AXIS2_PLACEMENT_3D ( 'NONE', #1463, #419, #578 ) ;
#465 = UNCERTAINTY_MEASURE_WITH_UNIT (LENGTH_MEASURE( 1.000000000000000082E-05 ), #1831, 'distance_accuracy_value', 'NONE');
#466 = PRODUCT_DEFINITION_SHAPE ( 'NONE', 'NONE',  #1928 ) ;
#467 = CARTESIAN_POINT ( 'NONE',  ( 0.000000000000000000, 0.000000000000000000, 0.000000000000000000 ) ) ;
#468 = PROPERTY_DEFINITION ('external definition','', #392 ) ;
#469 = PRODUCT ( 'LipDemo', 'LipDemo', '', ( #928 ) ) ;
#470 = ROLE_ASSOCIATION ( #1020, #1214 ) ;
#471 = DIRECTION ( 'NONE',  ( 0.9999447958611555887, 0.01050727967703212785, 4.799979724446793117E-05 ) ) ;
#472 = UNCERTAINTY_MEASURE_WITH_UNIT (LENGTH_MEASURE( 1.000000000000000082E-05 ), #1728, 'distance_accuracy_value', 'NONE');
#473 = PROPERTY_DEFINITION_REPRESENTATION ( #1423, #1577 ) ;
#474 = APPLICATION_CONTEXT ( 'automotive_design' ) ;
#475 = APPLIED_DOCUMENT_REFERENCE ( #1828,'',( #503) ) ;
#476 = PRODUCT_DEFINITION ( 'General', '', #1448, #281 ) ;
#477 = OBJECT_ROLE ('mandatory',$ ) ;
#478 = APPLICATION_PROTOCOL_DEFINITION ( 'draft international standard', 'automotive_design', 1998, #42 ) ;
#479 = DOCUMENT_TYPE ( 'geometry' ) ;
#480 = PROPERTY_DEFINITION_REPRESENTATION ( #272, #1366 ) ;
#481 = DIRECTION ( 'NONE',  ( 0.008154757152153625094, -0.7731656597228721006, -0.6341516873438761692 ) ) ;
#482 = APPLICATION_CONTEXT ( 'automotive_design' ) ;
#483 = PROPERTY_DEFINITION ('document property','', #1510 ) ;
#484 = APPLIED_DOCUMENT_REFERENCE ( #1849,'',( #1802) ) ;
#485 =( LENGTH_UNIT ( ) NAMED_UNIT ( * ) SI_UNIT ( .MILLI., .METRE. ) );
#486 =( GEOMETRIC_REPRESENTATION_CONTEXT ( 3 ) GLOBAL_UNCERTAINTY_ASSIGNED_CONTEXT ( ( #1368 ) ) GLOBAL_UNIT_ASSIGNED_CONTEXT ( ( #751, #163, #642 ) ) REPRESENTATION_CONTEXT ( 'NONE', 'WORKASPACE' ) );
#487 = PRODUCT ( 'JawRod-180', 'JawRod-180', '', ( #1468 ) ) ;
#488 = OBJECT_ROLE ('mandatory',$ ) ;
#489 = PRODUCT_DEFINITION ( 'General', '', #1108, #1810 ) ;
#490 = SHAPE_REPRESENTATION ( 'Servo holder - Teeth up 1', ( #179 ), #454 ) ;
#491 = IDENTIFICATION_ROLE ( 'external document id and location', $) ;
#492 = DIRECTION ( 'NONE',  ( -4.799979726091938454E-05, 0.009136041333454643365, -0.9999582643514542957 ) ) ;
#493 = UNCERTAINTY_MEASURE_WITH_UNIT (LENGTH_MEASURE( 1.000000000000000082E-05 ), #1229, 'distance_accuracy_value', 'NONE');
#494 = AXIS2_PLACEMENT_3D ( 'NONE', #926, #1127, #1566 ) ;
#495 = ITEM_DEFINED_TRANSFORMATION ( 'NONE', 'NONE', #1354,  #1123 ) ;
#496 =( LENGTH_UNIT ( ) NAMED_UNIT ( * ) SI_UNIT ( .MILLI., .METRE. ) );
#497 = AXIS2_PLACEMENT_3D ( 'NONE', #953, #1636, #284 ) ;
#498 = PRODUCT_DEFINITION_FORMATION_WITH_SPECIFIED_SOURCE ( 'Symmetric', '', #615, .NOT_KNOWN. ) ;
#499 =( NAMED_UNIT ( * ) SI_UNIT ( $, .STERADIAN. ) SOLID_ANGLE_UNIT ( ) );
#500 = APPLIED_EXTERNAL_IDENTIFICATION_ASSIGNMENT ( 'Servo holder - Mouth 3.STEP' , #139, #1583,( #1849) ) ;
#501 = ITEM_DEFINED_TRANSFORMATION ( 'NONE', 'NONE', #845,  #1880 ) ;
#502 = DIRECTION ( 'NONE',  ( 0.5735054534257691961, 0.01351053496790259253, -0.8190903248945039516 ) ) ;
#503 = PRODUCT_DEFINITION ( 'General', '', #914, #1624 ) ;
#504 = DIRECTION ( 'NONE',  ( 4.799979726080305642E-05, -0.009136041333455878488, 0.9999582643514541846 ) ) ;
#505 = PRODUCT_DEFINITION_SHAPE ( 'NONE', 'NONE',  #1920 ) ;
#506 = APPLIED_EXTERNAL_IDENTIFICATION_ASSIGNMENT ( 'PTK 7350.STEP' , #1582, #976,( #1299) ) ;
#507 = DOCUMENT_TYPE ( 'geometry' ) ;
#508 = PROPERTY_DEFINITION_REPRESENTATION ( #1658, #1436 ) ;
#509 = CARTESIAN_POINT ( 'NONE',  ( 0.000000000000000000, 0.000000000000000000, 0.000000000000000000 ) ) ;
#510 = APPLICATION_CONTEXT ( 'automotive_design' ) ;
#511 = ITEM_DEFINED_TRANSFORMATION ( 'NONE', 'NONE', #917,  #269 ) ;
#512 = DIRECTION ( 'NONE',  ( -0.01808463264374824894, -0.9881566155864879297, 0.1523792936550057431 ) ) ;
#513 = PROPERTY_DEFINITION_REPRESENTATION ( #81, #86 ) ;
#514 = PROPERTY_DEFINITION_REPRESENTATION ( #1517, #1033 ) ;
#515 = DIRECTION ( 'NONE',  ( 1.000000000000000000, 0.000000000000000000, 0.000000000000000000 ) ) ;
#516 = OBJECT_ROLE ('mandatory',$ ) ;
#517 =( GEOMETRIC_REPRESENTATION_CONTEXT ( 3 ) GLOBAL_UNCERTAINTY_ASSIGNED_CONTEXT ( ( #1491 ) ) GLOBAL_UNIT_ASSIGNED_CONTEXT ( ( #33, #919, #899 ) ) REPRESENTATION_CONTEXT ( 'NONE', 'WORKASPACE' ) );
#518 = PROPERTY_DEFINITION ('external definition','', #1183 ) ;
#519 = DIRECTION ( 'NONE',  ( -4.799979726076973076E-05, 0.009136041333456079716, -0.9999582643514541846 ) ) ;
#520 = PROPERTY_DEFINITION_REPRESENTATION ( #666, #1784 ) ;
#521 = ROLE_ASSOCIATION ( #826, #813 ) ;
#522 = CARTESIAN_POINT ( 'NONE',  ( 0.000000000000000000, 0.000000000000000000, 0.000000000000000000 ) ) ;
#523 = IDENTIFICATION_ROLE ( 'external document id and location', $) ;
#524 = ROLE_ASSOCIATION ( #1397, #206 ) ;
#525 = CARTESIAN_POINT ( 'NONE',  ( 117.8867089094624276, 101.2770228335348150, 190.9872856342272200 ) ) ;
#526 = PRODUCT_DEFINITION_FORMATION_WITH_SPECIFIED_SOURCE ( 'Symmetric', '', #201, .NOT_KNOWN. ) ;
#527 = DOCUMENT_TYPE ( 'geometry' ) ;
#528 = IDENTIFICATION_ROLE ( 'external document id and location', $) ;
#529 = PROPERTY_DEFINITION ('external definition','', #1299 ) ;
#530 = APPLIED_EXTERNAL_IDENTIFICATION_ASSIGNMENT ( 'Servo holder.STEP' , #1291, #922,( #702) ) ;
#531 = ROLE_ASSOCIATION ( #1145, #1272 ) ;
#532 = CARTESIAN_POINT ( 'NONE',  ( 0.000000000000000000, 0.000000000000000000, 0.000000000000000000 ) ) ;
#533 = PRODUCT_DEFINITION_SHAPE ( 'NONE', 'NONE',  #1949 ) ;
#534 = DOCUMENT_FILE ( 'Servo holder - Mouth 2.STEP' , '', '', #25, '' ,$ ) ;
#535 = PRODUCT_CONTEXT ( 'NONE', #1338, 'mechanical' ) ;
#536 = PRODUCT_RELATED_PRODUCT_CATEGORY ( 'part', '', ( #1362 ) ) ;
#537 = DIRECTION ( 'NONE',  ( -0.1483216630912984335, -0.9647300702205179324, 0.2174777594839200356 ) ) ;
#538 =( REPRESENTATION_RELATIONSHIP ('NONE','NONE', #563, #490 ) REPRESENTATION_RELATIONSHIP_WITH_TRANSFORMATION ( #273 )SHAPE_REPRESENTATION_RELATIONSHIP( ) );
#539 = APPLIED_DOCUMENT_REFERENCE ( #1891,'',( #1124) ) ;
#540 = DOCUMENT_TYPE ( 'geometry' ) ;
#541 = CONTEXT_DEPENDENT_SHAPE_REPRESENTATION ( #447, #704 ) ;
#542 = OBJECT_ROLE ('mandatory',$ ) ;
#543 = PROPERTY_DEFINITION ('document property','', #1849 ) ;
#544 =( REPRESENTATION_RELATIONSHIP ('NONE','NONE', #563, #1520 ) REPRESENTATION_RELATIONSHIP_WITH_TRANSFORMATION ( #495 )SHAPE_REPRESENTATION_RELATIONSHIP( ) );
#545 = PROPERTY_DEFINITION_REPRESENTATION ( #707, #1233 ) ;
#546 = DIRECTION ( 'NONE',  ( 1.000000000000000000, 0.000000000000000000, 0.000000000000000000 ) ) ;
#547 = CARTESIAN_POINT ( 'NONE',  ( 110.7539347802743919, 88.57799145330723434, 243.6078874758116797 ) ) ;
#548 = PROPERTY_DEFINITION ('external definition','', #754 ) ;
#549 = APPLIED_DOCUMENT_REFERENCE ( #1455,'',( #358) ) ;
#550 = SHAPE_REPRESENTATION ( 'LipDemo', ( #1479 ), #1670 ) ;
#551 = APPLIED_DOCUMENT_REFERENCE ( #1183,'',( #973) ) ;
#552 = OBJECT_ROLE ('mandatory',$ ) ;
#553 =( NAMED_UNIT ( * ) SI_UNIT ( $, .STERADIAN. ) SOLID_ANGLE_UNIT ( ) );
#554 = ITEM_DEFINED_TRANSFORMATION ( 'NONE', 'NONE', #1167,  #269 ) ;
#555 = AXIS2_PLACEMENT_3D ( 'NONE', #28, #1382, #481 ) ;
#556 = APPLICATION_CONTEXT ( 'automotive_design' ) ;
#557 = PRODUCT_RELATED_PRODUCT_CATEGORY ( 'part', '', ( #4 ) ) ;
#558 = ROLE_ASSOCIATION ( #1211, #248 ) ;
#559 = PRODUCT_DEFINITION_FORMATION_WITH_SPECIFIED_SOURCE ( 'Symmetric', '', #1222, .NOT_KNOWN. ) ;
#560 = PROPERTY_DEFINITION ('external definition','', #1828 ) ;
#561 = OBJECT_ROLE ('mandatory',$ ) ;
#562 = PRODUCT_CONTEXT ( 'NONE', #1793, 'mechanical' ) ;
#563 = SHAPE_REPRESENTATION ( 'Human Face - New 2', ( #35, #877, #1354, #686, #220, #1638, #1800, #1202, #497, #944, #88, #348, #316, #1699, #843, #1103, #1602, #1861, #157, #1320, #1263, #1416, #555, #1004, #462, #755, #351, #1322, #1237, #1386, #1105, #1673, #661, #974, #1204, #1418, #1446, #61, #249, #285, #879, #946, #1264, #1832, #723, #382, #592, #464, #1893, #224, #409, #1702, #1516, #845, #1480, #917, #1764, #93, #1167, #911, #1736, #1139, #1356 ), #626 ) ;
#564 = SHAPE_DEFINITION_REPRESENTATION ( #1661, #1436 ) ;
#565 = OBJECT_ROLE ('mandatory',$ ) ;
#566 = PRODUCT_DEFINITION_SHAPE ( 'NONE', 'NONE',  #1944 ) ;
#567 = OBJECT_ROLE ('mandatory',$ ) ;
#568 = DIRECTION ( 'NONE',  ( -0.5735840916898590214, 0.001457078902113721937, -0.8191453879998301657 ) ) ;
#569 = CONTEXT_DEPENDENT_SHAPE_REPRESENTATION ( #936, #1818 ) ;
#570 = APPLICATION_CONTEXT ( 'automotive_design' ) ;
#571 = PRODUCT_DEFINITION_CONTEXT ( 'detailed design', #1474, 'design' ) ;
#572 = CONTEXT_DEPENDENT_SHAPE_REPRESENTATION ( #1838, #1518 ) ;
#573 =( LENGTH_UNIT ( ) NAMED_UNIT ( * ) SI_UNIT ( .MILLI., .METRE. ) );
#574 = SHAPE_DEFINITION_REPRESENTATION ( #883, #1577 ) ;
#575 =( REPRESENTATION_RELATIONSHIP ('NONE','NONE', #563, #1577 ) REPRESENTATION_RELATIONSHIP_WITH_TRANSFORMATION ( #1811 )SHAPE_REPRESENTATION_RELATIONSHIP( ) );
#576 = APPLIED_DOCUMENT_REFERENCE ( #1022,'',( #476) ) ;
#577 = PRODUCT_DEFINITION_SHAPE ( 'NONE', 'NONE',  #1904 ) ;
#578 = DIRECTION ( 'NONE',  ( 0.008233684727065150935, -0.7863955661491349725, 0.6176683737870968249 ) ) ;
#579 = DOCUMENT_TYPE ( 'geometry' ) ;
#580 = PROPERTY_DEFINITION_REPRESENTATION ( #399, #1366 ) ;
#581 = AXIS2_PLACEMENT_3D ( 'NONE', #1250, #363, #1859 ) ;
#582 = ITEM_DEFINED_TRANSFORMATION ( 'NONE', 'NONE', #1320,  #1694 ) ;
#583 = CARTESIAN_POINT ( 'NONE',  ( 115.4121830811744900, 48.19621591822948403, 238.1957542368798499 ) ) ;
#584 = APPLICATION_PROTOCOL_DEFINITION ( 'draft international standard', 'automotive_design', 1998, #1474 ) ;
#585 = PRODUCT_RELATED_PRODUCT_CATEGORY ( 'part', '', ( #1487 ) ) ;
#586 =( NAMED_UNIT ( * ) PLANE_ANGLE_UNIT ( ) SI_UNIT ( $, .RADIAN. ) );
#587 = DIRECTION ( 'NONE',  ( -0.8193629890454704467, 0.01838872294512931133, -0.5729800581616428801 ) ) ;
#588 = AXIS2_PLACEMENT_3D ( 'NONE', #416, #1619, #1469 ) ;
#589 = DOCUMENT_FILE ( 'PTK 7350.STEP' , '', '', #1467, '' ,$ ) ;
#590 = IDENTIFICATION_ROLE ( 'external document id and location', $) ;
#591 = UNCERTAINTY_MEASURE_WITH_UNIT (LENGTH_MEASURE( 1.000000000000000082E-05 ), #873, 'distance_accuracy_value', 'NONE');
#592 = AXIS2_PLACEMENT_3D ( 'NONE', #901, #291, #876 ) ;
#593 = PROPERTY_DEFINITION_REPRESENTATION ( #65, #1772 ) ;
#594 = APPLIED_EXTERNAL_IDENTIFICATION_ASSIGNMENT ( 'Servo holder - Teeth up 1.STEP' , #280, #146,( #1476) ) ;
#595 = PRODUCT_DEFINITION_SHAPE ( 'NONE', 'NONE',  #1910 ) ;
#596 = APPLICATION_PROTOCOL_DEFINITION ( 'draft international standard', 'automotive_design', 1998, #1858 ) ;
#597 = DOCUMENT_TYPE ( 'geometry' ) ;
#598 = PRODUCT_DEFINITION_FORMATION_WITH_SPECIFIED_SOURCE ( 'Symmetric', '', #1571, .NOT_KNOWN. ) ;
#599 = PRODUCT_DEFINITION_SHAPE ( 'NONE', 'NONE',  #939 ) ;
#600 =( REPRESENTATION_RELATIONSHIP ('NONE','NONE', #563, #1577 ) REPRESENTATION_RELATIONSHIP_WITH_TRANSFORMATION ( #882 )SHAPE_REPRESENTATION_RELATIONSHIP( ) );
#601 = APPLICATION_CONTEXT ( 'automotive_design' ) ;
#602 =( NAMED_UNIT ( * ) PLANE_ANGLE_UNIT ( ) SI_UNIT ( $, .RADIAN. ) );
#603 = SHAPE_DEFINITION_REPRESENTATION ( #918, #693 ) ;
#604 = PROPERTY_DEFINITION_REPRESENTATION ( #1628, #1233 ) ;
#605 = PROPERTY_DEFINITION_REPRESENTATION ( #1707, #1233 ) ;
#606 = OBJECT_ROLE ('mandatory',$ ) ;
#607 = APPLICATION_PROTOCOL_DEFINITION ( 'draft international standard', 'automotive_design', 1998, #943 ) ;
#608 =( NAMED_UNIT ( * ) SI_UNIT ( $, .STERADIAN. ) SOLID_ANGLE_UNIT ( ) );
#609 =( NAMED_UNIT ( * ) SI_UNIT ( $, .STERADIAN. ) SOLID_ANGLE_UNIT ( ) );
#610 = ITEM_DEFINED_TRANSFORMATION ( 'NONE', 'NONE', #464,  #269 ) ;
#611 = PROPERTY_DEFINITION ('external definition','', #624 ) ;
#612 = PRODUCT_DEFINITION_CONTEXT ( 'detailed design', #687, 'design' ) ;
#613 = APPLIED_DOCUMENT_REFERENCE ( #50,'',( #939) ) ;
#614 = AXIS2_PLACEMENT_3D ( 'NONE', #532, #1771, #546 ) ;
#615 = PRODUCT ( 'Rod new lip RR', 'Rod new lip RR', '', ( #908 ) ) ;
#616 = PROPERTY_DEFINITION_REPRESENTATION ( #543, #1717 ) ;
#617 = DOCUMENT_TYPE ( 'geometry' ) ;
#618 = DIRECTION ( 'NONE',  ( 1.000000000000000000, 0.000000000000000000, 0.000000000000000000 ) ) ;
#619 = APPLICATION_PROTOCOL_DEFINITION ( 'draft international standard', 'automotive_design', 1998, #456 ) ;
#620 =( REPRESENTATION_RELATIONSHIP ('NONE','NONE', #563, #1101 ) REPRESENTATION_RELATIONSHIP_WITH_TRANSFORMATION ( #1537 )SHAPE_REPRESENTATION_RELATIONSHIP( ) );
#621 = ROLE_ASSOCIATION ( #516, #921 ) ;
#622 = CARTESIAN_POINT ( 'NONE',  ( 79.19927809373201910, 55.99943975017789199, 192.0006057095403094 ) ) ;
#623 = DOCUMENT_TYPE ( 'geometry' ) ;
#624 = DOCUMENT_FILE ( 'Rod new lip RR.STEP' , '', '', #1543, '' ,$ ) ;
#625 =( GEOMETRIC_REPRESENTATION_CONTEXT ( 3 ) GLOBAL_UNCERTAINTY_ASSIGNED_CONTEXT ( ( #186 ) ) GLOBAL_UNIT_ASSIGNED_CONTEXT ( ( #573, #394, #1626 ) ) REPRESENTATION_CONTEXT ( 'NONE', 'WORKASPACE' ) );
#626 =( GEOMETRIC_REPRESENTATION_CONTEXT ( 3 ) GLOBAL_UNCERTAINTY_ASSIGNED_CONTEXT ( ( #261 ) ) GLOBAL_UNIT_ASSIGNED_CONTEXT ( ( #406, #1171, #1773 ) ) REPRESENTATION_CONTEXT ( 'NONE', 'WORKASPACE' ) );
#627 = APPLICATION_PROTOCOL_DEFINITION ( 'draft international standard', 'automotive_design', 1998, #1338 ) ;
#628 = DIRECTION ( 'NONE',  ( 1.000000000000000000, 0.000000000000000000, 0.000000000000000000 ) ) ;
#629 = PRODUCT_DEFINITION_SHAPE ( 'NONE', 'NONE',  #1931 ) ;
#630 = PRODUCT_CONTEXT ( 'NONE', #302, 'mechanical' ) ;
#631 = APPLIED_EXTERNAL_IDENTIFICATION_ASSIGNMENT ( 'PTK 7350.STEP' , #1367, #1392,( #589) ) ;
#632 = SHAPE_REPRESENTATION ( 'Servo holder - Mouth 1', ( #1694 ), #812 ) ;
#633 = PRODUCT_DEFINITION_SHAPE ( 'NONE', 'NONE',  #1098 ) ;
#634 = ROLE_ASSOCIATION ( #1672, #326 ) ;
#635 = DOCUMENT_TYPE ( 'geometry' ) ;
#636 = DIRECTION ( 'NONE',  ( -0.0004466106406022026941, 0.04706571062128467320, -0.9988916955419387955 ) ) ;
#637 = UNCERTAINTY_MEASURE_WITH_UNIT (LENGTH_MEASURE( 1.000000000000000082E-05 ), #703, 'distance_accuracy_value', 'NONE');
#638 = ROLE_ASSOCIATION ( #393, #41 ) ;
#639 = IDENTIFICATION_ROLE ( 'external document id and location', $) ;
#640 = DOCUMENT_FILE ( 'Fixture 6 - mirror.STEP' , '', '', #14, '' ,$ ) ;
#641 = APPLICATION_CONTEXT ( 'automotive_design' ) ;
#642 =( NAMED_UNIT ( * ) SI_UNIT ( $, .STERADIAN. ) SOLID_ANGLE_UNIT ( ) );
#643 = APPLICATION_PROTOCOL_DEFINITION ( 'draft international standard', 'automotive_design', 1998, #1434 ) ;
#644 = PROPERTY_DEFINITION_REPRESENTATION ( #732, #1233 ) ;
#645 = DIRECTION ( 'NONE',  ( 0.01050727967702961424, -0.9999030602126098843, -0.009136041333454658978 ) ) ;
#646 = PROPERTY_DEFINITION ('external definition','', #120 ) ;
#647 = IDENTIFICATION_ROLE ( 'external document id and location', $) ;
#648 = ROLE_ASSOCIATION ( #886, #613 ) ;
#649 = PRODUCT_DEFINITION_SHAPE ( 'NONE', 'NONE',  #1936 ) ;
#650 = CONTEXT_DEPENDENT_SHAPE_REPRESENTATION ( #59, #1 ) ;
#651 = DOCUMENT_TYPE ( 'geometry' ) ;
#652 = PRODUCT_DEFINITION ( 'General', '', #1043, #1216 ) ;
#653 =( NAMED_UNIT ( * ) SI_UNIT ( $, .STERADIAN. ) SOLID_ANGLE_UNIT ( ) );
#654 = DIRECTION ( 'NONE',  ( 0.9999447958611558107, 0.01050727967702990394, 4.799979726085697515E-05 ) ) ;
#655 = APPLICATION_CONTEXT ( 'automotive_design' ) ;
#656 = DOCUMENT_FILE ( 'MG90 Servo.STEP' , '', '', #1280, '' ,$ ) ;
#657 = ITEM_DEFINED_TRANSFORMATION ( 'NONE', 'NONE', #316,  #269 ) ;
#658 = DIRECTION ( 'NONE',  ( 0.000000000000000000, 0.000000000000000000, 1.000000000000000000 ) ) ;
#659 = AXIS2_PLACEMENT_3D ( 'NONE', #730, #1616, #414 ) ;
#660 = DOCUMENT_TYPE ( 'geometry' ) ;
#661 = AXIS2_PLACEMENT_3D ( 'NONE', #988, #1143, #398 ) ;
#662 = PROPERTY_DEFINITION_REPRESENTATION ( #92, #490 ) ;
#663 = OBJECT_ROLE ('mandatory',$ ) ;
#664 = ITEM_DEFINED_TRANSFORMATION ( 'NONE', 'NONE', #946,  #1880 ) ;
#665 = CARTESIAN_POINT ( 'NONE',  ( 144.8404503197284612, 105.5561793787989870, 186.8671731274356773 ) ) ;
#666 = PROPERTY_DEFINITION ('external definition','', #656 ) ;
#667 = ITEM_DEFINED_TRANSFORMATION ( 'NONE', 'NONE', #1386,  #999 ) ;
#668 = DOCUMENT_FILE ( 'Jaw holder - 2.STEP' , '', '', #83, '' ,$ ) ;
#669 = IDENTIFICATION_ROLE ( 'external document id and location', $) ;
#670 = ROLE_ASSOCIATION ( #1419, #216 ) ;
#671 = CARTESIAN_POINT ( 'NONE',  ( 138.1227435024317742, 92.18458364589010046, 201.3130221887036271 ) ) ;
#672 = EXTERNAL_SOURCE (IDENTIFIER('') ) ;
#673 = APPLIED_DOCUMENT_REFERENCE ( #811,'',( #1114) ) ;
#674 = PRODUCT_DEFINITION_SHAPE ( 'NONE', 'NONE',  #1281 ) ;
#675 =( GEOMETRIC_REPRESENTATION_CONTEXT ( 3 ) GLOBAL_UNCERTAINTY_ASSIGNED_CONTEXT ( ( #8 ) ) GLOBAL_UNIT_ASSIGNED_CONTEXT ( ( #67, #1276, #948 ) ) REPRESENTATION_CONTEXT ( 'NONE', 'WORKASPACE' ) );
#676 = PROPERTY_DEFINITION ('external definition','', #1714 ) ;
#677 = PROPERTY_DEFINITION_REPRESENTATION ( #70, #1366 ) ;
#678 = DIRECTION ( 'NONE',  ( -0.5736437582234119592, 0.008482355306825480404, -0.8190609795978370800 ) ) ;
#679 =( REPRESENTATION_RELATIONSHIP ('NONE','NONE', #563, #1646 ) REPRESENTATION_RELATIONSHIP_WITH_TRANSFORMATION ( #344 )SHAPE_REPRESENTATION_RELATIONSHIP( ) );
#680 = ROLE_ASSOCIATION ( #1248, #1238 ) ;
#681 =( REPRESENTATION_RELATIONSHIP ('NONE','NONE', #563, #1366 ) REPRESENTATION_RELATIONSHIP_WITH_TRANSFORMATION ( #145 )SHAPE_REPRESENTATION_RELATIONSHIP( ) );
#682 = PRODUCT_RELATED_PRODUCT_CATEGORY ( 'part', '', ( #991 ) ) ;
#683 = CONTEXT_DEPENDENT_SHAPE_REPRESENTATION ( #188, #303 ) ;
#684 = DIRECTION ( 'NONE',  ( 0.000000000000000000, 0.000000000000000000, 1.000000000000000000 ) ) ;
#685 = PROPERTY_DEFINITION ('external definition','', #1099 ) ;
#686 = AXIS2_PLACEMENT_3D ( 'NONE', #1701, #1835, #471 ) ;
#687 = APPLICATION_CONTEXT ( 'automotive_design' ) ;
#688 = PROPERTY_DEFINITION ('document property','', #1763 ) ;
#689 = DIRECTION ( 'NONE',  ( -4.799979726084147784E-05, 0.009136041333455554095, -0.9999582643514544067 ) ) ;
#690 = PRODUCT_DEFINITION_FORMATION_WITH_SPECIFIED_SOURCE ( 'Symmetric', '', #1839, .NOT_KNOWN. ) ;
#691 = APPLIED_EXTERNAL_IDENTIFICATION_ASSIGNMENT ( 'Servo Head PTK7350.STEP' , #927, #1761,( #1894) ) ;
#692 = PRODUCT_DEFINITION_SHAPE ( 'NONE', 'NONE',  #1947 ) ;
#693 = SHAPE_REPRESENTATION ( 'Servo Head MG90', ( #1039 ), #625 ) ;
#694 = PROPERTY_DEFINITION ('external definition','', #589 ) ;
#695 =( REPRESENTATION_RELATIONSHIP ('NONE','NONE', #563, #1373 ) REPRESENTATION_RELATIONSHIP_WITH_TRANSFORMATION ( #1408 )SHAPE_REPRESENTATION_RELATIONSHIP( ) );
#696 =( LENGTH_UNIT ( ) NAMED_UNIT ( * ) SI_UNIT ( .MILLI., .METRE. ) );
#697 = OBJECT_ROLE ('mandatory',$ ) ;
#698 = CONTEXT_DEPENDENT_SHAPE_REPRESENTATION ( #847, #1625 ) ;
#699 = CARTESIAN_POINT ( 'NONE',  ( 0.000000000000000000, 0.000000000000000000, 0.000000000000000000 ) ) ;
#700 = CARTESIAN_POINT ( 'NONE',  ( 100.4230283758119526, 98.61388383177694550, 249.9879920712438661 ) ) ;
#701 = ITEM_DEFINED_TRANSFORMATION ( 'NONE', 'NONE', #249,  #1442 ) ;
#702 = DOCUMENT_FILE ( 'Servo holder.STEP' , '', '', #211, '' ,$ ) ;
#703 =( LENGTH_UNIT ( ) NAMED_UNIT ( * ) SI_UNIT ( .MILLI., .METRE. ) );
#704 = PRODUCT_DEFINITION_SHAPE ( 'NONE', 'NONE',  #1913 ) ;
#705 =( REPRESENTATION_RELATIONSHIP ('NONE','NONE', #563, #1850 ) REPRESENTATION_RELATIONSHIP_WITH_TRANSFORMATION ( #453 )SHAPE_REPRESENTATION_RELATIONSHIP( ) );
#706 = DIRECTION ( 'NONE',  ( 1.000000000000000000, 0.000000000000000000, 0.000000000000000000 ) ) ;
#707 = PROPERTY_DEFINITION ('document property','', #1640 ) ;
#708 = PRODUCT_RELATED_PRODUCT_CATEGORY ( 'part', '', ( #1691 ) ) ;
#709 = EXTERNAL_SOURCE (IDENTIFIER('') ) ;
#710 = CARTESIAN_POINT ( 'NONE',  ( 0.000000000000000000, 0.000000000000000000, 0.000000000000000000 ) ) ;
#711 = CARTESIAN_POINT ( 'NONE',  ( 103.1954324392307853, 130.2366373980053993, 205.3192825798080321 ) ) ;
#712 = PROPERTY_DEFINITION ('external definition','', #1066 ) ;
#713 = ITEM_DEFINED_TRANSFORMATION ( 'NONE', 'NONE', #285,  #1065 ) ;
#714 = PRODUCT_DEFINITION_CONTEXT ( 'detailed design', #1189, 'design' ) ;
#715 = APPLIED_DOCUMENT_REFERENCE ( #1317,'',( #71) ) ;
#716 = APPLICATION_PROTOCOL_DEFINITION ( 'draft international standard', 'automotive_design', 1998, #1226 ) ;
#717 = CARTESIAN_POINT ( 'NONE',  ( 0.000000000000000000, 0.000000000000000000, 0.000000000000000000 ) ) ;
#718 = OBJECT_ROLE ('mandatory',$ ) ;
#719 = PROPERTY_DEFINITION_REPRESENTATION ( #529, #1366 ) ;
#720 = CARTESIAN_POINT ( 'NONE',  ( 53.68468214830839713, 119.8099597661987019, 157.5232289875169727 ) ) ;
#721 = IDENTIFICATION_ROLE ( 'external document id and location', $) ;
#722 = CONTEXT_DEPENDENT_SHAPE_REPRESENTATION ( #160, #1144 ) ;
#723 = AXIS2_PLACEMENT_3D ( 'NONE', #980, #1581, #752 ) ;
#724 = PRODUCT_DEFINITION_SHAPE ( 'NONE', 'NONE',  #1903 ) ;
#725 = DIRECTION ( 'NONE',  ( 0.0004466106405806426292, -0.04706571062128524913, 0.9988916955419385735 ) ) ;
#726 = ROLE_ASSOCIATION ( #892, #294 ) ;
#727 = EXTERNAL_SOURCE (IDENTIFIER('') ) ;
#728 = PRODUCT_DEFINITION_SHAPE ( 'NONE', 'NONE',  #1124 ) ;
#729 = APPLIED_EXTERNAL_IDENTIFICATION_ASSIGNMENT ( 'LipDemo.STEP' , #339, #672,( #221) ) ;
#730 = CARTESIAN_POINT ( 'NONE',  ( 0.000000000000000000, 0.000000000000000000, 0.000000000000000000 ) ) ;
#731 = SHAPE_DEFINITION_REPRESENTATION ( #903, #632 ) ;
#732 = PROPERTY_DEFINITION ('document property','', #27 ) ;
#733 = APPLIED_DOCUMENT_REFERENCE ( #431,'',( #476) ) ;
#734 = DIRECTION ( 'NONE',  ( 0.000000000000000000, 0.000000000000000000, 1.000000000000000000 ) ) ;
#735 = DIRECTION ( 'NONE',  ( -0.9999447958611555887, -0.01050727967703020405, -4.799979726064968925E-05 ) ) ;
#736 = ROLE_ASSOCIATION ( #737, #259 ) ;
#737 = OBJECT_ROLE ('mandatory',$ ) ;
#738 = PRODUCT_DEFINITION_CONTEXT ( 'detailed design', #1434, 'design' ) ;
#739 = DIRECTION ( 'NONE',  ( 0.006527761178776948087, -0.6176338807212313764, -0.7864386674873156124 ) ) ;
#740 = APPLICATION_PROTOCOL_DEFINITION ( 'draft international standard', 'automotive_design', 1998, #1727 ) ;
#741 = DIRECTION ( 'NONE',  ( 1.000000000000000000, 0.000000000000000000, 0.000000000000000000 ) ) ;
#742 = APPLICATION_CONTEXT ( 'automotive_design' ) ;
#743 = PROPERTY_DEFINITION ('external definition','', #1573 ) ;
#744 = DIRECTION ( 'NONE',  ( 4.799979726085143894E-05, -0.009136041333456502989, 0.9999582643514542957 ) ) ;
#745 = PRODUCT ( 'Jaw holder', 'Jaw holder', '', ( #1055 ) ) ;
#746 = APPLIED_DOCUMENT_REFERENCE ( #1195,'',( #1589) ) ;
#747 = DIRECTION ( 'NONE',  ( -0.9847617226255981349, -0.008761193560362579708, -0.1736882009201041466 ) ) ;
#748 = EXTERNAL_SOURCE (IDENTIFIER('') ) ;
#749 = APPLICATION_PROTOCOL_DEFINITION ( 'draft international standard', 'automotive_design', 1998, #29 ) ;
#750 = EXTERNAL_SOURCE (IDENTIFIER('') ) ;
#751 =( LENGTH_UNIT ( ) NAMED_UNIT ( * ) SI_UNIT ( .MILLI., .METRE. ) );
#752 = DIRECTION ( 'NONE',  ( 0.008154757152154469904, -0.7731656597228774297, -0.6341516873438698410 ) ) ;
#753 = IDENTIFICATION_ROLE ( 'external document id and location', $) ;
#754 = DOCUMENT_FILE ( 'PTK 7350.STEP' , '', '', #79, '' ,$ ) ;
#755 = AXIS2_PLACEMENT_3D ( 'NONE', #525, #233, #689 ) ;
#756 = ITEM_DEFINED_TRANSFORMATION ( 'NONE', 'NONE', #1322,  #1821 ) ;
#757 = PROPERTY_DEFINITION ('external definition','', #1022 ) ;
#758 = PRODUCT_DEFINITION_SHAPE ( 'NONE', 'NONE',  #1908 ) ;
#759 = APPLICATION_PROTOCOL_DEFINITION ( 'draft international standard', 'automotive_design', 1998, #1462 ) ;
#760 = APPLIED_EXTERNAL_IDENTIFICATION_ASSIGNMENT ( 'PTK 7350.STEP' , #1295, #1842,( #1721) ) ;
#761 =( NAMED_UNIT ( * ) SI_UNIT ( $, .STERADIAN. ) SOLID_ANGLE_UNIT ( ) );
#762 = PRODUCT_DEFINITION_SHAPE ( 'NONE', 'NONE',  #276 ) ;
#763 = APPLICATION_PROTOCOL_DEFINITION ( 'draft international standard', 'automotive_design', 1998, #434 ) ;
#764 = OBJECT_ROLE ('mandatory',$ ) ;
#765 = ROLE_ASSOCIATION ( #1567, #1365 ) ;
#766 = ROLE_ASSOCIATION ( #1353, #9 ) ;
#767 = APPLICATION_CONTEXT ( 'automotive_design' ) ;
#768 = PROPERTY_DEFINITION_REPRESENTATION ( #560, #1233 ) ;
#769 = DIRECTION ( 'NONE',  ( 0.000000000000000000, 0.000000000000000000, 1.000000000000000000 ) ) ;
#770 = APPLICATION_PROTOCOL_DEFINITION ( 'draft international standard', 'automotive_design', 1998, #1185 ) ;
#771 = PRODUCT_DEFINITION ( 'General', '', #1546, #933 ) ;
#772 = PRODUCT_DEFINITION_SHAPE ( 'NONE', 'NONE',  #1958 ) ;
#773 = PROPERTY_DEFINITION_REPRESENTATION ( #240, #1366 ) ;
#774 = EXTERNAL_SOURCE (IDENTIFIER('') ) ;
#775 = PRODUCT_DEFINITION_SHAPE ( 'NONE', 'NONE',  #1930 ) ;
#776 = UNCERTAINTY_MEASURE_WITH_UNIT (LENGTH_MEASURE( 1.000000000000000082E-05 ), #299, 'distance_accuracy_value', 'NONE');
#777 = ROLE_ASSOCIATION ( #1329, #1102 ) ;
#778 = PRODUCT_DEFINITION_SHAPE ( 'NONE', 'NONE',  #489 ) ;
#779 = IDENTIFICATION_ROLE ( 'external document id and location', $) ;
#780 = PROPERTY_DEFINITION_REPRESENTATION ( #438, #1520 ) ;
#781 =( NAMED_UNIT ( * ) PLANE_ANGLE_UNIT ( ) SI_UNIT ( $, .RADIAN. ) );
#782 = CONTEXT_DEPENDENT_SHAPE_REPRESENTATION ( #327, #1331 ) ;
#783 = DIRECTION ( 'NONE',  ( -0.9999447958611555887, -0.01050727967703023874, -4.799979726071530381E-05 ) ) ;
#784 = IDENTIFICATION_ROLE ( 'external document id and location', $) ;
#785 = ITEM_DEFINED_TRANSFORMATION ( 'NONE', 'NONE', #351,  #269 ) ;
#786 = APPLICATION_PROTOCOL_DEFINITION ( 'draft international standard', 'automotive_design', 1998, #1424 ) ;
#787 = EXTERNAL_SOURCE (IDENTIFIER('') ) ;
#788 = PRODUCT_DEFINITION_FORMATION_WITH_SPECIFIED_SOURCE ( 'Symmetric', '', #1820, .NOT_KNOWN. ) ;
#789 = APPLIED_EXTERNAL_IDENTIFICATION_ASSIGNMENT ( 'Fixture-10.STEP' , #951, #1798,( #1521) ) ;
#790 = PROPERTY_DEFINITION ('document property','', #1317 ) ;
#791 = EXTERNAL_SOURCE (IDENTIFIER('') ) ;
#792 = APPLICATION_PROTOCOL_DEFINITION ( 'draft international standard', 'automotive_design', 1998, #1490 ) ;
#793 = APPLIED_EXTERNAL_IDENTIFICATION_ASSIGNMENT ( 'Rod new lip middle up.STEP' , #1180, #234,( #870) ) ;
#794 = PRODUCT ( 'MG90 Servo', 'MG90 Servo', '', ( #1664 ) ) ;
#795 = CONTEXT_DEPENDENT_SHAPE_REPRESENTATION ( #1697, #566 ) ;
#796 = DIRECTION ( 'NONE',  ( -0.9999447958611556997, -0.01050727967702969924, -4.799979726081003597E-05 ) ) ;
#797 = UNCERTAINTY_MEASURE_WITH_UNIT (LENGTH_MEASURE( 1.000000000000000082E-05 ), #1352, 'distance_accuracy_value', 'NONE');
#798 = DOCUMENT_FILE ( 'JawRod-180.STEP' , '', '', #1393, '' ,$ ) ;
#799 = PRODUCT_RELATED_PRODUCT_CATEGORY ( 'part', '', ( #441 ) ) ;
#800 = PROPERTY_DEFINITION_REPRESENTATION ( #1323, #1717 ) ;
#801 = IDENTIFICATION_ROLE ( 'external document id and location', $) ;
#802 = PROPERTY_DEFINITION_REPRESENTATION ( #1459, #1366 ) ;
#803 = DIRECTION ( 'NONE',  ( 0.01050727967702982588, -0.9999030602126097733, -0.009136041333454783878 ) ) ;
#804 =( GEOMETRIC_REPRESENTATION_CONTEXT ( 3 ) GLOBAL_UNCERTAINTY_ASSIGNED_CONTEXT ( ( #1509 ) ) GLOBAL_UNIT_ASSIGNED_CONTEXT ( ( #1336, #1611, #103 ) ) REPRESENTATION_CONTEXT ( 'NONE', 'WORKASPACE' ) );
#805 = PROPERTY_DEFINITION ('document property','', #1455 ) ;
#806 = CARTESIAN_POINT ( 'NONE',  ( 0.000000000000000000, 0.000000000000000000, 0.000000000000000000 ) ) ;
#807 = EXTERNAL_SOURCE (IDENTIFIER('') ) ;
#808 = CONTEXT_DEPENDENT_SHAPE_REPRESENTATION ( #1815, #254 ) ;
#809 = CARTESIAN_POINT ( 'NONE',  ( 58.51237196591332435, 96.49233421075003037, 149.2024198870369105 ) ) ;
#810 = OBJECT_ROLE ('mandatory',$ ) ;
#811 = DOCUMENT_FILE ( 'Rod jaw right left.STEP' , '', '', #1886, '' ,$ ) ;
#812 =( GEOMETRIC_REPRESENTATION_CONTEXT ( 3 ) GLOBAL_UNCERTAINTY_ASSIGNED_CONTEXT ( ( #1330 ) ) GLOBAL_UNIT_ASSIGNED_CONTEXT ( ( #403, #851, #553 ) ) REPRESENTATION_CONTEXT ( 'NONE', 'WORKASPACE' ) );
#813 = APPLIED_DOCUMENT_REFERENCE ( #1676,'',( #476) ) ;
#814 =( REPRESENTATION_RELATIONSHIP ('NONE','NONE', #563, #1507 ) REPRESENTATION_RELATIONSHIP_WITH_TRANSFORMATION ( #1257 )SHAPE_REPRESENTATION_RELATIONSHIP( ) );
#815 =( GEOMETRIC_REPRESENTATION_CONTEXT ( 3 ) GLOBAL_UNCERTAINTY_ASSIGNED_CONTEXT ( ( #472 ) ) GLOBAL_UNIT_ASSIGNED_CONTEXT ( ( #1728, #376, #75 ) ) REPRESENTATION_CONTEXT ( 'NONE', 'WORKASPACE' ) );
#816 = PRODUCT_DEFINITION_FORMATION_WITH_SPECIFIED_SOURCE ( 'Symmetric', '', #1678, .NOT_KNOWN. ) ;
#817 = PRODUCT_DEFINITION_SHAPE ( 'NONE', 'NONE',  #1962 ) ;
#818 = APPLIED_EXTERNAL_IDENTIFICATION_ASSIGNMENT ( 'JawRod-180.STEP' , #1592, #1231,( #798) ) ;
#819 = APPLIED_DOCUMENT_REFERENCE ( #221,'',( #1750) ) ;
#820 = APPLIED_EXTERNAL_IDENTIFICATION_ASSIGNMENT ( 'Rod new lip side.STEP' , #461, #336,( #1072) ) ;
#821 = DIRECTION ( 'NONE',  ( 0.005165831440575280320, -0.4955836716552665666, 0.8685448397027136780 ) ) ;
#822 = EXTERNAL_SOURCE (IDENTIFIER('') ) ;
#823 = PRODUCT_DEFINITION_SHAPE ( 'NONE', 'NONE',  #1922 ) ;
#824 = EXTERNAL_SOURCE (IDENTIFIER('') ) ;
#825 = APPLIED_DOCUMENT_REFERENCE ( #1894,'',( #503) ) ;
#826 = OBJECT_ROLE ('mandatory',$ ) ;
#827 = PRODUCT_DEFINITION_SHAPE ( 'NONE', 'NONE',  #1952 ) ;
#828 = APPLIED_DOCUMENT_REFERENCE ( #959,'',( #476) ) ;
#829 = PRODUCT_RELATED_PRODUCT_CATEGORY ( 'part', '', ( #22 ) ) ;
#830 = CARTESIAN_POINT ( 'NONE',  ( 77.40334773638076626, 103.1213147802481132, 238.2892752078463161 ) ) ;
#831 = APPLIED_DOCUMENT_REFERENCE ( #1714,'',( #1259) ) ;
#832 = PRODUCT ( 'Servo holder - Mouth 3', 'Servo holder - Mouth 3', '', ( #1659 ) ) ;
#833 = PROPERTY_DEFINITION_REPRESENTATION ( #1641, #1840 ) ;
#834 = PROPERTY_DEFINITION ('document property','', #120 ) ;
#835 = DOCUMENT_TYPE ( 'geometry' ) ;
#836 = PROPERTY_DEFINITION ('external definition','', #811 ) ;
#837 = EXTERNAL_SOURCE (IDENTIFIER('') ) ;
#838 = ROLE_ASSOCIATION ( #860, #1552 ) ;
#839 = DIRECTION ( 'NONE',  ( -0.0004466106405547558928, 0.04706571062128712957, -0.9988916955419385735 ) ) ;
#840 = ROLE_ASSOCIATION ( #268, #539 ) ;
#841 = CONTEXT_DEPENDENT_SHAPE_REPRESENTATION ( #1056, #1751 ) ;
#842 =( REPRESENTATION_RELATIONSHIP ('NONE','NONE', #563, #1312 ) REPRESENTATION_RELATIONSHIP_WITH_TRANSFORMATION ( #1083 )SHAPE_REPRESENTATION_RELATIONSHIP( ) );
#843 = AXIS2_PLACEMENT_3D ( 'NONE', #896, #803, #342 ) ;
#844 = DIRECTION ( 'NONE',  ( 0.000000000000000000, 0.000000000000000000, 1.000000000000000000 ) ) ;
#845 = AXIS2_PLACEMENT_3D ( 'NONE', #711, #267, #735 ) ;
#846 = APPLIED_DOCUMENT_REFERENCE ( #1770,'',( #503) ) ;
#847 =( REPRESENTATION_RELATIONSHIP ('NONE','NONE', #563, #1366 ) REPRESENTATION_RELATIONSHIP_WITH_TRANSFORMATION ( #1449 )SHAPE_REPRESENTATION_RELATIONSHIP( ) );
#848 = CARTESIAN_POINT ( 'NONE',  ( 0.000000000000000000, 0.000000000000000000, 0.000000000000000000 ) ) ;
#849 = PRODUCT_DEFINITION_SHAPE ( 'NONE', 'NONE',  #1907 ) ;
#850 = DIRECTION ( 'NONE',  ( -0.5400489412456009886, 0.3859807202315694852, -0.7479077648139670353 ) ) ;
#851 =( NAMED_UNIT ( * ) PLANE_ANGLE_UNIT ( ) SI_UNIT ( $, .RADIAN. ) );
#852 = APPLIED_EXTERNAL_IDENTIFICATION_ASSIGNMENT ( 'TeethDown.STEP' , #889, #824,( #1559) ) ;
#853 = PROPERTY_DEFINITION_REPRESENTATION ( #694, #1366 ) ;
#854 = OBJECT_ROLE ('mandatory',$ ) ;
#855 = PRODUCT_CONTEXT ( 'NONE', #37, 'mechanical' ) ;
#856 = PROPERTY_DEFINITION ('document property','', #1357 ) ;
#857 = APPLIED_DOCUMENT_REFERENCE ( #1870,'',( #1032) ) ;
#858 = PRODUCT_DEFINITION ( 'General', '', #192, #1068 ) ;
#859 = ITEM_DEFINED_TRANSFORMATION ( 'NONE', 'NONE', #1139,  #269 ) ;
#860 = OBJECT_ROLE ('mandatory',$ ) ;
#861 = PROPERTY_DEFINITION_REPRESENTATION ( #1435, #1177 ) ;
#862 = ITEM_DEFINED_TRANSFORMATION ( 'NONE', 'NONE', #1103,  #78 ) ;
#863 = PROPERTY_DEFINITION ('external definition','', #1870 ) ;
#864 = PRODUCT_CONTEXT ( 'NONE', #1251, 'mechanical' ) ;
#865 =( GEOMETRIC_REPRESENTATION_CONTEXT ( 3 ) GLOBAL_UNCERTAINTY_ASSIGNED_CONTEXT ( ( #1173 ) ) GLOBAL_UNIT_ASSIGNED_CONTEXT ( ( #1159, #111, #198 ) ) REPRESENTATION_CONTEXT ( 'NONE', 'WORKASPACE' ) );
#866 = PROPERTY_DEFINITION_REPRESENTATION ( #757, #1366 ) ;
#867 =( LENGTH_UNIT ( ) NAMED_UNIT ( * ) SI_UNIT ( .MILLI., .METRE. ) );
#868 = CARTESIAN_POINT ( 'NONE',  ( 74.28702533060769042, 60.11883472199433243, 188.4701565948463724 ) ) ;
#869 = PRODUCT_DEFINITION_SHAPE ( 'NONE', 'NONE',  #1942 ) ;
#870 = DOCUMENT_FILE ( 'Rod new lip middle up.STEP' , '', '', #635, '' ,$ ) ;
#871 = EXTERNAL_SOURCE (IDENTIFIER('') ) ;
#872 = UNCERTAINTY_MEASURE_WITH_UNIT (LENGTH_MEASURE( 1.000000000000000082E-05 ), #84, 'distance_accuracy_value', 'NONE');
#873 =( LENGTH_UNIT ( ) NAMED_UNIT ( * ) SI_UNIT ( .MILLI., .METRE. ) );
#874 = APPLICATION_PROTOCOL_DEFINITION ( 'draft international standard', 'automotive_design', 1998, #1275 ) ;
#875 = PROPERTY_DEFINITION_REPRESENTATION ( #1719, #1233 ) ;
#876 = DIRECTION ( 'NONE',  ( -0.9999447958611555887, -0.01050727967702958128, -4.799979726075659836E-05 ) ) ;
#877 = AXIS2_PLACEMENT_3D ( 'NONE', #1148, #245, #1444 ) ;
#878 = PROPERTY_DEFINITION_REPRESENTATION ( #1390, #1177 ) ;
#879 = AXIS2_PLACEMENT_3D ( 'NONE', #366, #1560, #1132 ) ;
#880 = PROPERTY_DEFINITION ('document property','', #1074 ) ;
#881 = PRODUCT_DEFINITION_SHAPE ( 'NONE', 'NONE',  #1911 ) ;
#882 = ITEM_DEFINED_TRANSFORMATION ( 'NONE', 'NONE', #1602,  #1128 ) ;
#883 = PRODUCT_DEFINITION_SHAPE ( 'NONE', 'NONE',  #858 ) ;
#884 = OBJECT_ROLE ('mandatory',$ ) ;
#885 = CARTESIAN_POINT ( 'NONE',  ( 132.0718280926687669, 49.29497273823704262, 227.5380327286631541 ) ) ;
#886 = OBJECT_ROLE ('mandatory',$ ) ;
#887 = SHAPE_DEFINITION_REPRESENTATION ( #127, #1233 ) ;
#888 =( LENGTH_UNIT ( ) NAMED_UNIT ( * ) SI_UNIT ( .MILLI., .METRE. ) );
#889 = IDENTIFICATION_ROLE ( 'external document id and location', $) ;
#890 = ROLE_ASSOCIATION ( #68, #246 ) ;
#891 = CARTESIAN_POINT ( 'NONE',  ( 96.44150779512048643, 118.3122215808824649, 243.8802389916364461 ) ) ;
#892 = OBJECT_ROLE ('mandatory',$ ) ;
#893 = PROPERTY_DEFINITION_REPRESENTATION ( #337, #1233 ) ;
#894 = PRODUCT_DEFINITION_CONTEXT ( 'detailed design', #1239, 'design' ) ;
#895 = APPLIED_DOCUMENT_REFERENCE ( #1763,'',( #858) ) ;
#896 = CARTESIAN_POINT ( 'NONE',  ( 107.1805338734544506, 98.84679463333762328, 231.2125676360465434 ) ) ;
#897 = PRODUCT_CONTEXT ( 'NONE', #510, 'mechanical' ) ;
#898 =( NAMED_UNIT ( * ) SI_UNIT ( $, .STERADIAN. ) SOLID_ANGLE_UNIT ( ) );
#899 =( NAMED_UNIT ( * ) SI_UNIT ( $, .STERADIAN. ) SOLID_ANGLE_UNIT ( ) );
#900 = PRODUCT_DEFINITION_SHAPE ( 'NONE', 'NONE',  #1909 ) ;
#901 = CARTESIAN_POINT ( 'NONE',  ( 150.6292290568621581, 127.3449083291558992, 149.4798802689505237 ) ) ;
#902 =( REPRESENTATION_RELATIONSHIP ('NONE','NONE', #563, #86 ) REPRESENTATION_RELATIONSHIP_WITH_TRANSFORMATION ( #218 )SHAPE_REPRESENTATION_RELATIONSHIP( ) );
#903 = PRODUCT_DEFINITION_SHAPE ( 'NONE', 'NONE',  #973 ) ;
#904 = DOCUMENT_TYPE ( 'geometry' ) ;
#905 = ITEM_DEFINED_TRANSFORMATION ( 'NONE', 'NONE', #1263,  #1034 ) ;
#906 = APPLICATION_CONTEXT ( 'automotive_design' ) ;
#907 = APPLICATION_PROTOCOL_DEFINITION ( 'draft international standard', 'automotive_design', 1998, #1679 ) ;
#908 = PRODUCT_CONTEXT ( 'NONE', #42, 'mechanical' ) ;
#909 = CONTEXT_DEPENDENT_SHAPE_REPRESENTATION ( #1875, #1325 ) ;
#910 = OBJECT_ROLE ('mandatory',$ ) ;
#911 = AXIS2_PLACEMENT_3D ( 'NONE', #720, #121, #1160 ) ;
#912 = ITEM_DEFINED_TRANSFORMATION ( 'NONE', 'NONE', #462,  #1128 ) ;
#913 = IDENTIFICATION_ROLE ( 'external document id and location', $) ;
#914 = PRODUCT_DEFINITION_FORMATION_WITH_SPECIFIED_SOURCE ( 'Symmetric', '', #991, .NOT_KNOWN. ) ;
#915 = PRODUCT_DEFINITION_SHAPE ( 'NONE', 'NONE',  #1925 ) ;
#916 = ROLE_ASSOCIATION ( #1587, #1218 ) ;
#917 = AXIS2_PLACEMENT_3D ( 'NONE', #1473, #1024, #1201 ) ;
#918 = PRODUCT_DEFINITION_SHAPE ( 'NONE', 'NONE',  #1140 ) ;
#919 =( NAMED_UNIT ( * ) PLANE_ANGLE_UNIT ( ) SI_UNIT ( $, .RADIAN. ) );
#920 = APPLICATION_PROTOCOL_DEFINITION ( 'draft international standard', 'automotive_design', 1998, #601 ) ;
#921 = APPLIED_DOCUMENT_REFERENCE ( #1066,'',( #476) ) ;
#922 = EXTERNAL_SOURCE (IDENTIFIER('') ) ;
#923 = APPLIED_DOCUMENT_REFERENCE ( #1094,'',( #503) ) ;
#924 = PROPERTY_DEFINITION_REPRESENTATION ( #410, #1507 ) ;
#925 = IDENTIFICATION_ROLE ( 'external document id and location', $) ;
#926 = CARTESIAN_POINT ( 'NONE',  ( 0.000000000000000000, 0.000000000000000000, 0.000000000000000000 ) ) ;
#927 = IDENTIFICATION_ROLE ( 'external document id and location', $) ;
#928 = PRODUCT_CONTEXT ( 'NONE', #641, 'mechanical' ) ;
#929 = ITEM_DEFINED_TRANSFORMATION ( 'NONE', 'NONE', #723,  #588 ) ;
#930 = DIRECTION ( 'NONE',  ( 0.9999447958611555887, 0.01050727967703032721, 4.799979726086691593E-05 ) ) ;
#931 =( GEOMETRIC_REPRESENTATION_CONTEXT ( 3 ) GLOBAL_UNCERTAINTY_ASSIGNED_CONTEXT ( ( #1666 ) ) GLOBAL_UNIT_ASSIGNED_CONTEXT ( ( #1190, #1001, #311 ) ) REPRESENTATION_CONTEXT ( 'NONE', 'WORKASPACE' ) );
#932 = PROPERTY_DEFINITION ('document property','', #1570 ) ;
#933 = PRODUCT_DEFINITION_CONTEXT ( 'detailed design', #1175, 'design' ) ;
#934 = PRODUCT ( 'TeethDown', 'TeethDown', '', ( #165 ) ) ;
#935 = SHAPE_DEFINITION_REPRESENTATION ( #266, #1507 ) ;
#936 =( REPRESENTATION_RELATIONSHIP ('NONE','NONE', #563, #232 ) REPRESENTATION_RELATIONSHIP_WITH_TRANSFORMATION ( #713 )SHAPE_REPRESENTATION_RELATIONSHIP( ) );
#937 = APPLICATION_PROTOCOL_DEFINITION ( 'draft international standard', 'automotive_design', 1998, #190 ) ;
#938 = CONTEXT_DEPENDENT_SHAPE_REPRESENTATION ( #119, #1302 ) ;
#939 = PRODUCT_DEFINITION ( 'General', '', #1643, #1255 ) ;
#940 = DIRECTION ( 'NONE',  ( 0.9999447958611556997, 0.01050727967703032895, 4.799979726082633289E-05 ) ) ;
#941 = AXIS2_PLACEMENT_3D ( 'NONE', #1813, #338, #1063 ) ;
#942 =( GEOMETRIC_REPRESENTATION_CONTEXT ( 3 ) GLOBAL_UNCERTAINTY_ASSIGNED_CONTEXT ( ( #148 ) ) GLOBAL_UNIT_ASSIGNED_CONTEXT ( ( #1531, #1228, #173 ) ) REPRESENTATION_CONTEXT ( 'NONE', 'WORKASPACE' ) );
#943 = APPLICATION_CONTEXT ( 'automotive_design' ) ;
#944 = AXIS2_PLACEMENT_3D ( 'NONE', #622, #636, #1493 ) ;
#945 = PRODUCT_CONTEXT ( 'NONE', #1424, 'mechanical' ) ;
#946 = AXIS2_PLACEMENT_3D ( 'NONE', #665, #519, #217 ) ;
#947 = APPLIED_EXTERNAL_IDENTIFICATION_ASSIGNMENT ( 'Servo holder.STEP' , #647, #1088,( #1763) ) ;
#948 =( NAMED_UNIT ( * ) SI_UNIT ( $, .STERADIAN. ) SOLID_ANGLE_UNIT ( ) );
#949 = PROPERTY_DEFINITION ('external definition','', #1510 ) ;
#950 = APPLIED_EXTERNAL_IDENTIFICATION_ASSIGNMENT ( 'TeethUp.STEP' , #1062, #1801,( #1692) ) ;
#951 = IDENTIFICATION_ROLE ( 'external document id and location', $) ;
#952 = ROLE_ASSOCIATION ( #552, #1580 ) ;
#953 = CARTESIAN_POINT ( 'NONE',  ( 151.6964934489212169, 105.9638145544616350, 171.1659521104382975 ) ) ;
#954 = EXTERNAL_SOURCE (IDENTIFIER('') ) ;
#955 = PRODUCT_DEFINITION_CONTEXT ( 'detailed design', #229, 'design' ) ;
#956 = APPLIED_DOCUMENT_REFERENCE ( #1754,'',( #503) ) ;
#957 = DOCUMENT_FILE ( 'Jaw holder.STEP' , '', '', #597, '' ,$ ) ;
#958 =( REPRESENTATION_RELATIONSHIP ('NONE','NONE', #563, #1840 ) REPRESENTATION_RELATIONSHIP_WITH_TRANSFORMATION ( #1564 )SHAPE_REPRESENTATION_RELATIONSHIP( ) );
#959 = DOCUMENT_FILE ( 'PTK 7350.STEP' , '', '', #1632, '' ,$ ) ;
#960 = DIRECTION ( 'NONE',  ( 0.1945012605430330166, 0.9218195708688396994, 0.3352878441136199483 ) ) ;
#961 = PROPERTY_DEFINITION ('document property','', #1770 ) ;
#962 = PROPERTY_DEFINITION_REPRESENTATION ( #1883, #232 ) ;
#963 = IDENTIFICATION_ROLE ( 'external document id and location', $) ;
#964 = PROPERTY_DEFINITION ('document property','', #1072 ) ;
#965 = ITEM_DEFINED_TRANSFORMATION ( 'NONE', 'NONE', #497,  #1662 ) ;
#966 = DIRECTION ( 'NONE',  ( 1.000000000000000000, 0.000000000000000000, 0.000000000000000000 ) ) ;
#967 = CONTEXT_DEPENDENT_SHAPE_REPRESENTATION ( #1284, #1319 ) ;
#968 = DIRECTION ( 'NONE',  ( -0.5731789305385756039, -0.04458070110423521110, 0.8182166428738231190 ) ) ;
#969 = ROLE_ASSOCIATION ( #202, #673 ) ;
#970 = CONTEXT_DEPENDENT_SHAPE_REPRESENTATION ( #1665, #758 ) ;
#971 =( REPRESENTATION_RELATIONSHIP ('NONE','NONE', #563, #1366 ) REPRESENTATION_RELATIONSHIP_WITH_TRANSFORMATION ( #664 )SHAPE_REPRESENTATION_RELATIONSHIP( ) );
#972 =( GEOMETRIC_REPRESENTATION_CONTEXT ( 3 ) GLOBAL_UNCERTAINTY_ASSIGNED_CONTEXT ( ( #169 ) ) GLOBAL_UNIT_ASSIGNED_CONTEXT ( ( #1749, #977, #1645 ) ) REPRESENTATION_CONTEXT ( 'NONE', 'WORKASPACE' ) );
#973 = PRODUCT_DEFINITION ( 'General', '', #437, #1848 ) ;
#974 = AXIS2_PLACEMENT_3D ( 'NONE', #1439, #821, #1873 ) ;
#975 =( NAMED_UNIT ( * ) PLANE_ANGLE_UNIT ( ) SI_UNIT ( $, .RADIAN. ) );
#976 = EXTERNAL_SOURCE (IDENTIFIER('') ) ;
#977 =( NAMED_UNIT ( * ) PLANE_ANGLE_UNIT ( ) SI_UNIT ( $, .RADIAN. ) );
#978 = DOCUMENT_FILE ( 'PTK 7350.STEP' , '', '', #660, '' ,$ ) ;
#979 = ITEM_DEFINED_TRANSFORMATION ( 'NONE', 'NONE', #157,  #308 ) ;
#980 = CARTESIAN_POINT ( 'NONE',  ( 47.72196956139450918, 100.3193209831592725, 190.2765814539636153 ) ) ;
#981 = PROPERTY_DEFINITION ('document property','', #1094 ) ;
#982 = PROPERTY_DEFINITION_REPRESENTATION ( #1549, #1850 ) ;
#983 = PROPERTY_DEFINITION_REPRESENTATION ( #1606, #1366 ) ;
#984 = PROPERTY_DEFINITION ('external definition','', #959 ) ;
#985 = OBJECT_ROLE ('mandatory',$ ) ;
#986 = ITEM_DEFINED_TRANSFORMATION ( 'NONE', 'NONE', #1480,  #269 ) ;
#987 =( REPRESENTATION_RELATIONSHIP ('NONE','NONE', #563, #1366 ) REPRESENTATION_RELATIONSHIP_WITH_TRANSFORMATION ( #378 )SHAPE_REPRESENTATION_RELATIONSHIP( ) );
#988 = CARTESIAN_POINT ( 'NONE',  ( 107.8210595352775840, 103.4027881257917016, 144.9052665999810472 ) ) ;
#989 = ROLE_ASSOCIATION ( #565, #1867 ) ;
#990 = DOCUMENT_TYPE ( 'geometry' ) ;
#991 = PRODUCT ( 'Servo Head PTK7350', 'Servo Head PTK7350', '', ( #864 ) ) ;
#992 = CARTESIAN_POINT ( 'NONE',  ( 0.000000000000000000, 0.000000000000000000, 0.000000000000000000 ) ) ;
#993 =( GEOMETRIC_REPRESENTATION_CONTEXT ( 3 ) GLOBAL_UNCERTAINTY_ASSIGNED_CONTEXT ( ( #465 ) ) GLOBAL_UNIT_ASSIGNED_CONTEXT ( ( #1831, #321, #609 ) ) REPRESENTATION_CONTEXT ( 'NONE', 'WORKASPACE' ) );
#994 = PROPERTY_DEFINITION ('external definition','', #1682 ) ;
#995 = CARTESIAN_POINT ( 'NONE',  ( 144.2247325821642221, 89.98397330008324957, 176.6151712023686287 ) ) ;
#996 = EXTERNAL_SOURCE (IDENTIFIER('') ) ;
#997 = PRODUCT_RELATED_PRODUCT_CATEGORY ( 'part', '', ( #745 ) ) ;
#998 = APPLIED_DOCUMENT_REFERENCE ( #589,'',( #476) ) ;
#999 = AXIS2_PLACEMENT_3D ( 'NONE', #1447, #769, #3 ) ;
#1000 = PRODUCT_DEFINITION_FORMATION_WITH_SPECIFIED_SOURCE ( 'Symmetric', '', #167, .NOT_KNOWN. ) ;
#1001 =( NAMED_UNIT ( * ) PLANE_ANGLE_UNIT ( ) SI_UNIT ( $, .RADIAN. ) );
#1002 = PRODUCT_DEFINITION_SHAPE ( 'NONE', 'NONE',  #1901 ) ;
#1003 = APPLIED_EXTERNAL_IDENTIFICATION_ASSIGNMENT ( 'Fixture 6.STEP' , #1539, #1844,( #392) ) ;
#1004 = AXIS2_PLACEMENT_3D ( 'NONE', #1090, #391, #839 ) ;
#1005 = CONTEXT_DEPENDENT_SHAPE_REPRESENTATION ( #971, #417 ) ;
#1006 = OBJECT_ROLE ('mandatory',$ ) ;
#1007 = UNCERTAINTY_MEASURE_WITH_UNIT (LENGTH_MEASURE( 1.000000000000000082E-05 ), #1739, 'distance_accuracy_value', 'NONE');
#1008 = PROPERTY_DEFINITION ('document property','', #1559 ) ;
#1009 = EXTERNAL_SOURCE (IDENTIFIER('') ) ;
#1010 = APPLICATION_PROTOCOL_DEFINITION ( 'draft international standard', 'automotive_design', 1998, #101 ) ;
#1011 = PROPERTY_DEFINITION_REPRESENTATION ( #1704, #1233 ) ;
#1012 = APPLICATION_CONTEXT ( 'automotive_design' ) ;
#1013 = DIRECTION ( 'NONE',  ( 0.9999447958611556997, 0.01050727967703136284, 4.799979726052865163E-05 ) ) ;
#1014 = APPLIED_DOCUMENT_REFERENCE ( #1328,'',( #1140) ) ;
#1015 = PROPERTY_DEFINITION_REPRESENTATION ( #790, #1709 ) ;
#1016 =( NAMED_UNIT ( * ) SI_UNIT ( $, .STERADIAN. ) SOLID_ANGLE_UNIT ( ) );
#1017 =( REPRESENTATION_RELATIONSHIP ('NONE','NONE', #563, #1772 ) REPRESENTATION_RELATIONSHIP_WITH_TRANSFORMATION ( #905 )SHAPE_REPRESENTATION_RELATIONSHIP( ) );
#1018 = PRODUCT_DEFINITION_SHAPE ( 'NONE', 'NONE',  #1802 ) ;
#1019 = APPLICATION_PROTOCOL_DEFINITION ( 'draft international standard', 'automotive_design', 1998, #1879 ) ;
#1020 = OBJECT_ROLE ('mandatory',$ ) ;
#1021 =( GEOMETRIC_REPRESENTATION_CONTEXT ( 3 ) GLOBAL_UNCERTAINTY_ASSIGNED_CONTEXT ( ( #872 ) ) GLOBAL_UNIT_ASSIGNED_CONTEXT ( ( #84, #1871, #653 ) ) REPRESENTATION_CONTEXT ( 'NONE', 'WORKASPACE' ) );
#1022 = DOCUMENT_FILE ( 'PTK 7350.STEP' , '', '', #1888, '' ,$ ) ;
#1023 = DIRECTION ( 'NONE',  ( 1.000000000000000000, 0.000000000000000000, 0.000000000000000000 ) ) ;
#1024 = DIRECTION ( 'NONE',  ( 0.01050365847090625575, -0.9994575927489840472, -0.03121207226591615758 ) ) ;
#1025 = PROPERTY_DEFINITION ('document property','', #1066 ) ;
#1026 = IDENTIFICATION_ROLE ( 'external document id and location', $) ;
#1027 = ROLE_ASSOCIATION ( #910, #1014 ) ;
#1028 = PRODUCT_DEFINITION_CONTEXT ( 'detailed design', #360, 'design' ) ;
#1029 = DIRECTION ( 'NONE',  ( 1.000000000000000000, 0.000000000000000000, 0.000000000000000000 ) ) ;
#1030 = APPLICATION_PROTOCOL_DEFINITION ( 'draft international standard', 'automotive_design', 1998, #510 ) ;
#1031 =( NAMED_UNIT ( * ) SI_UNIT ( $, .STERADIAN. ) SOLID_ANGLE_UNIT ( ) );
#1032 = PRODUCT_DEFINITION ( 'General', '', #598, #1787 ) ;
#1033 = SHAPE_REPRESENTATION ( 'Fixture 6', ( #1662 ), #1224 ) ;
#1034 = AXIS2_PLACEMENT_3D ( 'NONE', #806, #1597, #424 ) ;
#1035 = DIRECTION ( 'NONE',  ( 0.000000000000000000, 0.000000000000000000, 1.000000000000000000 ) ) ;
#1036 = DIRECTION ( 'NONE',  ( 0.8188506583661492311, 0.03560284219984218013, -0.5729014198975397321 ) ) ;
#1037 =( REPRESENTATION_RELATIONSHIP ('NONE','NONE', #563, #1784 ) REPRESENTATION_RELATIONSHIP_WITH_TRANSFORMATION ( #667 )SHAPE_REPRESENTATION_RELATIONSHIP( ) );
#1038 = PROPERTY_DEFINITION ('document property','', #221 ) ;
#1039 = AXIS2_PLACEMENT_3D ( 'NONE', #717, #1118, #1029 ) ;
#1040 = PROPERTY_DEFINITION_REPRESENTATION ( #1755, #693 ) ;
#1041 = PRODUCT ( 'Jaw', 'Jaw', '', ( #945 ) ) ;
#1042 = DOCUMENT_TYPE ( 'geometry' ) ;
#1043 = PRODUCT_DEFINITION_FORMATION_WITH_SPECIFIED_SOURCE ( 'Symmetric', '', #1041, .NOT_KNOWN. ) ;
#1044 = PROPERTY_DEFINITION_REPRESENTATION ( #1057, #1577 ) ;
#1045 = PRODUCT_DEFINITION_SHAPE ( 'NONE', 'NONE',  #1644 ) ;
#1046 = UNCERTAINTY_MEASURE_WITH_UNIT (LENGTH_MEASURE( 1.000000000000000082E-05 ), #55, 'distance_accuracy_value', 'NONE');
#1047 = CARTESIAN_POINT ( 'NONE',  ( 110.0844701214495416, 105.0172672233058506, 183.1215028838279864 ) ) ;
#1048 = APPLICATION_CONTEXT ( 'automotive_design' ) ;
#1049 = APPLICATION_PROTOCOL_DEFINITION ( 'draft international standard', 'automotive_design', 1998, #1574 ) ;
#1050 = DIRECTION ( 'NONE',  ( 0.9999447958611555887, 0.01050727967703032721, 4.799979726086925374E-05 ) ) ;
#1051 = PROPERTY_DEFINITION_REPRESENTATION ( #1156, #1233 ) ;
#1052 = DOCUMENT_TYPE ( 'geometry' ) ;
#1053 = PRODUCT_DEFINITION_CONTEXT ( 'detailed design', #556, 'design' ) ;
#1054 = EXTERNAL_SOURCE (IDENTIFIER('') ) ;
#1055 = PRODUCT_CONTEXT ( 'NONE', #906, 'mechanical' ) ;
#1056 =( REPRESENTATION_RELATIONSHIP ('NONE','NONE', #563, #1233 ) REPRESENTATION_RELATIONSHIP_WITH_TRANSFORMATION ( #657 )SHAPE_REPRESENTATION_RELATIONSHIP( ) );
#1057 = PROPERTY_DEFINITION ('external definition','', #1615 ) ;
#1058 = PRODUCT_CONTEXT ( 'NONE', #1380, 'mechanical' ) ;
#1059 = PROPERTY_DEFINITION_REPRESENTATION ( #1470, #1101 ) ;
#1060 = PRODUCT_RELATED_PRODUCT_CATEGORY ( 'part', '', ( #1855 ) ) ;
#1061 = DOCUMENT_FILE ( 'PTK 7350.STEP' , '', '', #904, '' ,$ ) ;
#1062 = IDENTIFICATION_ROLE ( 'external document id and location', $) ;
#1063 = DIRECTION ( 'NONE',  ( 1.000000000000000000, 0.000000000000000000, 0.000000000000000000 ) ) ;
#1064 = APPLICATION_PROTOCOL_DEFINITION ( 'draft international standard', 'automotive_design', 1998, #687 ) ;
#1065 = AXIS2_PLACEMENT_3D ( 'NONE', #1378, #1086, #227 ) ;
#1066 = DOCUMENT_FILE ( 'PTK 7350.STEP' , '', '', #1710, '' ,$ ) ;
#1067 = APPLIED_EXTERNAL_IDENTIFICATION_ASSIGNMENT ( 'Jaw.STEP' , #143, #1494,( #1074) ) ;
#1068 = PRODUCT_DEFINITION_CONTEXT ( 'detailed design', #29, 'design' ) ;
#1069 = EXTERNAL_SOURCE (IDENTIFIER('') ) ;
#1070 = PROPERTY_DEFINITION ('document property','', #431 ) ;
#1071 = PRODUCT_DEFINITION_FORMATION_WITH_SPECIFIED_SOURCE ( 'Symmetric', '', #487, .NOT_KNOWN. ) ;
#1072 = DOCUMENT_FILE ( 'Rod new lip side.STEP' , '', '', #396, '' ,$ ) ;
#1073 = PROPERTY_DEFINITION ('document property','', #656 ) ;
#1074 = DOCUMENT_FILE ( 'Jaw.STEP' , '', '', #449, '' ,$ ) ;
#1075 = APPLIED_EXTERNAL_IDENTIFICATION_ASSIGNMENT ( 'PTK 7350.STEP' , #913, #1009,( #431) ) ;
#1076 = PRODUCT_DEFINITION_SHAPE ( 'NONE', 'NONE',  #71 ) ;
#1077 = EXTERNAL_SOURCE (IDENTIFIER('') ) ;
#1078 = DIRECTION ( 'NONE',  ( 0.000000000000000000, 0.000000000000000000, 1.000000000000000000 ) ) ;
#1079 = SHAPE_DEFINITION_REPRESENTATION ( #76, #1101 ) ;
#1080 =( REPRESENTATION_RELATIONSHIP ('NONE','NONE', #563, #1233 ) REPRESENTATION_RELATIONSHIP_WITH_TRANSFORMATION ( #1610 )SHAPE_REPRESENTATION_RELATIONSHIP( ) );
#1081 = PROPERTY_DEFINITION_REPRESENTATION ( #100, #1233 ) ;
#1082 = DIRECTION ( 'NONE',  ( 0.1735913209963368953, 0.01082181430518106349, -0.9847583163446202992 ) ) ;
#1083 = ITEM_DEFINED_TRANSFORMATION ( 'NONE', 'NONE', #1004,  #1164 ) ;
#1084 = APPLICATION_CONTEXT ( 'automotive_design' ) ;
#1085 = APPLIED_DOCUMENT_REFERENCE ( #957,'',( #276) ) ;
#1086 = DIRECTION ( 'NONE',  ( 0.000000000000000000, 0.000000000000000000, 1.000000000000000000 ) ) ;
#1087 = PRODUCT_CONTEXT ( 'NONE', #601, 'mechanical' ) ;
#1088 = EXTERNAL_SOURCE (IDENTIFIER('') ) ;
#1089 = ITEM_DEFINED_TRANSFORMATION ( 'NONE', 'NONE', #592,  #1880 ) ;
#1090 = CARTESIAN_POINT ( 'NONE',  ( 62.81191163171853731, 45.12702121311594539, 206.6122067191158749 ) ) ;
#1091 = PRODUCT_DEFINITION_SHAPE ( 'NONE', 'NONE',  #1937 ) ;
#1092 = IDENTIFICATION_ROLE ( 'external document id and location', $) ;
#1093 = PRODUCT_DEFINITION_CONTEXT ( 'detailed design', #1879, 'design' ) ;
#1094 = DOCUMENT_FILE ( 'Servo Head PTK7350.STEP' , '', '', #1258, '' ,$ ) ;
#1095 = PRODUCT_DEFINITION_SHAPE ( 'NONE', 'NONE',  #358 ) ;
#1096 = ROLE_ASSOCIATION ( #1273, #484 ) ;
#1097 = APPLICATION_CONTEXT ( 'automotive_design' ) ;
#1098 = PRODUCT_DEFINITION ( 'General', '', #1864, #1348 ) ;
#1099 = DOCUMENT_FILE ( 'Servo Head PTK7350.STEP' , '', '', #1827, '' ,$ ) ;
#1100 = CARTESIAN_POINT ( 'NONE',  ( 97.81773579909543059, 99.13089424301423946, 244.0792336965115510 ) ) ;
#1101 = SHAPE_REPRESENTATION ( 'TeethUp', ( #1137 ), #32 ) ;
#1102 = APPLIED_DOCUMENT_REFERENCE ( #1521,'',( #445) ) ;
#1103 = AXIS2_PLACEMENT_3D ( 'NONE', #1246, #796, #1342 ) ;
#1104 = DOCUMENT_TYPE ( 'geometry' ) ;
#1105 = AXIS2_PLACEMENT_3D ( 'NONE', #1752, #537, #1150 ) ;
#1106 = ITEM_DEFINED_TRANSFORMATION ( 'NONE', 'NONE', #686,  #21 ) ;
#1107 = PROPERTY_DEFINITION ('document property','', #1022 ) ;
#1108 = PRODUCT_DEFINITION_FORMATION_WITH_SPECIFIED_SOURCE ( 'Symmetric', '', #150, .NOT_KNOWN. ) ;
#1109 =( REPRESENTATION_RELATIONSHIP ('NONE','NONE', #563, #1233 ) REPRESENTATION_RELATIONSHIP_WITH_TRANSFORMATION ( #345 )SHAPE_REPRESENTATION_RELATIONSHIP( ) );
#1110 = APPLIED_EXTERNAL_IDENTIFICATION_ASSIGNMENT ( 'Rod new lip RR.STEP' , #293, #193,( #624) ) ;
#1111 = PROPERTY_DEFINITION ('document property','', #122 ) ;
#1112 = PROPERTY_DEFINITION_REPRESENTATION ( #1385, #1233 ) ;
#1113 = CARTESIAN_POINT ( 'NONE',  ( 138.8192944457993576, 77.05574052060809720, 198.1269106336838206 ) ) ;
#1114 = PRODUCT_DEFINITION ( 'General', '', #1572, #1465 ) ;
#1115 = PROPERTY_DEFINITION_REPRESENTATION ( #836, #172 ) ;
#1116 =( REPRESENTATION_RELATIONSHIP ('NONE','NONE', #563, #1717 ) REPRESENTATION_RELATIONSHIP_WITH_TRANSFORMATION ( #1106 )SHAPE_REPRESENTATION_RELATIONSHIP( ) );
#1117 = IDENTIFICATION_ROLE ( 'external document id and location', $) ;
#1118 = DIRECTION ( 'NONE',  ( 0.000000000000000000, 0.000000000000000000, 1.000000000000000000 ) ) ;
#1119 = OBJECT_ROLE ('mandatory',$ ) ;
#1120 = PROPERTY_DEFINITION_REPRESENTATION ( #1311, #364 ) ;
#1121 = DIRECTION ( 'NONE',  ( 0.0006211817837586074403, -0.9989010520931907999, 0.04686472298336967490 ) ) ;
#1122 = CONTEXT_DEPENDENT_SHAPE_REPRESENTATION ( #1478, #1406 ) ;
#1123 = AXIS2_PLACEMENT_3D ( 'NONE', #265, #734, #405 ) ;
#1124 = PRODUCT_DEFINITION ( 'General', '', #498, #1825 ) ;
#1125 = PROPERTY_DEFINITION ('document property','', #702 ) ;
#1126 = PROPERTY_DEFINITION_REPRESENTATION ( #1343, #1840 ) ;
#1127 = DIRECTION ( 'NONE',  ( 0.000000000000000000, 0.000000000000000000, 1.000000000000000000 ) ) ;
#1128 = AXIS2_PLACEMENT_3D ( 'NONE', #1297, #1411, #966 ) ;
#1129 = OBJECT_ROLE ('mandatory',$ ) ;
#1130 = CONTEXT_DEPENDENT_SHAPE_REPRESENTATION ( #1500, #260 ) ;
#1131 = EXTERNAL_SOURCE (IDENTIFIER('') ) ;
#1132 = DIRECTION ( 'NONE',  ( -0.5193659606344538382, -0.8545164918506895635, -0.007782293327910741985 ) ) ;
#1133 = PROPERTY_DEFINITION_REPRESENTATION ( #51, #1373 ) ;
#1134 = EXTERNAL_SOURCE (IDENTIFIER('') ) ;
#1135 = ITEM_DEFINED_TRANSFORMATION ( 'NONE', 'NONE', #1699,  #1726 ) ;
#1136 =( NAMED_UNIT ( * ) SI_UNIT ( $, .STERADIAN. ) SOLID_ANGLE_UNIT ( ) );
#1137 = AXIS2_PLACEMENT_3D ( 'NONE', #992, #97, #1779 ) ;
#1138 = PROPERTY_DEFINITION ('document property','', #1634 ) ;
#1139 = AXIS2_PLACEMENT_3D ( 'NONE', #1314, #155, #1355 ) ;
#1140 = PRODUCT_DEFINITION ( 'General', '', #816, #1703 ) ;
#1141 = APPLIED_EXTERNAL_IDENTIFICATION_ASSIGNMENT ( 'Jaw holder.STEP' , #12, #1558,( #1634) ) ;
#1142 = APPLIED_EXTERNAL_IDENTIFICATION_ASSIGNMENT ( 'Lip Holder.STEP' , #407, #1860,( #1510) ) ;
#1143 = DIRECTION ( 'NONE',  ( 0.9045447821954165635, -0.4263604374583375156, -0.003938828935311154168 ) ) ;
#1144 = PRODUCT_DEFINITION_SHAPE ( 'NONE', 'NONE',  #1938 ) ;
#1145 = OBJECT_ROLE ('mandatory',$ ) ;
#1146 = PROPERTY_DEFINITION_REPRESENTATION ( #1744, #1850 ) ;
#1147 = APPLIED_DOCUMENT_REFERENCE ( #534,'',( #1383) ) ;
#1148 = CARTESIAN_POINT ( 'NONE',  ( 105.2141373187479729, 55.14721392624463192, 216.2531433599495756 ) ) ;
#1149 = APPLICATION_CONTEXT ( 'automotive_design' ) ;
#1150 = DIRECTION ( 'NONE',  ( 0.5540934869614881908, -0.2632195965158662387, -0.7897441685235058184 ) ) ;
#1151 = PROPERTY_DEFINITION_REPRESENTATION ( #676, #86 ) ;
#1152 = PRODUCT_DEFINITION_SHAPE ( 'NONE', 'NONE',  #1905 ) ;
#1153 = EXTERNAL_SOURCE (IDENTIFIER('') ) ;
#1154 = APPLIED_DOCUMENT_REFERENCE ( #1573,'',( #324) ) ;
#1155 =( NAMED_UNIT ( * ) PLANE_ANGLE_UNIT ( ) SI_UNIT ( $, .RADIAN. ) );
#1156 = PROPERTY_DEFINITION ('document property','', #1381 ) ;
#1157 = ROLE_ASSOCIATION ( #1316, #1519 ) ;
#1158 = IDENTIFICATION_ROLE ( 'external document id and location', $) ;
#1159 =( LENGTH_UNIT ( ) NAMED_UNIT ( * ) SI_UNIT ( .MILLI., .METRE. ) );
#1160 = DIRECTION ( 'NONE',  ( 0.01041850428950242061, -0.9908826965983756896, -0.1343239976709333372 ) ) ;
#1161 = PROPERTY_DEFINITION_REPRESENTATION ( #1561, #232 ) ;
#1162 = EXTERNAL_SOURCE (IDENTIFIER('') ) ;
#1163 = ROLE_ASSOCIATION ( #718, #551 ) ;
#1164 = AXIS2_PLACEMENT_3D ( 'NONE', #130, #309, #1669 ) ;
#1165 = IDENTIFICATION_ROLE ( 'external document id and location', $) ;
#1166 = APPLIED_EXTERNAL_IDENTIFICATION_ASSIGNMENT ( 'Servo Head PTK7350.STEP' , #10, #709,( #1770) ) ;
#1167 = AXIS2_PLACEMENT_3D ( 'NONE', #1805, #426, #279 ) ;
#1168 = CONTEXT_DEPENDENT_SHAPE_REPRESENTATION ( #1080, #114 ) ;
#1169 = PROPERTY_DEFINITION ('external definition','', #1317 ) ;
#1170 = PRODUCT_DEFINITION_FORMATION_WITH_SPECIFIED_SOURCE ( 'Symmetric', '', #832, .NOT_KNOWN. ) ;
#1171 =( NAMED_UNIT ( * ) PLANE_ANGLE_UNIT ( ) SI_UNIT ( $, .RADIAN. ) );
#1172 = PROPERTY_DEFINITION_REPRESENTATION ( #964, #232 ) ;
#1173 = UNCERTAINTY_MEASURE_WITH_UNIT (LENGTH_MEASURE( 1.000000000000000082E-05 ), #1159, 'distance_accuracy_value', 'NONE');
#1174 = PROPERTY_DEFINITION ('document property','', #1692 ) ;
#1175 = APPLICATION_CONTEXT ( 'automotive_design' ) ;
#1176 = APPLICATION_PROTOCOL_DEFINITION ( 'draft international standard', 'automotive_design', 1998, #906 ) ;
#1177 = SHAPE_REPRESENTATION ( 'Rod new lip middle up', ( #1294 ), #815 ) ;
#1178 = ROLE_ASSOCIATION ( #375, #846 ) ;
#1179 = DIRECTION ( 'NONE',  ( -0.5540934869614811964, 0.2632195965159051521, 0.7897441685234978248 ) ) ;
#1180 = IDENTIFICATION_ROLE ( 'external document id and location', $) ;
#1181 = DOCUMENT_TYPE ( 'geometry' ) ;
#1182 = PROPERTY_DEFINITION ('document property','', #1260 ) ;
#1183 = DOCUMENT_FILE ( 'Servo holder - Mouth 1.STEP' , '', '', #617, '' ,$ ) ;
#1184 = PRODUCT_RELATED_PRODUCT_CATEGORY ( 'part', '', ( #832 ) ) ;
#1185 = APPLICATION_CONTEXT ( 'automotive_design' ) ;
#1186 = PROPERTY_DEFINITION ('document property','', #957 ) ;
#1187 = APPLICATION_PROTOCOL_DEFINITION ( 'draft international standard', 'automotive_design', 1998, #1149 ) ;
#1188 = PRODUCT_DEFINITION_SHAPE ( 'NONE', 'NONE',  #1114 ) ;
#1189 = APPLICATION_CONTEXT ( 'automotive_design' ) ;
#1190 =( LENGTH_UNIT ( ) NAMED_UNIT ( * ) SI_UNIT ( .MILLI., .METRE. ) );
#1191 = DIRECTION ( 'NONE',  ( -0.1483216630913204714, -0.9647300702205072742, 0.2174777594839520933 ) ) ;
#1192 = PROPERTY_DEFINITION_REPRESENTATION ( #355, #1373 ) ;
#1193 = IDENTIFICATION_ROLE ( 'external document id and location', $) ;
#1194 = UNCERTAINTY_MEASURE_WITH_UNIT (LENGTH_MEASURE( 1.000000000000000082E-05 ), #485, 'distance_accuracy_value', 'NONE');
#1195 = DOCUMENT_FILE ( 'MG90 - Holder1.STEP' , '', '', #7, '' ,$ ) ;
#1196 =( REPRESENTATION_RELATIONSHIP ('NONE','NONE', #563, #1366 ) REPRESENTATION_RELATIONSHIP_WITH_TRANSFORMATION ( #501 )SHAPE_REPRESENTATION_RELATIONSHIP( ) );
#1197 = DIRECTION ( 'NONE',  ( -0.01049789355669096709, 0.9988365311488673903, 0.04706780506216509674 ) ) ;
#1198 = PRODUCT_CONTEXT ( 'NONE', #1048, 'mechanical' ) ;
#1199 =( GEOMETRIC_REPRESENTATION_CONTEXT ( 3 ) GLOBAL_UNCERTAINTY_ASSIGNED_CONTEXT ( ( #797 ) ) GLOBAL_UNIT_ASSIGNED_CONTEXT ( ( #1352, #781, #761 ) ) REPRESENTATION_CONTEXT ( 'NONE', 'WORKASPACE' ) );
#1200 = CARTESIAN_POINT ( 'NONE',  ( 0.000000000000000000, 0.000000000000000000, 0.000000000000000000 ) ) ;
#1201 = DIRECTION ( 'NONE',  ( 0.0002799802107749948285, -0.03121085340382225709, 0.9995127834304505798 ) ) ;
#1202 = AXIS2_PLACEMENT_3D ( 'NONE', #207, #1684, #1350 ) ;
#1203 = ITEM_DEFINED_TRANSFORMATION ( 'NONE', 'NONE', #879,  #1039 ) ;
#1204 = AXIS2_PLACEMENT_3D ( 'NONE', #1426, #72, #247 ) ;
#1205 = PROPERTY_DEFINITION ('document property','', #668 ) ;
#1206 = PRODUCT_DEFINITION_FORMATION_WITH_SPECIFIED_SOURCE ( 'Symmetric', '', #745, .NOT_KNOWN. ) ;
#1207 = PROPERTY_DEFINITION_REPRESENTATION ( #370, #1772 ) ;
#1208 = PRODUCT ( 'Servo holder - Mouth 1', 'Servo holder - Mouth 1', '', ( #1627 ) ) ;
#1209 = APPLIED_EXTERNAL_IDENTIFICATION_ASSIGNMENT ( 'PTK 7350.STEP' , #1235, #1131,( #978) ) ;
#1210 = SHAPE_DEFINITION_REPRESENTATION ( #131, #1373 ) ;
#1211 = OBJECT_ROLE ('mandatory',$ ) ;
#1212 =( REPRESENTATION_RELATIONSHIP ('NONE','NONE', #563, #1436 ) REPRESENTATION_RELATIONSHIP_WITH_TRANSFORMATION ( #330 )SHAPE_REPRESENTATION_RELATIONSHIP( ) );
#1213 = SHAPE_DEFINITION_REPRESENTATION ( #180, #86 ) ;
#1214 = APPLIED_DOCUMENT_REFERENCE ( #1682,'',( #503) ) ;
#1215 = APPLICATION_CONTEXT ( 'automotive_design' ) ;
#1216 = PRODUCT_DEFINITION_CONTEXT ( 'detailed design', #1388, 'design' ) ;
#1217 = PROPERTY_DEFINITION_REPRESENTATION ( #981, #1233 ) ;
#1218 = APPLIED_DOCUMENT_REFERENCE ( #1074,'',( #652) ) ;
#1219 = EXTERNAL_SOURCE (IDENTIFIER('') ) ;
#1220 = PRODUCT_DEFINITION_SHAPE ( 'NONE', 'NONE',  #1924 ) ;
#1221 = APPLICATION_PROTOCOL_DEFINITION ( 'draft international standard', 'automotive_design', 1998, #482 ) ;
#1222 = PRODUCT ( 'Rod betweem jaw back', 'Rod betweem jaw back', '', ( #1230 ) ) ;
#1223 =( REPRESENTATION_RELATIONSHIP ('NONE','NONE', #563, #1366 ) REPRESENTATION_RELATIONSHIP_WITH_TRANSFORMATION ( #1758 )SHAPE_REPRESENTATION_RELATIONSHIP( ) );
#1224 =( GEOMETRIC_REPRESENTATION_CONTEXT ( 3 ) GLOBAL_UNCERTAINTY_ASSIGNED_CONTEXT ( ( #493 ) ) GLOBAL_UNIT_ASSIGNED_CONTEXT ( ( #1229, #602, #154 ) ) REPRESENTATION_CONTEXT ( 'NONE', 'WORKASPACE' ) );
#1225 = CONTEXT_DEPENDENT_SHAPE_REPRESENTATION ( #1732, #915 ) ;
#1226 = APPLICATION_CONTEXT ( 'automotive_design' ) ;
#1227 = CONTEXT_DEPENDENT_SHAPE_REPRESENTATION ( #1792, #577 ) ;
#1228 =( NAMED_UNIT ( * ) PLANE_ANGLE_UNIT ( ) SI_UNIT ( $, .RADIAN. ) );
#1229 =( LENGTH_UNIT ( ) NAMED_UNIT ( * ) SI_UNIT ( .MILLI., .METRE. ) );
#1230 = PRODUCT_CONTEXT ( 'NONE', #1286, 'mechanical' ) ;
#1231 = EXTERNAL_SOURCE (IDENTIFIER('') ) ;
#1232 = ITEM_DEFINED_TRANSFORMATION ( 'NONE', 'NONE', #224,  #269 ) ;
#1233 = SHAPE_REPRESENTATION ( 'Servo Head PTK7350', ( #269 ), #993 ) ;
#1234 = DIRECTION ( 'NONE',  ( 4.799979726075733020E-05, -0.009136041333456502989, 0.9999582643514542957 ) ) ;
#1235 = IDENTIFICATION_ROLE ( 'external document id and location', $) ;
#1236 = UNCERTAINTY_MEASURE_WITH_UNIT (LENGTH_MEASURE( 1.000000000000000082E-05 ), #867, 'distance_accuracy_value', 'NONE');
#1237 = AXIS2_PLACEMENT_3D ( 'NONE', #671, #80, #239 ) ;
#1238 = APPLIED_DOCUMENT_REFERENCE ( #624,'',( #1124) ) ;
#1239 = APPLICATION_CONTEXT ( 'automotive_design' ) ;
#1240 = PROPERTY_DEFINITION ('document property','', #798 ) ;
#1241 = PROPERTY_DEFINITION_REPRESENTATION ( #1590, #1520 ) ;
#1242 = APPLIED_EXTERNAL_IDENTIFICATION_ASSIGNMENT ( 'PTK 7350.STEP' , #365, #422,( #1066) ) ;
#1243 = PRODUCT ( 'Rod new lip middle up', 'Rod new lip middle up', '', ( #181 ) ) ;
#1244 = PRODUCT_CONTEXT ( 'NONE', #1490, 'mechanical' ) ;
#1245 = PROPERTY_DEFINITION_REPRESENTATION ( #1595, #1646 ) ;
#1246 = CARTESIAN_POINT ( 'NONE',  ( 127.8883965882363896, 101.3557984967584673, 150.0858182036919288 ) ) ;
#1247 = PROPERTY_DEFINITION_REPRESENTATION ( #1533, #1312 ) ;
#1248 = OBJECT_ROLE ('mandatory',$ ) ;
#1249 = PRODUCT_RELATED_PRODUCT_CATEGORY ( 'part', '', ( #167 ) ) ;
#1250 = CARTESIAN_POINT ( 'NONE',  ( 0.000000000000000000, 0.000000000000000000, 0.000000000000000000 ) ) ;
#1251 = APPLICATION_CONTEXT ( 'automotive_design' ) ;
#1252 = PROPERTY_DEFINITION_REPRESENTATION ( #314, #1366 ) ;
#1253 = CARTESIAN_POINT ( 'NONE',  ( 97.09727421757671095, 99.06344968891502845, 163.0668949514451356 ) ) ;
#1254 = PROPERTY_DEFINITION ('external definition','', #50 ) ;
#1255 = PRODUCT_DEFINITION_CONTEXT ( 'detailed design', #125, 'design' ) ;
#1256 = PROPERTY_DEFINITION_REPRESENTATION ( #197, #1577 ) ;
#1257 = ITEM_DEFINED_TRANSFORMATION ( 'NONE', 'NONE', #877,  #614 ) ;
#1258 = DOCUMENT_TYPE ( 'geometry' ) ;
#1259 = PRODUCT_DEFINITION ( 'General', '', #788, #420 ) ;
#1260 = DOCUMENT_FILE ( 'Servo Head PTK7350.STEP' , '', '', #1524, '' ,$ ) ;
#1261 = DIRECTION ( 'NONE',  ( -0.9999447958611553666, -0.01050727967702994037, -4.799979726081109985E-05 ) ) ;
#1262 = DOCUMENT_TYPE ( 'geometry' ) ;
#1263 = AXIS2_PLACEMENT_3D ( 'NONE', #1047, #334, #783 ) ;
#1264 = AXIS2_PLACEMENT_3D ( 'NONE', #809, #1412, #1731 ) ;
#1265 = CONTEXT_DEPENDENT_SHAPE_REPRESENTATION ( #1212, #849 ) ;
#1266 =( NAMED_UNIT ( * ) PLANE_ANGLE_UNIT ( ) SI_UNIT ( $, .RADIAN. ) );
#1267 =( NAMED_UNIT ( * ) SI_UNIT ( $, .STERADIAN. ) SOLID_ANGLE_UNIT ( ) );
#1268 = OBJECT_ROLE ('mandatory',$ ) ;
#1269 = PRODUCT_DEFINITION_SHAPE ( 'NONE', 'NONE',  #1935 ) ;
#1270 = OBJECT_ROLE ('mandatory',$ ) ;
#1271 = CARTESIAN_POINT ( 'NONE',  ( 103.4687337357729149, 116.1709520025524824, 145.1272641079839616 ) ) ;
#1272 = APPLIED_DOCUMENT_REFERENCE ( #656,'',( #1098) ) ;
#1273 = OBJECT_ROLE ('mandatory',$ ) ;
#1274 = ROLE_ASSOCIATION ( #542, #1596 ) ;
#1275 = APPLICATION_CONTEXT ( 'automotive_design' ) ;
#1276 =( NAMED_UNIT ( * ) PLANE_ANGLE_UNIT ( ) SI_UNIT ( $, .RADIAN. ) );
#1277 = ROLE_ASSOCIATION ( #567, #819 ) ;
#1278 = PRODUCT_DEFINITION_SHAPE ( 'NONE', 'NONE',  #1383 ) ;
#1279 = DIRECTION ( 'NONE',  ( 0.1727896140718503948, 0.05056345967656944440, 0.9836600458565127880 ) ) ;
#1280 = DOCUMENT_TYPE ( 'geometry' ) ;
#1281 = PRODUCT_DEFINITION ( 'General', '', #1639, #894 ) ;
#1282 = PROPERTY_DEFINITION ('document property','', #811 ) ;
#1283 = PROPERTY_DEFINITION_REPRESENTATION ( #451, #1233 ) ;
#1284 =( REPRESENTATION_RELATIONSHIP ('NONE','NONE', #563, #1233 ) REPRESENTATION_RELATIONSHIP_WITH_TRANSFORMATION ( #511 )SHAPE_REPRESENTATION_RELATIONSHIP( ) );
#1285 = CARTESIAN_POINT ( 'NONE',  ( 0.000000000000000000, 0.000000000000000000, 0.000000000000000000 ) ) ;
#1286 = APPLICATION_CONTEXT ( 'automotive_design' ) ;
#1287 = ROLE_ASSOCIATION ( #1734, #828 ) ;
#1288 = CARTESIAN_POINT ( 'NONE',  ( 68.81741815574801535, 76.24305626103212319, 197.4064977120771118 ) ) ;
#1289 = APPLICATION_CONTEXT ( 'automotive_design' ) ;
#1290 = CONTEXT_DEPENDENT_SHAPE_REPRESENTATION ( #695, #775 ) ;
#1291 = IDENTIFICATION_ROLE ( 'external document id and location', $) ;
#1292 = APPLIED_DOCUMENT_REFERENCE ( #392,'',( #1759) ) ;
#1293 = PRODUCT_RELATED_PRODUCT_CATEGORY ( 'part', '', ( #306 ) ) ;
#1294 = AXIS2_PLACEMENT_3D ( 'NONE', #1586, #1575, #515 ) ;
#1295 = IDENTIFICATION_ROLE ( 'external document id and location', $) ;
#1296 = PRODUCT_DEFINITION_SHAPE ( 'NONE', 'NONE',  #1916 ) ;
#1297 = CARTESIAN_POINT ( 'NONE',  ( 0.000000000000000000, 0.000000000000000000, 0.000000000000000000 ) ) ;
#1298 = APPLIED_EXTERNAL_IDENTIFICATION_ASSIGNMENT ( 'Fixture 6 - mirror.STEP' , #1765, #1162,( #640) ) ;
#1299 = DOCUMENT_FILE ( 'PTK 7350.STEP' , '', '', #1181, '' ,$ ) ;
#1300 = ROLE_ASSOCIATION ( #985, #1466 ) ;
#1301 = DIRECTION ( 'NONE',  ( 0.01050727967703026476, -0.9999030602126098843, -0.009136041333456433600 ) ) ;
#1302 = PRODUCT_DEFINITION_SHAPE ( 'NONE', 'NONE',  #1946 ) ;
#1303 = ITEM_DEFINED_TRANSFORMATION ( 'NONE', 'NONE', #1418,  #269 ) ;
#1304 =( NAMED_UNIT ( * ) SI_UNIT ( $, .STERADIAN. ) SOLID_ANGLE_UNIT ( ) );
#1305 = EXTERNAL_SOURCE (IDENTIFIER('') ) ;
#1306 = DIRECTION ( 'NONE',  ( 0.9999447958611555887, 0.01050727967702984496, 4.799979725810195645E-05 ) ) ;
#1307 = EXTERNAL_SOURCE (IDENTIFIER('') ) ;
#1308 = PRODUCT_DEFINITION_SHAPE ( 'NONE', 'NONE',  #476 ) ;
#1309 = CONTEXT_DEPENDENT_SHAPE_REPRESENTATION ( #600, #1296 ) ;
#1310 =( NAMED_UNIT ( * ) PLANE_ANGLE_UNIT ( ) SI_UNIT ( $, .RADIAN. ) );
#1311 = PROPERTY_DEFINITION ('external definition','', #1559 ) ;
#1312 = SHAPE_REPRESENTATION ( 'Fixture-10', ( #1164 ), #942 ) ;
#1313 = CONTEXT_DEPENDENT_SHAPE_REPRESENTATION ( #1456, #772 ) ;
#1314 = CARTESIAN_POINT ( 'NONE',  ( 137.7975843107075491, 55.23174405587025859, 216.0501929816252300 ) ) ;
#1315 = DOCUMENT_TYPE ( 'geometry' ) ;
#1316 = OBJECT_ROLE ('mandatory',$ ) ;
#1317 = DOCUMENT_FILE ( 'MG90 - Holder 3.STEP' , '', '', #1496, '' ,$ ) ;
#1318 = APPLICATION_PROTOCOL_DEFINITION ( 'draft international standard', 'automotive_design', 1998, #1048 ) ;
#1319 = PRODUCT_DEFINITION_SHAPE ( 'NONE', 'NONE',  #1955 ) ;
#1320 = AXIS2_PLACEMENT_3D ( 'NONE', #583, #1197, #1502 ) ;
#1321 =( NAMED_UNIT ( * ) PLANE_ANGLE_UNIT ( ) SI_UNIT ( $, .RADIAN. ) );
#1322 = AXIS2_PLACEMENT_3D ( 'NONE', #830, #1882, #678 ) ;
#1323 = PROPERTY_DEFINITION ('external definition','', #1849 ) ;
#1324 = CARTESIAN_POINT ( 'NONE',  ( 105.5996482012160413, 30.25947066854607925, 198.2694217538449095 ) ) ;
#1325 = PRODUCT_DEFINITION_SHAPE ( 'NONE', 'NONE',  #1943 ) ;
#1326 =( GEOMETRIC_REPRESENTATION_CONTEXT ( 3 ) GLOBAL_UNCERTAINTY_ASSIGNED_CONTEXT ( ( #1236 ) ) GLOBAL_UNIT_ASSIGNED_CONTEXT ( ( #867, #257, #1782 ) ) REPRESENTATION_CONTEXT ( 'NONE', 'WORKASPACE' ) );
#1327 = PRODUCT_DEFINITION ( 'General', '', #1071, #1053 ) ;
#1328 = DOCUMENT_FILE ( 'Servo Head MG90.STEP' , '', '', #430, '' ,$ ) ;
#1329 = OBJECT_ROLE ('mandatory',$ ) ;
#1330 = UNCERTAINTY_MEASURE_WITH_UNIT (LENGTH_MEASURE( 1.000000000000000082E-05 ), #403, 'distance_accuracy_value', 'NONE');
#1331 = PRODUCT_DEFINITION_SHAPE ( 'NONE', 'NONE',  #1948 ) ;
#1332 = PROPERTY_DEFINITION_REPRESENTATION ( #1892, #1422 ) ;
#1333 =( REPRESENTATION_RELATIONSHIP ('NONE','NONE', #563, #1366 ) REPRESENTATION_RELATIONSHIP_WITH_TRANSFORMATION ( #231 )SHAPE_REPRESENTATION_RELATIONSHIP( ) );
#1334 = SHAPE_DEFINITION_REPRESENTATION ( #1076, #1709 ) ;
#1335 =( NAMED_UNIT ( * ) PLANE_ANGLE_UNIT ( ) SI_UNIT ( $, .RADIAN. ) );
#1336 =( LENGTH_UNIT ( ) NAMED_UNIT ( * ) SI_UNIT ( .MILLI., .METRE. ) );
#1337 = DIRECTION ( 'NONE',  ( 0.9999447958611555887, 0.01050727967703032721, 4.799979726082634644E-05 ) ) ;
#1338 = APPLICATION_CONTEXT ( 'automotive_design' ) ;
#1339 = ROLE_ASSOCIATION ( #66, #1489 ) ;
#1340 = PRODUCT_DEFINITION_SHAPE ( 'NONE', 'NONE',  #1956 ) ;
#1341 = PROPERTY_DEFINITION_REPRESENTATION ( #1138, #1422 ) ;
#1342 = DIRECTION ( 'NONE',  ( 4.799979726085546405E-05, -0.009136041333455880223, 0.9999582643514542957 ) ) ;
#1343 = PROPERTY_DEFINITION ('document property','', #534 ) ;
#1344 = SHAPE_DEFINITION_REPRESENTATION ( #1308, #1366 ) ;
#1345 = IDENTIFICATION_ROLE ( 'external document id and location', $) ;
#1346 = PRODUCT_DEFINITION_SHAPE ( 'NONE', 'NONE',  #1750 ) ;
#1347 = CARTESIAN_POINT ( 'NONE',  ( 98.06322003556587674, 68.89013344687366214, 234.7994183704662419 ) ) ;
#1348 = PRODUCT_DEFINITION_CONTEXT ( 'detailed design', #368, 'design' ) ;
#1349 = PROPERTY_DEFINITION_REPRESENTATION ( #177, #632 ) ;
#1350 = DIRECTION ( 'NONE',  ( 0.003080429959787101338, -0.2887812514238349837, -0.9573901502404058572 ) ) ;
#1351 = APPLICATION_PROTOCOL_DEFINITION ( 'draft international standard', 'automotive_design', 1998, #37 ) ;
#1352 =( LENGTH_UNIT ( ) NAMED_UNIT ( * ) SI_UNIT ( .MILLI., .METRE. ) );
#1353 = OBJECT_ROLE ('mandatory',$ ) ;
#1354 = AXIS2_PLACEMENT_3D ( 'NONE', #1538, #1234, #930 ) ;
#1355 = DIRECTION ( 'NONE',  ( -0.5260344425807764734, -0.4214281336962013569, 0.7387056879082958272 ) ) ;
#1356 = AXIS2_PLACEMENT_3D ( 'NONE', #1485, #144, #1050 ) ;
#1357 = DOCUMENT_FILE ( 'JawRod-180.STEP' , '', '', #185, '' ,$ ) ;
#1358 = PRODUCT_DEFINITION_FORMATION_WITH_SPECIFIED_SOURCE ( 'Symmetric', '', #469, .NOT_KNOWN. ) ;
#1359 = PROPERTY_DEFINITION ('document property','', #1573 ) ;
#1360 = APPLIED_EXTERNAL_IDENTIFICATION_ASSIGNMENT ( 'Servo Head PTK7350.STEP' , #20, #1594,( #1381) ) ;
#1361 = PROPERTY_DEFINITION_REPRESENTATION ( #483, #1373 ) ;
#1362 = PRODUCT ( 'Servo holder - Teeth up 1', 'Servo holder - Teeth up 1', '', ( #1780 ) ) ;
#1363 = APPLICATION_PROTOCOL_DEFINITION ( 'draft international standard', 'automotive_design', 1998, #1251 ) ;
#1364 = SHAPE_DEFINITION_REPRESENTATION ( #728, #1850 ) ;
#1365 = APPLIED_DOCUMENT_REFERENCE ( #1692,'',( #1843) ) ;
#1366 = SHAPE_REPRESENTATION ( 'PTK 7350', ( #1880 ), #931 ) ;
#1367 = IDENTIFICATION_ROLE ( 'external document id and location', $) ;
#1368 = UNCERTAINTY_MEASURE_WITH_UNIT (LENGTH_MEASURE( 1.000000000000000082E-05 ), #751, 'distance_accuracy_value', 'NONE');
#1369 = PROPERTY_DEFINITION_REPRESENTATION ( #214, #1565 ) ;
#1370 = PROPERTY_DEFINITION ('document property','', #1521 ) ;
#1371 = APPLICATION_PROTOCOL_DEFINITION ( 'draft international standard', 'automotive_design', 1998, #1286 ) ;
#1372 = PRODUCT_DEFINITION_SHAPE ( 'NONE', 'NONE',  #771 ) ;
#1373 = SHAPE_REPRESENTATION ( 'Lip Holder', ( #1821 ), #675 ) ;
#1374 = CONTEXT_DEPENDENT_SHAPE_REPRESENTATION ( #705, #466 ) ;
#1375 =( REPRESENTATION_RELATIONSHIP ('NONE','NONE', #563, #693 ) REPRESENTATION_RELATIONSHIP_WITH_TRANSFORMATION ( #1203 )SHAPE_REPRESENTATION_RELATIONSHIP( ) );
#1376 = PRODUCT_CONTEXT ( 'NONE', #1226, 'mechanical' ) ;
#1377 = PROPERTY_DEFINITION ('document property','', #959 ) ;
#1378 = CARTESIAN_POINT ( 'NONE',  ( 0.000000000000000000, 0.000000000000000000, 0.000000000000000000 ) ) ;
#1379 = APPLICATION_PROTOCOL_DEFINITION ( 'draft international standard', 'automotive_design', 1998, #302 ) ;
#1380 = APPLICATION_CONTEXT ( 'automotive_design' ) ;
#1381 = DOCUMENT_FILE ( 'Servo Head PTK7350.STEP' , '', '', #54, '' ,$ ) ;
#1382 = DIRECTION ( 'NONE',  ( -0.006626097341670144497, 0.6341170709727695920, -0.7732086620925388010 ) ) ;
#1383 = PRODUCT_DEFINITION ( 'General', '', #1706, #1384 ) ;
#1384 = PRODUCT_DEFINITION_CONTEXT ( 'detailed design', #219, 'design' ) ;
#1385 = PROPERTY_DEFINITION ('external definition','', #1260 ) ;
#1386 = AXIS2_PLACEMENT_3D ( 'NONE', #1271, #223, #1301 ) ;
#1387 = CONTEXT_DEPENDENT_SHAPE_REPRESENTATION ( #310, #228 ) ;
#1388 = APPLICATION_CONTEXT ( 'automotive_design' ) ;
#1389 = ROLE_ASSOCIATION ( #298, #549 ) ;
#1390 = PROPERTY_DEFINITION ('external definition','', #870 ) ;
#1391 = APPLICATION_PROTOCOL_DEFINITION ( 'draft international standard', 'automotive_design', 1998, #1388 ) ;
#1392 = EXTERNAL_SOURCE (IDENTIFIER('') ) ;
#1393 = DOCUMENT_TYPE ( 'geometry' ) ;
#1394 = CARTESIAN_POINT ( 'NONE',  ( 0.000000000000000000, 0.000000000000000000, 0.000000000000000000 ) ) ;
#1395 = PRODUCT ( 'Servo holder - Mouth 2', 'Servo holder - Mouth 2', '', ( #897 ) ) ;
#1396 = APPLICATION_PROTOCOL_DEFINITION ( 'draft international standard', 'automotive_design', 1998, #570 ) ;
#1397 = OBJECT_ROLE ('mandatory',$ ) ;
#1398 = DIRECTION ( 'NONE',  ( 0.01041850428950216907, -0.9908826965983407176, -0.1343239976711909645 ) ) ;
#1399 = ITEM_DEFINED_TRANSFORMATION ( 'NONE', 'NONE', #1800,  #78 ) ;
#1400 =( NAMED_UNIT ( * ) PLANE_ANGLE_UNIT ( ) SI_UNIT ( $, .RADIAN. ) );
#1401 = PRODUCT_RELATED_PRODUCT_CATEGORY ( 'part', '', ( #1222 ) ) ;
#1402 = PROPERTY_DEFINITION ('document property','', #1299 ) ;
#1403 = ROLE_ASSOCIATION ( #884, #1588 ) ;
#1404 = OBJECT_ROLE ('mandatory',$ ) ;
#1405 = CARTESIAN_POINT ( 'NONE',  ( 79.36306402300496643, 100.8722217758404014, 190.9854364049975572 ) ) ;
#1406 = PRODUCT_DEFINITION_SHAPE ( 'NONE', 'NONE',  #1932 ) ;
#1407 = PRODUCT_DEFINITION_CONTEXT ( 'detailed design', #1679, 'design' ) ;
#1408 = ITEM_DEFINED_TRANSFORMATION ( 'NONE', 'NONE', #1105,  #1821 ) ;
#1409 = DIRECTION ( 'NONE',  ( 0.000000000000000000, 0.000000000000000000, 1.000000000000000000 ) ) ;
#1410 = PRODUCT_RELATED_PRODUCT_CATEGORY ( 'part', '', ( #1395 ) ) ;
#1411 = DIRECTION ( 'NONE',  ( 0.000000000000000000, 0.000000000000000000, 1.000000000000000000 ) ) ;
#1412 = DIRECTION ( 'NONE',  ( 4.799979725946779368E-05, -0.009136041333456010327, 0.9999582643514542957 ) ) ;
#1413 = PROPERTY_DEFINITION ('document property','', #1099 ) ;
#1414 =( REPRESENTATION_RELATIONSHIP ('NONE','NONE', #563, #1233 ) REPRESENTATION_RELATIONSHIP_WITH_TRANSFORMATION ( #1303 )SHAPE_REPRESENTATION_RELATIONSHIP( ) );
#1415 = CONTEXT_DEPENDENT_SHAPE_REPRESENTATION ( #902, #386 ) ;
#1416 = AXIS2_PLACEMENT_3D ( 'NONE', #295, #151, #1693 ) ;
#1417 = APPLIED_EXTERNAL_IDENTIFICATION_ASSIGNMENT ( 'PTK 7350.STEP' , #1557, #1054,( #1022) ) ;
#1418 = AXIS2_PLACEMENT_3D ( 'NONE', #995, #1591, #512 ) ;
#1419 = OBJECT_ROLE ('mandatory',$ ) ;
#1420 = PRODUCT_DEFINITION_SHAPE ( 'NONE', 'NONE',  #1961 ) ;
#1421 = DIRECTION ( 'NONE',  ( -4.799979726356805657E-05, 0.009136041333456246250, -0.9999582643514541846 ) ) ;
#1422 = SHAPE_REPRESENTATION ( 'Jaw holder', ( #78 ), #486 ) ;
#1423 = PROPERTY_DEFINITION ('external definition','', #702 ) ;
#1424 = APPLICATION_CONTEXT ( 'automotive_design' ) ;
#1425 = PROPERTY_DEFINITION_REPRESENTATION ( #1729, #1366 ) ;
#1426 = CARTESIAN_POINT ( 'NONE',  ( 69.28966953839848486, 91.44311391461221206, 201.1304029181619342 ) ) ;
#1427 = DOCUMENT_FILE ( 'Rod new lip side.STEP' , '', '', #1683, '' ,$ ) ;
#1428 = EXTERNAL_SOURCE (IDENTIFIER('') ) ;
#1429 = CONTEXT_DEPENDENT_SHAPE_REPRESENTATION ( #1740, #595 ) ;
#1430 = EXTERNAL_SOURCE (IDENTIFIER('') ) ;
#1431 = PROPERTY_DEFINITION ('document property','', #1615 ) ;
#1432 = DIRECTION ( 'NONE',  ( -0.02051660066585173775, 0.9986495449484167342, -0.04773002693732825152 ) ) ;
#1433 = APPLIED_DOCUMENT_REFERENCE ( #1570,'',( #324) ) ;
#1434 = APPLICATION_CONTEXT ( 'automotive_design' ) ;
#1435 = PROPERTY_DEFINITION ('document property','', #870 ) ;
#1436 = SHAPE_REPRESENTATION ( 'Rod betweem jaw', ( #271 ), #517 ) ;
#1437 =( REPRESENTATION_RELATIONSHIP ('NONE','NONE', #563, #1177 ) REPRESENTATION_RELATIONSHIP_WITH_TRANSFORMATION ( #115 )SHAPE_REPRESENTATION_RELATIONSHIP( ) );
#1438 = CONTEXT_DEPENDENT_SHAPE_REPRESENTATION ( #1333, #827 ) ;
#1439 = CARTESIAN_POINT ( 'NONE',  ( 96.48542235137364287, 50.61037998624360057, 245.4790604345144800 ) ) ;
#1440 = PROPERTY_DEFINITION_REPRESENTATION ( #932, #1373 ) ;
#1441 = PRODUCT_RELATED_PRODUCT_CATEGORY ( 'part', '', ( #1839 ) ) ;
#1442 = AXIS2_PLACEMENT_3D ( 'NONE', #1285, #1409, #1887 ) ;
#1443 = PROPERTY_DEFINITION_REPRESENTATION ( #468, #1033 ) ;
#1444 = DIRECTION ( 'NONE',  ( 0.9999447958611556997, 0.01050727967703103151, 4.799979726031024588E-05 ) ) ;
#1445 = PROPERTY_DEFINITION ('document property','', #1476 ) ;
#1446 = AXIS2_PLACEMENT_3D ( 'NONE', #700, #1713, #87 ) ;
#1447 = CARTESIAN_POINT ( 'NONE',  ( 0.000000000000000000, 0.000000000000000000, 0.000000000000000000 ) ) ;
#1448 = PRODUCT_DEFINITION_FORMATION_WITH_SPECIFIED_SOURCE ( 'Symmetric', '', #1785, .NOT_KNOWN. ) ;
#1449 = ITEM_DEFINED_TRANSFORMATION ( 'NONE', 'NONE', #1736,  #1880 ) ;
#1450 = APPLIED_EXTERNAL_IDENTIFICATION_ASSIGNMENT ( 'Rod new lip RR.STEP' , #523, #1069,( #1891) ) ;
#1451 = DIRECTION ( 'NONE',  ( 0.000000000000000000, 0.000000000000000000, 1.000000000000000000 ) ) ;
#1452 = CARTESIAN_POINT ( 'NONE',  ( 66.62810191521271008, 106.2621586660703485, 150.1335853883142590 ) ) ;
#1453 = EXTERNAL_SOURCE (IDENTIFIER('') ) ;
#1454 = PROPERTY_DEFINITION ('document property','', #1328 ) ;
#1455 = DOCUMENT_FILE ( 'Rod betweem jaw back.STEP' , '', '', #372, '' ,$ ) ;
#1456 =( REPRESENTATION_RELATIONSHIP ('NONE','NONE', #563, #1233 ) REPRESENTATION_RELATIONSHIP_WITH_TRANSFORMATION ( #554 )SHAPE_REPRESENTATION_RELATIONSHIP( ) );
#1457 = ROLE_ASSOCIATION ( #854, #1147 ) ;
#1458 =( REPRESENTATION_RELATIONSHIP ('NONE','NONE', #563, #1422 ) REPRESENTATION_RELATIONSHIP_WITH_TRANSFORMATION ( #862 )SHAPE_REPRESENTATION_RELATIONSHIP( ) );
#1459 = PROPERTY_DEFINITION ('document property','', #1721 ) ;
#1460 = PRODUCT_RELATED_PRODUCT_CATEGORY ( 'part', '', ( #201 ) ) ;
#1461 = DIRECTION ( 'NONE',  ( 0.000000000000000000, 0.000000000000000000, 1.000000000000000000 ) ) ;
#1462 = APPLICATION_CONTEXT ( 'automotive_design' ) ;
#1463 = CARTESIAN_POINT ( 'NONE',  ( 47.75974701421574764, 111.0523378236984939, 178.8145107220410068 ) ) ;
#1464 = PRODUCT ( 'Fixture 6 - mirror', 'Fixture 6 - mirror', '', ( #1376 ) ) ;
#1465 = PRODUCT_DEFINITION_CONTEXT ( 'detailed design', #57, 'design' ) ;
#1466 = APPLIED_DOCUMENT_REFERENCE ( #1476,'',( #1644) ) ;
#1467 = DOCUMENT_TYPE ( 'geometry' ) ;
#1468 = PRODUCT_CONTEXT ( 'NONE', #1585, 'mechanical' ) ;
#1469 = DIRECTION ( 'NONE',  ( 1.000000000000000000, 0.000000000000000000, 0.000000000000000000 ) ) ;
#1470 = PROPERTY_DEFINITION ('external definition','', #1692 ) ;
#1471 = PRODUCT_RELATED_PRODUCT_CATEGORY ( 'part', '', ( #794 ) ) ;
#1472 = PROPERTY_DEFINITION_REPRESENTATION ( #1107, #1366 ) ;
#1473 = CARTESIAN_POINT ( 'NONE',  ( 113.9508872015083654, 115.1380217930939551, 234.6593673079272264 ) ) ;
#1474 = APPLICATION_CONTEXT ( 'automotive_design' ) ;
#1475 = CONTEXT_DEPENDENT_SHAPE_REPRESENTATION ( #1437, #649 ) ;
#1476 = DOCUMENT_FILE ( 'Servo holder - Teeth up 1.STEP' , '', '', #106, '' ,$ ) ;
#1477 = APPLICATION_PROTOCOL_DEFINITION ( 'draft international standard', 'automotive_design', 1998, #556 ) ;
#1478 =( REPRESENTATION_RELATIONSHIP ('NONE','NONE', #563, #172 ) REPRESENTATION_RELATIONSHIP_WITH_TRANSFORMATION ( #1733 )SHAPE_REPRESENTATION_RELATIONSHIP( ) );
#1479 = AXIS2_PLACEMENT_3D ( 'NONE', #1394, #684, #1790 ) ;
#1480 = AXIS2_PLACEMENT_3D ( 'NONE', #135, #1191, #1179 ) ;
#1481 = PROPERTY_DEFINITION_REPRESENTATION ( #834, #1233 ) ;
#1482 = EXTERNAL_SOURCE (IDENTIFIER('') ) ;
#1483 = DIRECTION ( 'NONE',  ( 0.000000000000000000, 0.000000000000000000, 1.000000000000000000 ) ) ;
#1484 = PROPERTY_DEFINITION ('document property','', #1828 ) ;
#1485 = CARTESIAN_POINT ( 'NONE',  ( 64.12613504696288658, 134.5926677768243280, 187.1363371901226174 ) ) ;
#1486 = PRODUCT_DEFINITION_FORMATION_WITH_SPECIFIED_SOURCE ( 'Symmetric', '', #4, .NOT_KNOWN. ) ;
#1487 = PRODUCT ( 'Rod jaw right left', 'Rod jaw right left', '', ( #1058 ) ) ;
#1488 = APPLIED_EXTERNAL_IDENTIFICATION_ASSIGNMENT ( 'PTK 7350.STEP' , #1092, #1535,( #959) ) ;
#1489 = APPLIED_DOCUMENT_REFERENCE ( #122,'',( #324) ) ;
#1490 = APPLICATION_CONTEXT ( 'automotive_design' ) ;
#1491 = UNCERTAINTY_MEASURE_WITH_UNIT (LENGTH_MEASURE( 1.000000000000000082E-05 ), #33, 'distance_accuracy_value', 'NONE');
#1492 = PROPERTY_DEFINITION_REPRESENTATION ( #112, #1577 ) ;
#1493 = DIRECTION ( 'NONE',  ( -0.9999447958611555887, -0.01050727967703237592, -4.799979723898781096E-05 ) ) ;
#1494 = EXTERNAL_SOURCE (IDENTIFIER('') ) ;
#1495 = APPLICATION_PROTOCOL_DEFINITION ( 'draft international standard', 'automotive_design', 1998, #1289 ) ;
#1496 = DOCUMENT_TYPE ( 'geometry' ) ;
#1497 = PROPERTY_DEFINITION_REPRESENTATION ( #1070, #1366 ) ;
#1498 = PRODUCT_DEFINITION_SHAPE ( 'NONE', 'NONE',  #1953 ) ;
#1499 = DIRECTION ( 'NONE',  ( 0.5400489412455760085, -0.3859807202316912766, 0.7479077648139224044 ) ) ;
#1500 =( REPRESENTATION_RELATIONSHIP ('NONE','NONE', #563, #1233 ) REPRESENTATION_RELATIONSHIP_WITH_TRANSFORMATION ( #986 )SHAPE_REPRESENTATION_RELATIONSHIP( ) );
#1501 = DOCUMENT_TYPE ( 'geometry' ) ;
#1502 = DIRECTION ( 'NONE',  ( -0.0004466106405806795463, 0.04706571062128172417, -0.9988916955419387955 ) ) ;
#1503 = PROPERTY_DEFINITION ('document property','', #1061 ) ;
#1504 = PRODUCT_CONTEXT ( 'NONE', #1653, 'mechanical' ) ;
#1505 = PRODUCT_DEFINITION_SHAPE ( 'NONE', 'NONE',  #1900 ) ;
#1506 = DIRECTION ( 'NONE',  ( -0.8191343552584592347, -0.003366841596956222926, -0.5735918168985411070 ) ) ;
#1507 = SHAPE_REPRESENTATION ( 'Jaw', ( #614 ), #865 ) ;
#1508 = IDENTIFICATION_ROLE ( 'external document id and location', $) ;
#1509 = UNCERTAINTY_MEASURE_WITH_UNIT (LENGTH_MEASURE( 1.000000000000000082E-05 ), #1336, 'distance_accuracy_value', 'NONE');
#1510 = DOCUMENT_FILE ( 'Lip Holder.STEP' , '', '', #507, '' ,$ ) ;
#1511 = APPLICATION_PROTOCOL_DEFINITION ( 'draft international standard', 'automotive_design', 1998, #1781 ) ;
#1512 =( GEOMETRIC_REPRESENTATION_CONTEXT ( 3 ) GLOBAL_UNCERTAINTY_ASSIGNED_CONTEXT ( ( #1527 ) ) GLOBAL_UNIT_ASSIGNED_CONTEXT ( ( #1608, #1335, #1304 ) ) REPRESENTATION_CONTEXT ( 'NONE', 'WORKASPACE' ) );
#1513 =( GEOMETRIC_REPRESENTATION_CONTEXT ( 3 ) GLOBAL_UNCERTAINTY_ASSIGNED_CONTEXT ( ( #304 ) ) GLOBAL_UNIT_ASSIGNED_CONTEXT ( ( #496, #1400, #347 ) ) REPRESENTATION_CONTEXT ( 'NONE', 'WORKASPACE' ) );
#1514 = APPLICATION_PROTOCOL_DEFINITION ( 'draft international standard', 'automotive_design', 1998, #57 ) ;
#1515 = PROPERTY_DEFINITION ('external definition','', #431 ) ;
#1516 = AXIS2_PLACEMENT_3D ( 'NONE', #547, #502, #1506 ) ;
#1517 = PROPERTY_DEFINITION ('document property','', #392 ) ;
#1518 = PRODUCT_DEFINITION_SHAPE ( 'NONE', 'NONE',  #1919 ) ;
#1519 = APPLIED_DOCUMENT_REFERENCE ( #1299,'',( #476) ) ;
#1520 = SHAPE_REPRESENTATION ( 'Fixture 6 - mirror', ( #1123 ), #804 ) ;
#1521 = DOCUMENT_FILE ( 'Fixture-10.STEP' , '', '', #443, '' ,$ ) ;
#1522 = EXTERNAL_SOURCE (IDENTIFIER('') ) ;
#1523 = CONTEXT_DEPENDENT_SHAPE_REPRESENTATION ( #1109, #1152 ) ;
#1524 = DOCUMENT_TYPE ( 'geometry' ) ;
#1525 = APPLICATION_PROTOCOL_DEFINITION ( 'draft international standard', 'automotive_design', 1998, #1175 ) ;
#1526 = ITEM_DEFINED_TRANSFORMATION ( 'NONE', 'NONE', #1832,  #269 ) ;
#1527 = UNCERTAINTY_MEASURE_WITH_UNIT (LENGTH_MEASURE( 1.000000000000000082E-05 ), #1608, 'distance_accuracy_value', 'NONE');
#1528 = APPLIED_DOCUMENT_REFERENCE ( #1510,'',( #324) ) ;
#1529 = APPLIED_DOCUMENT_REFERENCE ( #640,'',( #1700) ) ;
#1530 =( REPRESENTATION_RELATIONSHIP ('NONE','NONE', #563, #1577 ) REPRESENTATION_RELATIONSHIP_WITH_TRANSFORMATION ( #912 )SHAPE_REPRESENTATION_RELATIONSHIP( ) );
#1531 =( LENGTH_UNIT ( ) NAMED_UNIT ( * ) SI_UNIT ( .MILLI., .METRE. ) );
#1532 = DIRECTION ( 'NONE',  ( 0.000000000000000000, 0.000000000000000000, 1.000000000000000000 ) ) ;
#1533 = PROPERTY_DEFINITION ('external definition','', #1521 ) ;
#1534 = APPLICATION_PROTOCOL_DEFINITION ( 'draft international standard', 'automotive_design', 1998, #1097 ) ;
#1535 = EXTERNAL_SOURCE (IDENTIFIER('') ) ;
#1536 = PRODUCT_RELATED_PRODUCT_CATEGORY ( 'part', '', ( #1571 ) ) ;
#1537 = ITEM_DEFINED_TRANSFORMATION ( 'NONE', 'NONE', #382,  #1137 ) ;
#1538 = CARTESIAN_POINT ( 'NONE',  ( 70.48537202744572028, 105.1104594800689114, 171.1620537778706819 ) ) ;
#1539 = IDENTIFICATION_ROLE ( 'external document id and location', $) ;
#1540 = PROPERTY_DEFINITION_REPRESENTATION ( #1370, #1312 ) ;
#1541 = DIRECTION ( 'NONE',  ( 0.000000000000000000, 0.000000000000000000, 1.000000000000000000 ) ) ;
#1542 = SHAPE_DEFINITION_REPRESENTATION ( #1095, #296 ) ;
#1543 = DOCUMENT_TYPE ( 'geometry' ) ;
#1544 = CARTESIAN_POINT ( 'NONE',  ( 155.6790513261496187, 120.8817022932157528, 157.5281249668676651 ) ) ;
#1545 = UNCERTAINTY_MEASURE_WITH_UNIT (LENGTH_MEASURE( 1.000000000000000082E-05 ), #888, 'distance_accuracy_value', 'NONE');
#1546 = PRODUCT_DEFINITION_FORMATION_WITH_SPECIFIED_SOURCE ( 'Symmetric', '', #441, .NOT_KNOWN. ) ;
#1547 = ITEM_DEFINED_TRANSFORMATION ( 'NONE', 'NONE', #755,  #1726 ) ;
#1548 = APPLIED_EXTERNAL_IDENTIFICATION_ASSIGNMENT ( 'PTK 7350.STEP' , #753, #1134,( #1676) ) ;
#1549 = PROPERTY_DEFINITION ('document property','', #1891 ) ;
#1550 = SHAPE_DEFINITION_REPRESENTATION ( #425, #1520 ) ;
#1551 = APPLIED_EXTERNAL_IDENTIFICATION_ASSIGNMENT ( 'Rod new lip middle.STEP' , #1117, #996,( #1714) ) ;
#1552 = APPLIED_DOCUMENT_REFERENCE ( #978,'',( #476) ) ;
#1553 = DIRECTION ( 'NONE',  ( 0.5260344425807830238, 0.4214281336961799851, -0.7387056879083033767 ) ) ;
#1554 = OBJECT_ROLE ('mandatory',$ ) ;
#1555 = ROLE_ASSOCIATION ( #1647, #956 ) ;
#1556 = ROLE_ASSOCIATION ( #697, #1085 ) ;
#1557 = IDENTIFICATION_ROLE ( 'external document id and location', $) ;
#1558 = EXTERNAL_SOURCE (IDENTIFIER('') ) ;
#1559 = DOCUMENT_FILE ( 'TeethDown.STEP' , '', '', #452, '' ,$ ) ;
#1560 = DIRECTION ( 'NONE',  ( -0.8545519274042217006, 0.5193439110107521683, 0.004785965501913650930 ) ) ;
#1561 = PROPERTY_DEFINITION ('external definition','', #1072 ) ;
#1562 =( GEOMETRIC_REPRESENTATION_CONTEXT ( 3 ) GLOBAL_UNCERTAINTY_ASSIGNED_CONTEXT ( ( #1046 ) ) GLOBAL_UNIT_ASSIGNED_CONTEXT ( ( #55, #389, #499 ) ) REPRESENTATION_CONTEXT ( 'NONE', 'WORKASPACE' ) );
#1563 =( GEOMETRIC_REPRESENTATION_CONTEXT ( 3 ) GLOBAL_UNCERTAINTY_ASSIGNED_CONTEXT ( ( #343 ) ) GLOBAL_UNIT_ASSIGNED_CONTEXT ( ( #696, #1310, #1031 ) ) REPRESENTATION_CONTEXT ( 'NONE', 'WORKASPACE' ) );
#1564 = ITEM_DEFINED_TRANSFORMATION ( 'NONE', 'NONE', #944,  #581 ) ;
#1565 = SHAPE_REPRESENTATION ( 'Jaw holder - 2', ( #1726 ), #23 ) ;
#1566 = DIRECTION ( 'NONE',  ( 1.000000000000000000, 0.000000000000000000, 0.000000000000000000 ) ) ;
#1567 = OBJECT_ROLE ('mandatory',$ ) ;
#1568 = CONTEXT_DEPENDENT_SHAPE_REPRESENTATION ( #987, #44 ) ;
#1569 = DIRECTION ( 'NONE',  ( 0.02989515571841499728, -0.9944145011221163788, 0.1012229204410917682 ) ) ;
#1570 = DOCUMENT_FILE ( 'Lip Holder.STEP' , '', '', #1618, '' ,$ ) ;
#1571 = PRODUCT ( 'Rod betweem jaw', 'Rod betweem jaw', '', ( #158 ) ) ;
#1572 = PRODUCT_DEFINITION_FORMATION_WITH_SPECIFIED_SOURCE ( 'Symmetric', '', #1487, .NOT_KNOWN. ) ;
#1573 = DOCUMENT_FILE ( 'Lip Holder.STEP' , '', '', #623, '' ,$ ) ;
#1574 = APPLICATION_CONTEXT ( 'automotive_design' ) ;
#1575 = DIRECTION ( 'NONE',  ( 0.000000000000000000, 0.000000000000000000, 1.000000000000000000 ) ) ;
#1576 = APPLIED_EXTERNAL_IDENTIFICATION_ASSIGNMENT ( 'Servo Head PTK7350.STEP' , #1621, #750,( #1640) ) ;
#1577 = SHAPE_REPRESENTATION ( 'Servo holder', ( #1128 ), #1021 ) ;
#1578 = PRODUCT_DEFINITION_SHAPE ( 'NONE', 'NONE',  #1927 ) ;
#1579 = IDENTIFICATION_ROLE ( 'external document id and location', $) ;
#1580 = APPLIED_DOCUMENT_REFERENCE ( #1559,'',( #1281) ) ;
#1581 = DIRECTION ( 'NONE',  ( 0.006626097341668390692, -0.6341170709727632637, 0.7732086620925441300 ) ) ;
#1582 = IDENTIFICATION_ROLE ( 'external document id and location', $) ;
#1583 = EXTERNAL_SOURCE (IDENTIFIER('') ) ;
#1584 = ROLE_ASSOCIATION ( #356, #1154 ) ;
#1585 = APPLICATION_CONTEXT ( 'automotive_design' ) ;
#1586 = CARTESIAN_POINT ( 'NONE',  ( 0.000000000000000000, 0.000000000000000000, 0.000000000000000000 ) ) ;
#1587 = OBJECT_ROLE ('mandatory',$ ) ;
#1588 = APPLIED_DOCUMENT_REFERENCE ( #1099,'',( #503) ) ;
#1589 = PRODUCT_DEFINITION ( 'General', '', #126, #1762 ) ;
#1590 = PROPERTY_DEFINITION ('external definition','', #640 ) ;
#1591 = DIRECTION ( 'NONE',  ( 0.1729661692748185875, -0.1531983830203689223, -0.9729403680217709738 ) ) ;
#1592 = IDENTIFICATION_ROLE ( 'external document id and location', $) ;
#1593 = CONTEXT_DEPENDENT_SHAPE_REPRESENTATION ( #136, #1854 ) ;
#1594 = EXTERNAL_SOURCE (IDENTIFIER('') ) ;
#1595 = PROPERTY_DEFINITION ('external definition','', #1357 ) ;
#1596 = APPLIED_DOCUMENT_REFERENCE ( #668,'',( #939) ) ;
#1597 = DIRECTION ( 'NONE',  ( 0.000000000000000000, 0.000000000000000000, 1.000000000000000000 ) ) ;
#1598 = PROPERTY_DEFINITION_REPRESENTATION ( #1515, #1366 ) ;
#1599 = DIRECTION ( 'NONE',  ( -0.01049789355668975452, 0.9988365311488671683, 0.04706780506216909354 ) ) ;
#1600 = ROLE_ASSOCIATION ( #561, #998 ) ;
#1601 = PRODUCT_RELATED_PRODUCT_CATEGORY ( 'part', '', ( #1243 ) ) ;
#1602 = AXIS2_PLACEMENT_3D ( 'NONE', #1797, #645, #1847 ) ;
#1603 = PROPERTY_DEFINITION_REPRESENTATION ( #1804, #1565 ) ;
#1604 =( REPRESENTATION_RELATIONSHIP ('NONE','NONE', #563, #1233 ) REPRESENTATION_RELATIONSHIP_WITH_TRANSFORMATION ( #610 )SHAPE_REPRESENTATION_RELATIONSHIP( ) );
#1605 = PRODUCT_DEFINITION_FORMATION_WITH_SPECIFIED_SOURCE ( 'Symmetric', '', #1243, .NOT_KNOWN. ) ;
#1606 = PROPERTY_DEFINITION ('external definition','', #1676 ) ;
#1607 = APPLIED_EXTERNAL_IDENTIFICATION_ASSIGNMENT ( 'Servo Head PTK7350.STEP' , #639, #837,( #1828) ) ;
#1608 =( LENGTH_UNIT ( ) NAMED_UNIT ( * ) SI_UNIT ( .MILLI., .METRE. ) );
#1609 = APPLIED_EXTERNAL_IDENTIFICATION_ASSIGNMENT ( 'Servo Head PTK7350.STEP' , #1508, #222,( #27) ) ;
#1610 = ITEM_DEFINED_TRANSFORMATION ( 'NONE', 'NONE', #911,  #269 ) ;
#1611 =( NAMED_UNIT ( * ) PLANE_ANGLE_UNIT ( ) SI_UNIT ( $, .RADIAN. ) );
#1612 = CARTESIAN_POINT ( 'NONE',  ( 73.76883998210634275, 75.33697997876623731, 193.6108995257734193 ) ) ;
#1613 = PROPERTY_DEFINITION ('external definition','', #1381 ) ;
#1614 = PROPERTY_DEFINITION_REPRESENTATION ( #1111, #1373 ) ;
#1615 = DOCUMENT_FILE ( 'Servo holder.STEP' , '', '', #1262, '' ,$ ) ;
#1616 = DIRECTION ( 'NONE',  ( 0.000000000000000000, 0.000000000000000000, 1.000000000000000000 ) ) ;
#1617 = APPLICATION_PROTOCOL_DEFINITION ( 'draft international standard', 'automotive_design', 1998, #360 ) ;
#1618 = DOCUMENT_TYPE ( 'geometry' ) ;
#1619 = DIRECTION ( 'NONE',  ( 0.000000000000000000, 0.000000000000000000, 1.000000000000000000 ) ) ;
#1620 = PROPERTY_DEFINITION_REPRESENTATION ( #1038, #550 ) ;
#1621 = IDENTIFICATION_ROLE ( 'external document id and location', $) ;
#1622 = DIRECTION ( 'NONE',  ( 0.1945012605431043207, 0.9218195708687888512, 0.3352878441137188692 ) ) ;
#1623 = PROPERTY_DEFINITION ('document property','', #1676 ) ;
#1624 = PRODUCT_DEFINITION_CONTEXT ( 'detailed design', #474, 'design' ) ;
#1625 = PRODUCT_DEFINITION_SHAPE ( 'NONE', 'NONE',  #1960 ) ;
#1626 =( NAMED_UNIT ( * ) SI_UNIT ( $, .STERADIAN. ) SOLID_ANGLE_UNIT ( ) );
#1627 = PRODUCT_CONTEXT ( 'NONE', #1149, 'mechanical' ) ;
#1628 = PROPERTY_DEFINITION ('external definition','', #27 ) ;
#1629 = EXTERNAL_SOURCE (IDENTIFIER('') ) ;
#1630 = CONTEXT_DEPENDENT_SHAPE_REPRESENTATION ( #313, #1420 ) ;
#1631 = DIRECTION ( 'NONE',  ( 0.000000000000000000, 0.000000000000000000, 1.000000000000000000 ) ) ;
#1632 = DOCUMENT_TYPE ( 'geometry' ) ;
#1633 = ROLE_ASSOCIATION ( #1270, #292 ) ;
#1634 = DOCUMENT_FILE ( 'Jaw holder.STEP' , '', '', #990, '' ,$ ) ;
#1635 = IDENTIFICATION_ROLE ( 'external document id and location', $) ;
#1636 = DIRECTION ( 'NONE',  ( 4.799979726068698580E-05, -0.009136041333456506458, 0.9999582643514544067 ) ) ;
#1637 = APPLICATION_PROTOCOL_DEFINITION ( 'draft international standard', 'automotive_design', 1998, #1189 ) ;
#1638 = AXIS2_PLACEMENT_3D ( 'NONE', #1544, #1863, #1398 ) ;
#1639 = PRODUCT_DEFINITION_FORMATION_WITH_SPECIFIED_SOURCE ( 'Symmetric', '', #934, .NOT_KNOWN. ) ;
#1640 = DOCUMENT_FILE ( 'Servo Head PTK7350.STEP' , '', '', #1724, '' ,$ ) ;
#1641 = PROPERTY_DEFINITION ('external definition','', #534 ) ;
#1642 = CARTESIAN_POINT ( 'NONE',  ( 72.62486365346612160, 54.54691824739265371, 216.0470645315436968 ) ) ;
#1643 = PRODUCT_DEFINITION_FORMATION_WITH_SPECIFIED_SOURCE ( 'Symmetric', '', #1691, .NOT_KNOWN. ) ;
#1644 = PRODUCT_DEFINITION ( 'General', '', #349, #1093 ) ;
#1645 =( NAMED_UNIT ( * ) SI_UNIT ( $, .STERADIAN. ) SOLID_ANGLE_UNIT ( ) );
#1646 = SHAPE_REPRESENTATION ( 'JawRod-180', ( #588 ), #460 ) ;
#1647 = OBJECT_ROLE ('mandatory',$ ) ;
#1648 = PRODUCT_DEFINITION_CONTEXT ( 'detailed design', #655, 'design' ) ;
#1649 = DIRECTION ( 'NONE',  ( 0.008233684727065593290, -0.7863955661491361937, 0.6176683737870952706 ) ) ;
#1650 = SHAPE_DEFINITION_REPRESENTATION ( #1278, #1840 ) ;
#1651 = DOCUMENT_TYPE ( 'geometry' ) ;
#1652 =( LENGTH_UNIT ( ) NAMED_UNIT ( * ) SI_UNIT ( .MILLI., .METRE. ) );
#1653 = APPLICATION_CONTEXT ( 'automotive_design' ) ;
#1654 = DIRECTION ( 'NONE',  ( 0.0004466106405808168605, -0.04706571062128481198, 0.9988916955419387955 ) ) ;
#1655 = PROPERTY_DEFINITION_REPRESENTATION ( #712, #1366 ) ;
#1656 = CONTEXT_DEPENDENT_SHAPE_REPRESENTATION ( #575, #1723 ) ;
#1657 = DOCUMENT_TYPE ( 'geometry' ) ;
#1658 = PROPERTY_DEFINITION ('document property','', #1870 ) ;
#1659 = PRODUCT_CONTEXT ( 'NONE', #1012, 'mechanical' ) ;
#1660 = CARTESIAN_POINT ( 'NONE',  ( 0.000000000000000000, 0.000000000000000000, 0.000000000000000000 ) ) ;
#1661 = PRODUCT_DEFINITION_SHAPE ( 'NONE', 'NONE',  #1032 ) ;
#1662 = AXIS2_PLACEMENT_3D ( 'NONE', #710, #1541, #24 ) ;
#1663 = CARTESIAN_POINT ( 'NONE',  ( 0.000000000000000000, 0.000000000000000000, 0.000000000000000000 ) ) ;
#1664 = PRODUCT_CONTEXT ( 'NONE', #1185, 'mechanical' ) ;
#1665 =( REPRESENTATION_RELATIONSHIP ('NONE','NONE', #563, #1033 ) REPRESENTATION_RELATIONSHIP_WITH_TRANSFORMATION ( #965 )SHAPE_REPRESENTATION_RELATIONSHIP( ) );
#1666 = UNCERTAINTY_MEASURE_WITH_UNIT (LENGTH_MEASURE( 1.000000000000000082E-05 ), #1190, 'distance_accuracy_value', 'NONE');
#1667 = PRODUCT_RELATED_PRODUCT_CATEGORY ( 'part', '', ( #1678 ) ) ;
#1668 = ITEM_DEFINED_TRANSFORMATION ( 'NONE', 'NONE', #220,  #1880 ) ;
#1669 = DIRECTION ( 'NONE',  ( 1.000000000000000000, 0.000000000000000000, 0.000000000000000000 ) ) ;
#1670 =( GEOMETRIC_REPRESENTATION_CONTEXT ( 3 ) GLOBAL_UNCERTAINTY_ASSIGNED_CONTEXT ( ( #637 ) ) GLOBAL_UNIT_ASSIGNED_CONTEXT ( ( #703, #1155, #1016 ) ) REPRESENTATION_CONTEXT ( 'NONE', 'WORKASPACE' ) );
#1671 = SHAPE_DEFINITION_REPRESENTATION ( #1505, #1177 ) ;
#1672 = OBJECT_ROLE ('mandatory',$ ) ;
#1673 = AXIS2_PLACEMENT_3D ( 'NONE', #1288, #1432, #1279 ) ;
#1674 = APPLIED_EXTERNAL_IDENTIFICATION_ASSIGNMENT ( 'Rod betweem jaw.STEP' , #1712, #1307,( #1870) ) ;
#1675 = PROPERTY_DEFINITION ('document property','', #1677 ) ;
#1676 = DOCUMENT_FILE ( 'PTK 7350.STEP' , '', '', #1778, '' ,$ ) ;
#1677 = DOCUMENT_FILE ( 'Servo holder.STEP' , '', '', #1052, '' ,$ ) ;
#1678 = PRODUCT ( 'Servo Head MG90', 'Servo Head MG90', '', ( #1087 ) ) ;
#1679 = APPLICATION_CONTEXT ( 'automotive_design' ) ;
#1680 = PROPERTY_DEFINITION_REPRESENTATION ( #250, #1422 ) ;
#1681 = DIRECTION ( 'NONE',  ( 0.000000000000000000, 0.000000000000000000, 1.000000000000000000 ) ) ;
#1682 = DOCUMENT_FILE ( 'Servo Head PTK7350.STEP' , '', '', #388, '' ,$ ) ;
#1683 = DOCUMENT_TYPE ( 'geometry' ) ;
#1684 = DIRECTION ( 'NONE',  ( 0.9999447958611555887, 0.01050727967702969751, 4.799979726080749488E-05 ) ) ;
#1685 = PRODUCT_DEFINITION_CONTEXT ( 'detailed design', #482, 'design' ) ;
#1686 = CONTEXT_DEPENDENT_SHAPE_REPRESENTATION ( #1530, #1220 ) ;
#1687 = IDENTIFICATION_ROLE ( 'external document id and location', $) ;
#1688 = PROPERTY_DEFINITION ('document property','', #1754 ) ;
#1689 = APPLICATION_PROTOCOL_DEFINITION ( 'draft international standard', 'automotive_design', 1998, #1653 ) ;
#1690 = PRODUCT_RELATED_PRODUCT_CATEGORY ( 'part', '', ( #150 ) ) ;
#1691 = PRODUCT ( 'Jaw holder - 2', 'Jaw holder - 2', '', ( #1791 ) ) ;
#1692 = DOCUMENT_FILE ( 'TeethUp.STEP' , '', '', #479, '' ,$ ) ;
#1693 = DIRECTION ( 'NONE',  ( -0.5739106145770401790, 0.03252724503843944237, -0.8182717059791410064 ) ) ;
#1694 = AXIS2_PLACEMENT_3D ( 'NONE', #509, #1461, #706 ) ;
#1695 = IDENTIFICATION_ROLE ( 'external document id and location', $) ;
#1696 = APPLIED_DOCUMENT_REFERENCE ( #1061,'',( #476) ) ;
#1697 =( REPRESENTATION_RELATIONSHIP ('NONE','NONE', #563, #1646 ) REPRESENTATION_RELATIONSHIP_WITH_TRANSFORMATION ( #929 )SHAPE_REPRESENTATION_RELATIONSHIP( ) );
#1698 = OBJECT_ROLE ('mandatory',$ ) ;
#1699 = AXIS2_PLACEMENT_3D ( 'NONE', #1405, #940, #354 ) ;
#1700 = PRODUCT_DEFINITION ( 'General', '', #195, #1648 ) ;
#1701 = CARTESIAN_POINT ( 'NONE',  ( 131.1586747372102195, 56.54542180302978949, 192.0030998877337822 ) ) ;
#1702 = AXIS2_PLACEMENT_3D ( 'NONE', #891, #568, #161 ) ;
#1703 = PRODUCT_DEFINITION_CONTEXT ( 'detailed design', #1097, 'design' ) ;
#1704 = PROPERTY_DEFINITION ('external definition','', #1770 ) ;
#1705 = APPLIED_EXTERNAL_IDENTIFICATION_ASSIGNMENT ( 'MG90 - Holder 3.STEP' , #346, #748,( #1317) ) ;
#1706 = PRODUCT_DEFINITION_FORMATION_WITH_SPECIFIED_SOURCE ( 'Symmetric', '', #1395, .NOT_KNOWN. ) ;
#1707 = PROPERTY_DEFINITION ('external definition','', #1094 ) ;
#1708 = APPLIED_EXTERNAL_IDENTIFICATION_ASSIGNMENT ( 'Rod betweem jaw back.STEP' , #174, #807,( #1455) ) ;
#1709 = SHAPE_REPRESENTATION ( 'MG90 - Holder 3', ( #308 ), #1563 ) ;
#1710 = DOCUMENT_TYPE ( 'geometry' ) ;
#1711 = ITEM_DEFINED_TRANSFORMATION ( 'NONE', 'NONE', #1764,  #1479 ) ;
#1712 = IDENTIFICATION_ROLE ( 'external document id and location', $) ;
#1713 = DIRECTION ( 'NONE',  ( 0.0009252552582363273315, -0.08350134973638509428, -0.9965072345421828182 ) ) ;
#1714 = DOCUMENT_FILE ( 'Rod new lip middle.STEP' , '', '', #1315, '' ,$ ) ;
#1715 = PROPERTY_DEFINITION_REPRESENTATION ( #1359, #1373 ) ;
#1716 =( NAMED_UNIT ( * ) PLANE_ANGLE_UNIT ( ) SI_UNIT ( $, .RADIAN. ) );
#1717 = SHAPE_REPRESENTATION ( 'Servo holder - Mouth 3', ( #21 ), #1326 ) ;
#1718 = DIRECTION ( 'NONE',  ( 0.000000000000000000, 0.000000000000000000, 1.000000000000000000 ) ) ;
#1719 = PROPERTY_DEFINITION ('external definition','', #1640 ) ;
#1720 = EXTERNAL_SOURCE (IDENTIFIER('') ) ;
#1721 = DOCUMENT_FILE ( 'PTK 7350.STEP' , '', '', #579, '' ,$ ) ;
#1722 = CARTESIAN_POINT ( 'NONE',  ( 94.85891347656205141, 43.68547316192074703, 228.4168535980881245 ) ) ;
#1723 = PRODUCT_DEFINITION_SHAPE ( 'NONE', 'NONE',  #1921 ) ;
#1724 = DOCUMENT_TYPE ( 'geometry' ) ;
#1725 = ROLE_ASSOCIATION ( #1006, #1433 ) ;
#1726 = AXIS2_PLACEMENT_3D ( 'NONE', #1663, #1743, #1730 ) ;
#1727 = APPLICATION_CONTEXT ( 'automotive_design' ) ;
#1728 =( LENGTH_UNIT ( ) NAMED_UNIT ( * ) SI_UNIT ( .MILLI., .METRE. ) );
#1729 = PROPERTY_DEFINITION ('document property','', #978 ) ;
#1730 = DIRECTION ( 'NONE',  ( 1.000000000000000000, 0.000000000000000000, 0.000000000000000000 ) ) ;
#1731 = DIRECTION ( 'NONE',  ( 0.9999447958611555887, 0.01050727967703058915, 4.799979726220717277E-05 ) ) ;
#1732 =( REPRESENTATION_RELATIONSHIP ('NONE','NONE', #563, #1565 ) REPRESENTATION_RELATIONSHIP_WITH_TRANSFORMATION ( #1547 )SHAPE_REPRESENTATION_RELATIONSHIP( ) );
#1733 = ITEM_DEFINED_TRANSFORMATION ( 'NONE', 'NONE', #661,  #494 ) ;
#1734 = OBJECT_ROLE ('mandatory',$ ) ;
#1735 = PRODUCT_DEFINITION_SHAPE ( 'NONE', 'NONE',  #1915 ) ;
#1736 = AXIS2_PLACEMENT_3D ( 'NONE', #1347, #433, #1036 ) ;
#1737 = CONTEXT_DEPENDENT_SHAPE_REPRESENTATION ( #958, #900 ) ;
#1738 = APPLIED_EXTERNAL_IDENTIFICATION_ASSIGNMENT ( 'Servo holder - Mouth 2.STEP' , #1635, #1741,( #534) ) ;
#1739 =( LENGTH_UNIT ( ) NAMED_UNIT ( * ) SI_UNIT ( .MILLI., .METRE. ) );
#1740 =( REPRESENTATION_RELATIONSHIP ('NONE','NONE', #563, #1373 ) REPRESENTATION_RELATIONSHIP_WITH_TRANSFORMATION ( #387 )SHAPE_REPRESENTATION_RELATIONSHIP( ) );
#1741 = EXTERNAL_SOURCE (IDENTIFIER('') ) ;
#1742 = PRODUCT_RELATED_PRODUCT_CATEGORY ( 'part', '', ( #487 ) ) ;
#1743 = DIRECTION ( 'NONE',  ( 0.000000000000000000, 0.000000000000000000, 1.000000000000000000 ) ) ;
#1744 = PROPERTY_DEFINITION ('document property','', #624 ) ;
#1745 = CONTEXT_DEPENDENT_SHAPE_REPRESENTATION ( #1196, #1498 ) ;
#1746 = DIRECTION ( 'NONE',  ( -0.1739079175444763758, 0.04604269338900919550, 0.9836849630856566717 ) ) ;
#1747 = ROLE_ASSOCIATION ( #1698, #1292 ) ;
#1748 = EXTERNAL_SOURCE (IDENTIFIER('') ) ;
#1749 =( LENGTH_UNIT ( ) NAMED_UNIT ( * ) SI_UNIT ( .MILLI., .METRE. ) );
#1750 = PRODUCT_DEFINITION ( 'General', '', #1358, #738 ) ;
#1751 = PRODUCT_DEFINITION_SHAPE ( 'NONE', 'NONE',  #1912 ) ;
#1752 = CARTESIAN_POINT ( 'NONE',  ( 128.4259055453369740, 107.6376624695558490, 236.7349419456218129 ) ) ;
#1753 = PRODUCT_RELATED_PRODUCT_CATEGORY ( 'part', '', ( #934 ) ) ;
#1754 = DOCUMENT_FILE ( 'Servo Head PTK7350.STEP' , '', '', #835, '' ,$ ) ;
#1755 = PROPERTY_DEFINITION ('external definition','', #1328 ) ;
#1756 = ITEM_DEFINED_TRANSFORMATION ( 'NONE', 'NONE', #348,  #1880 ) ;
#1757 =( REPRESENTATION_RELATIONSHIP ('NONE','NONE', #563, #1373 ) REPRESENTATION_RELATIONSHIP_WITH_TRANSFORMATION ( #756 )SHAPE_REPRESENTATION_RELATIONSHIP( ) );
#1758 = ITEM_DEFINED_TRANSFORMATION ( 'NONE', 'NONE', #1356,  #1880 ) ;
#1759 = PRODUCT_DEFINITION ( 'General', '', #1834, #714 ) ;
#1760 = CONTEXT_DEPENDENT_SHAPE_REPRESENTATION ( #1851, #1091 ) ;
#1761 = EXTERNAL_SOURCE (IDENTIFIER('') ) ;
#1762 = PRODUCT_DEFINITION_CONTEXT ( 'detailed design', #1275, 'design' ) ;
#1763 = DOCUMENT_FILE ( 'Servo holder.STEP' , '', '', #1657, '' ,$ ) ;
#1764 = AXIS2_PLACEMENT_3D ( 'NONE', #444, #1631, #1794 ) ;
#1765 = IDENTIFICATION_ROLE ( 'external document id and location', $) ;
#1766 = PRODUCT_DEFINITION_SHAPE ( 'NONE', 'NONE',  #1918 ) ;
#1767 = SHAPE_DEFINITION_REPRESENTATION ( #599, #1565 ) ;
#1768 = APPLIED_EXTERNAL_IDENTIFICATION_ASSIGNMENT ( 'Jaw holder - 2.STEP' , #1026, #110,( #668) ) ;
#1769 = APPLIED_EXTERNAL_IDENTIFICATION_ASSIGNMENT ( 'Servo Head PTK7350.STEP' , #491, #1522,( #1754) ) ;
#1770 = DOCUMENT_FILE ( 'Servo Head PTK7350.STEP' , '', '', #651, '' ,$ ) ;
#1771 = DIRECTION ( 'NONE',  ( 0.000000000000000000, 0.000000000000000000, 1.000000000000000000 ) ) ;
#1772 = SHAPE_REPRESENTATION ( 'MG90 - Holder1', ( #1034 ), #1512 ) ;
#1773 =( NAMED_UNIT ( * ) SI_UNIT ( $, .STERADIAN. ) SOLID_ANGLE_UNIT ( ) );
#1774 = PROPERTY_DEFINITION ('document property','', #428 ) ;
#1775 = DOCUMENT_TYPE ( 'geometry' ) ;
#1776 = ITEM_DEFINED_TRANSFORMATION ( 'NONE', 'NONE', #61,  #1821 ) ;
#1777 = PROPERTY_DEFINITION_REPRESENTATION ( #688, #1577 ) ;
#1778 = DOCUMENT_TYPE ( 'geometry' ) ;
#1779 = DIRECTION ( 'NONE',  ( 1.000000000000000000, 0.000000000000000000, 0.000000000000000000 ) ) ;
#1780 = PRODUCT_CONTEXT ( 'NONE', #1858, 'mechanical' ) ;
#1781 = APPLICATION_CONTEXT ( 'automotive_design' ) ;
#1782 =( NAMED_UNIT ( * ) SI_UNIT ( $, .STERADIAN. ) SOLID_ANGLE_UNIT ( ) );
#1783 = CARTESIAN_POINT ( 'NONE',  ( 112.3753665238297685, 39.18777570910022234, 233.3935056601746112 ) ) ;
#1784 = SHAPE_REPRESENTATION ( 'MG90 Servo', ( #999 ), #377 ) ;
#1785 = PRODUCT ( 'PTK 7350', 'PTK 7350', '', ( #423 ) ) ;
#1786 = IDENTIFICATION_ROLE ( 'external document id and location', $) ;
#1787 = PRODUCT_DEFINITION_CONTEXT ( 'detailed design', #1574, 'design' ) ;
#1788 = PROPERTY_DEFINITION_REPRESENTATION ( #518, #632 ) ;
#1789 = PRODUCT_DEFINITION_SHAPE ( 'NONE', 'NONE',  #1759 ) ;
#1790 = DIRECTION ( 'NONE',  ( 1.000000000000000000, 0.000000000000000000, 0.000000000000000000 ) ) ;
#1791 = PRODUCT_CONTEXT ( 'NONE', #943, 'mechanical' ) ;
#1792 =( REPRESENTATION_RELATIONSHIP ('NONE','NONE', #563, #1366 ) REPRESENTATION_RELATIONSHIP_WITH_TRANSFORMATION ( #1668 )SHAPE_REPRESENTATION_RELATIONSHIP( ) );
#1793 = APPLICATION_CONTEXT ( 'automotive_design' ) ;
#1794 = DIRECTION ( 'NONE',  ( 1.000000000000000000, 0.000000000000000000, 0.000000000000000000 ) ) ;
#1795 = PROPERTY_DEFINITION_REPRESENTATION ( #1688, #1233 ) ;
#1796 = APPLIED_DOCUMENT_REFERENCE ( #1634,'',( #276) ) ;
#1797 = CARTESIAN_POINT ( 'NONE',  ( 82.44713891602472700, 98.81741356679928856, 205.9825504521203925 ) ) ;
#1798 = EXTERNAL_SOURCE (IDENTIFIER('') ) ;
#1799 = APPLICATION_PROTOCOL_DEFINITION ( 'draft international standard', 'automotive_design', 1998, #229 ) ;
#1800 = AXIS2_PLACEMENT_3D ( 'NONE', #436, #1261, #504 ) ;
#1801 = EXTERNAL_SOURCE (IDENTIFIER('') ) ;
#1802 = PRODUCT_DEFINITION ( 'General', '', #1170, #435 ) ;
#1803 = CARTESIAN_POINT ( 'NONE',  ( 0.000000000000000000, 0.000000000000000000, 0.000000000000000000 ) ) ;
#1804 = PROPERTY_DEFINITION ('external definition','', #668 ) ;
#1805 = CARTESIAN_POINT ( 'NONE',  ( 71.01049370555907103, 103.2677623098599327, 225.6753951362074986 ) ) ;
#1806 = CONTEXT_DEPENDENT_SHAPE_REPRESENTATION ( #1414, #1269 ) ;
#1807 = IDENTIFICATION_ROLE ( 'external document id and location', $) ;
#1808 = APPLIED_EXTERNAL_IDENTIFICATION_ASSIGNMENT ( 'JawRod-180.STEP' , #963, #1430,( #1357) ) ;
#1809 = ITEM_DEFINED_TRANSFORMATION ( 'NONE', 'NONE', #1893,  #1880 ) ;
#1810 = PRODUCT_DEFINITION_CONTEXT ( 'detailed design', #767, 'design' ) ;
#1811 = ITEM_DEFINED_TRANSFORMATION ( 'NONE', 'NONE', #1416,  #1128 ) ;
#1812 = APPLICATION_PROTOCOL_DEFINITION ( 'draft international standard', 'automotive_design', 1998, #219 ) ;
#1813 = CARTESIAN_POINT ( 'NONE',  ( 0.000000000000000000, 0.000000000000000000, 0.000000000000000000 ) ) ;
#1814 = APPLICATION_PROTOCOL_DEFINITION ( 'draft international standard', 'automotive_design', 1998, #1380 ) ;
#1815 =( REPRESENTATION_RELATIONSHIP ('NONE','NONE', #563, #364 ) REPRESENTATION_RELATIONSHIP_WITH_TRANSFORMATION ( #352 )SHAPE_REPRESENTATION_RELATIONSHIP( ) );
#1816 = PROPERTY_DEFINITION_REPRESENTATION ( #994, #1233 ) ;
#1817 = ROLE_ASSOCIATION ( #606, #1528 ) ;
#1818 = PRODUCT_DEFINITION_SHAPE ( 'NONE', 'NONE',  #1939 ) ;
#1819 = CONTEXT_DEPENDENT_SHAPE_REPRESENTATION ( #1116, #724 ) ;
#1820 = PRODUCT ( 'Rod new lip middle', 'Rod new lip middle', '', ( #630 ) ) ;
#1821 = AXIS2_PLACEMENT_3D ( 'NONE', #1853, #1878, #350 ) ;
#1822 = APPLICATION_PROTOCOL_DEFINITION ( 'draft international standard', 'automotive_design', 1998, #1084 ) ;
#1823 = ROLE_ASSOCIATION ( #764, #47 ) ;
#1824 = DOCUMENT_TYPE ( 'geometry' ) ;
#1825 = PRODUCT_DEFINITION_CONTEXT ( 'detailed design', #456, 'design' ) ;
#1826 = ROLE_ASSOCIATION ( #1554, #923 ) ;
#1827 = DOCUMENT_TYPE ( 'geometry' ) ;
#1828 = DOCUMENT_FILE ( 'Servo Head PTK7350.STEP' , '', '', #1042, '' ,$ ) ;
#1829 =( GEOMETRIC_REPRESENTATION_CONTEXT ( 3 ) GLOBAL_UNCERTAINTY_ASSIGNED_CONTEXT ( ( #776 ) ) GLOBAL_UNIT_ASSIGNED_CONTEXT ( ( #299, #586, #898 ) ) REPRESENTATION_CONTEXT ( 'NONE', 'WORKASPACE' ) );
#1830 = APPLICATION_CONTEXT ( 'automotive_design' ) ;
#1831 =( LENGTH_UNIT ( ) NAMED_UNIT ( * ) SI_UNIT ( .MILLI., .METRE. ) );
#1832 = AXIS2_PLACEMENT_3D ( 'NONE', #1722, #381, #371 ) ;
#1833 = CONTEXT_DEPENDENT_SHAPE_REPRESENTATION ( #255, #533 ) ;
#1834 = PRODUCT_DEFINITION_FORMATION_WITH_SPECIFIED_SOURCE ( 'Symmetric', '', #1855, .NOT_KNOWN. ) ;
#1835 = DIRECTION ( 'NONE',  ( 0.0004466106405967391825, -0.04706571062128681732, 0.9988916955419387955 ) ) ;
#1836 = PRODUCT_DEFINITION_SHAPE ( 'NONE', 'NONE',  #1923 ) ;
#1837 = APPLIED_EXTERNAL_IDENTIFICATION_ASSIGNMENT ( 'Rod jaw right left.STEP' , #1786, #1720,( #811) ) ;
#1838 =( REPRESENTATION_RELATIONSHIP ('NONE','NONE', #563, #632 ) REPRESENTATION_RELATIONSHIP_WITH_TRANSFORMATION ( #582 )SHAPE_REPRESENTATION_RELATIONSHIP( ) );
#1839 = PRODUCT ( 'MG90 - Holder 3', 'MG90 - Holder 3', '', ( #307 ) ) ;
#1840 = SHAPE_REPRESENTATION ( 'Servo holder - Mouth 2', ( #581 ), #1562 ) ;
#1841 = PROPERTY_DEFINITION_REPRESENTATION ( #147, #1366 ) ;
#1842 = EXTERNAL_SOURCE (IDENTIFIER('') ) ;
#1843 = PRODUCT_DEFINITION ( 'General', '', #526, #208 ) ;
#1844 = EXTERNAL_SOURCE (IDENTIFIER('') ) ;
#1845 = DIRECTION ( 'NONE',  ( 1.000000000000000000, 0.000000000000000000, 0.000000000000000000 ) ) ;
#1846 = ROLE_ASSOCIATION ( #1868, #333 ) ;
#1847 = DIRECTION ( 'NONE',  ( 0.5735840916898590214, -0.001457078902113887603, 0.8191453879998304988 ) ) ;
#1848 = PRODUCT_DEFINITION_CONTEXT ( 'detailed design', #1781, 'design' ) ;
#1849 = DOCUMENT_FILE ( 'Servo holder - Mouth 3.STEP' , '', '', #1651, '' ,$ ) ;
#1850 = SHAPE_REPRESENTATION ( 'Rod new lip RR', ( #941 ), #1199 ) ;
#1851 =( REPRESENTATION_RELATIONSHIP ('NONE','NONE', #563, #1373 ) REPRESENTATION_RELATIONSHIP_WITH_TRANSFORMATION ( #1776 )SHAPE_REPRESENTATION_RELATIONSHIP( ) );
#1852 = PRODUCT_RELATED_PRODUCT_CATEGORY ( 'part', '', ( #1464 ) ) ;
#1853 = CARTESIAN_POINT ( 'NONE',  ( 0.000000000000000000, 0.000000000000000000, 0.000000000000000000 ) ) ;
#1854 = PRODUCT_DEFINITION_SHAPE ( 'NONE', 'NONE',  #1934 ) ;
#1855 = PRODUCT ( 'Fixture 6', 'Fixture 6', '', ( #855 ) ) ;
#1856 = DIRECTION ( 'NONE',  ( -0.2278860623232526750, 0.9066753459744022470, 0.3549757169173698435 ) ) ;
#1857 = PROPERTY_DEFINITION_REPRESENTATION ( #1254, #1565 ) ;
#1858 = APPLICATION_CONTEXT ( 'automotive_design' ) ;
#1859 = DIRECTION ( 'NONE',  ( 1.000000000000000000, 0.000000000000000000, 0.000000000000000000 ) ) ;
#1860 = EXTERNAL_SOURCE (IDENTIFIER('') ) ;
#1861 = AXIS2_PLACEMENT_3D ( 'NONE', #1100, #413, #492 ) ;
#1862 = PROPERTY_DEFINITION_REPRESENTATION ( #1008, #364 ) ;
#1863 = DIRECTION ( 'NONE',  ( -0.001363817642325006576, 0.1343170825166670190, -0.9909374659107653693 ) ) ;
#1864 = PRODUCT_DEFINITION_FORMATION_WITH_SPECIFIED_SOURCE ( 'Symmetric', '', #794, .NOT_KNOWN. ) ;
#1865 =( REPRESENTATION_RELATIONSHIP ('NONE','NONE', #563, #550 ) REPRESENTATION_RELATIONSHIP_WITH_TRANSFORMATION ( #1711 )SHAPE_REPRESENTATION_RELATIONSHIP( ) );
#1866 = CARTESIAN_POINT ( 'NONE',  ( 63.26902710504420213, 89.13330210070358817, 176.6112851303487332 ) ) ;
#1867 = APPLIED_DOCUMENT_REFERENCE ( #1427,'',( #771) ) ;
#1868 = OBJECT_ROLE ('mandatory',$ ) ;
#1869 = PROPERTY_DEFINITION ('external definition','', #1891 ) ;
#1870 = DOCUMENT_FILE ( 'Rod betweem jaw.STEP' , '', '', #226, '' ,$ ) ;
#1871 =( NAMED_UNIT ( * ) PLANE_ANGLE_UNIT ( ) SI_UNIT ( $, .RADIAN. ) );
#1872 = CONTEXT_DEPENDENT_SHAPE_REPRESENTATION ( #1865, #1340 ) ;
#1873 = DIRECTION ( 'NONE',  ( 0.009149831458661277991, -0.8684966444739270486, -0.4956105922211578307 ) ) ;
#1874 = PROPERTY_DEFINITION_REPRESENTATION ( #1073, #1784 ) ;
#1875 =( REPRESENTATION_RELATIONSHIP ('NONE','NONE', #563, #1233 ) REPRESENTATION_RELATIONSHIP_WITH_TRANSFORMATION ( #1526 )SHAPE_REPRESENTATION_RELATIONSHIP( ) );
#1876 = PROPERTY_DEFINITION_REPRESENTATION ( #863, #1436 ) ;
#1877 = OBJECT_ROLE ('mandatory',$ ) ;
#1878 = DIRECTION ( 'NONE',  ( 0.000000000000000000, 0.000000000000000000, 1.000000000000000000 ) ) ;
#1879 = APPLICATION_CONTEXT ( 'automotive_design' ) ;
#1880 = AXIS2_PLACEMENT_3D ( 'NONE', #134, #1483, #278 ) ;
#1881 = PROPERTY_DEFINITION_REPRESENTATION ( #16, #550 ) ;
#1882 = DIRECTION ( 'NONE',  ( 0.006477022248799321237, -0.9998681425817697033, -0.01489112597726333781 ) ) ;
#1883 = PROPERTY_DEFINITION ('document property','', #1427 ) ;
#1884 = CONTEXT_DEPENDENT_SHAPE_REPRESENTATION ( #1037, #18 ) ;
#1885 = PROPERTY_DEFINITION_REPRESENTATION ( #238, #1233 ) ;
#1886 = DOCUMENT_TYPE ( 'geometry' ) ;
#1887 = DIRECTION ( 'NONE',  ( 1.000000000000000000, 0.000000000000000000, 0.000000000000000000 ) ) ;
#1888 = DOCUMENT_TYPE ( 'geometry' ) ;
#1889 = PROPERTY_DEFINITION_REPRESENTATION ( #984, #1366 ) ;
#1890 = CARTESIAN_POINT ( 'NONE',  ( 80.18554883089969110, 49.14318816417771529, 226.5177732389339837 ) ) ;
#1891 = DOCUMENT_FILE ( 'Rod new lip RR.STEP' , '', '', #1104, '' ,$ ) ;
#1892 = PROPERTY_DEFINITION ('external definition','', #1634 ) ;
#1893 = AXIS2_PLACEMENT_3D ( 'NONE', #1324, #725, #1013 ) ;
#1894 = DOCUMENT_FILE ( 'Servo Head PTK7350.STEP' , '', '', #289, '' ,$ ) ;
#1895 = PROPERTY_DEFINITION_REPRESENTATION ( #1402, #1366 ) ;
#1896 = APPLIED_EXTERNAL_IDENTIFICATION_ASSIGNMENT ( 'Lip Holder.STEP' , #669, #871,( #122) ) ;
#1897 = IDENTIFICATION_ROLE ( 'external document id and location', $) ;
#1898 =( NAMED_UNIT ( * ) PLANE_ANGLE_UNIT ( ) SI_UNIT ( $, .RADIAN. ) );
#1899 = PRODUCT_DEFINITION_SHAPE ( 'NONE', 'NONE',  #1945 ) ;
#1900 = PRODUCT_DEFINITION ( 'General', '', #1605, #612 ) ;
#1901 = NEXT_ASSEMBLY_USAGE_OCCURRENCE ( 'NAUO1', ' ', ' ', #489, #652, $ ) ;
#1902 = NEXT_ASSEMBLY_USAGE_OCCURRENCE ( 'NAUO2', ' ', ' ', #489, #1700, $ ) ;
#1903 = NEXT_ASSEMBLY_USAGE_OCCURRENCE ( 'NAUO3', ' ', ' ', #489, #1802, $ ) ;
#1904 = NEXT_ASSEMBLY_USAGE_OCCURRENCE ( 'NAUO4', ' ', ' ', #489, #476, $ ) ;
#1905 = NEXT_ASSEMBLY_USAGE_OCCURRENCE ( 'NAUO5', ' ', ' ', #489, #503, $ ) ;
#1906 = NEXT_ASSEMBLY_USAGE_OCCURRENCE ( 'NAUO6', ' ', ' ', #489, #276, $ ) ;
#1907 = NEXT_ASSEMBLY_USAGE_OCCURRENCE ( 'NAUO7', ' ', ' ', #489, #1032, $ ) ;
#1908 = NEXT_ASSEMBLY_USAGE_OCCURRENCE ( 'NAUO8', ' ', ' ', #489, #1759, $ ) ;
#1909 = NEXT_ASSEMBLY_USAGE_OCCURRENCE ( 'NAUO9', ' ', ' ', #489, #1383, $ ) ;
#1910 = NEXT_ASSEMBLY_USAGE_OCCURRENCE ( 'NAUO10', ' ', ' ', #489, #324, $ ) ;
#1911 = NEXT_ASSEMBLY_USAGE_OCCURRENCE ( 'NAUO11', ' ', ' ', #489, #476, $ ) ;
#1912 = NEXT_ASSEMBLY_USAGE_OCCURRENCE ( 'NAUO12', ' ', ' ', #489, #503, $ ) ;
#1913 = NEXT_ASSEMBLY_USAGE_OCCURRENCE ( 'NAUO13', ' ', ' ', #489, #939, $ ) ;
#1914 = NEXT_ASSEMBLY_USAGE_OCCURRENCE ( 'NAUO14', ' ', ' ', #489, #858, $ ) ;
#1915 = NEXT_ASSEMBLY_USAGE_OCCURRENCE ( 'NAUO15', ' ', ' ', #489, #276, $ ) ;
#1916 = NEXT_ASSEMBLY_USAGE_OCCURRENCE ( 'NAUO16', ' ', ' ', #489, #858, $ ) ;
#1917 = NEXT_ASSEMBLY_USAGE_OCCURRENCE ( 'NAUO17', ' ', ' ', #489, #1644, $ ) ;
#1918 = NEXT_ASSEMBLY_USAGE_OCCURRENCE ( 'NAUO18', ' ', ' ', #489, #71, $ ) ;
#1919 = NEXT_ASSEMBLY_USAGE_OCCURRENCE ( 'NAUO19', ' ', ' ', #489, #973, $ ) ;
#1920 = NEXT_ASSEMBLY_USAGE_OCCURRENCE ( 'NAUO20', ' ', ' ', #489, #1589, $ ) ;
#1921 = NEXT_ASSEMBLY_USAGE_OCCURRENCE ( 'NAUO21', ' ', ' ', #489, #858, $ ) ;
#1922 = NEXT_ASSEMBLY_USAGE_OCCURRENCE ( 'NAUO22', ' ', ' ', #489, #1327, $ ) ;
#1923 = NEXT_ASSEMBLY_USAGE_OCCURRENCE ( 'NAUO23', ' ', ' ', #489, #445, $ ) ;
#1924 = NEXT_ASSEMBLY_USAGE_OCCURRENCE ( 'NAUO24', ' ', ' ', #489, #858, $ ) ;
#1925 = NEXT_ASSEMBLY_USAGE_OCCURRENCE ( 'NAUO25', ' ', ' ', #489, #939, $ ) ;
#1926 = NEXT_ASSEMBLY_USAGE_OCCURRENCE ( 'NAUO26', ' ', ' ', #489, #503, $ ) ;
#1927 = NEXT_ASSEMBLY_USAGE_OCCURRENCE ( 'NAUO27', ' ', ' ', #489, #324, $ ) ;
#1928 = NEXT_ASSEMBLY_USAGE_OCCURRENCE ( 'NAUO28', ' ', ' ', #489, #1124, $ ) ;
#1929 = NEXT_ASSEMBLY_USAGE_OCCURRENCE ( 'NAUO29', ' ', ' ', #489, #1098, $ ) ;
#1930 = NEXT_ASSEMBLY_USAGE_OCCURRENCE ( 'NAUO30', ' ', ' ', #489, #324, $ ) ;
#1931 = NEXT_ASSEMBLY_USAGE_OCCURRENCE ( 'NAUO31', ' ', ' ', #489, #771, $ ) ;
#1932 = NEXT_ASSEMBLY_USAGE_OCCURRENCE ( 'NAUO32', ' ', ' ', #489, #1114, $ ) ;
#1933 = NEXT_ASSEMBLY_USAGE_OCCURRENCE ( 'NAUO33', ' ', ' ', #489, #1259, $ ) ;
#1934 = NEXT_ASSEMBLY_USAGE_OCCURRENCE ( 'NAUO34', ' ', ' ', #489, #1124, $ ) ;
#1935 = NEXT_ASSEMBLY_USAGE_OCCURRENCE ( 'NAUO35', ' ', ' ', #489, #503, $ ) ;
#1936 = NEXT_ASSEMBLY_USAGE_OCCURRENCE ( 'NAUO36', ' ', ' ', #489, #1900, $ ) ;
#1937 = NEXT_ASSEMBLY_USAGE_OCCURRENCE ( 'NAUO37', ' ', ' ', #489, #324, $ ) ;
#1938 = NEXT_ASSEMBLY_USAGE_OCCURRENCE ( 'NAUO38', ' ', ' ', #489, #358, $ ) ;
#1939 = NEXT_ASSEMBLY_USAGE_OCCURRENCE ( 'NAUO39', ' ', ' ', #489, #771, $ ) ;
#1940 = NEXT_ASSEMBLY_USAGE_OCCURRENCE ( 'NAUO40', ' ', ' ', #489, #1140, $ ) ;
#1941 = NEXT_ASSEMBLY_USAGE_OCCURRENCE ( 'NAUO41', ' ', ' ', #489, #476, $ ) ;
#1942 = NEXT_ASSEMBLY_USAGE_OCCURRENCE ( 'NAUO42', ' ', ' ', #489, #476, $ ) ;
#1943 = NEXT_ASSEMBLY_USAGE_OCCURRENCE ( 'NAUO43', ' ', ' ', #489, #503, $ ) ;
#1944 = NEXT_ASSEMBLY_USAGE_OCCURRENCE ( 'NAUO44', ' ', ' ', #489, #1327, $ ) ;
#1945 = NEXT_ASSEMBLY_USAGE_OCCURRENCE ( 'NAUO45', ' ', ' ', #489, #1843, $ ) ;
#1946 = NEXT_ASSEMBLY_USAGE_OCCURRENCE ( 'NAUO46', ' ', ' ', #489, #476, $ ) ;
#1947 = NEXT_ASSEMBLY_USAGE_OCCURRENCE ( 'NAUO47', ' ', ' ', #489, #503, $ ) ;
#1948 = NEXT_ASSEMBLY_USAGE_OCCURRENCE ( 'NAUO48', ' ', ' ', #489, #476, $ ) ;
#1949 = NEXT_ASSEMBLY_USAGE_OCCURRENCE ( 'NAUO49', ' ', ' ', #489, #503, $ ) ;
#1950 = NEXT_ASSEMBLY_USAGE_OCCURRENCE ( 'NAUO50', ' ', ' ', #489, #1281, $ ) ;
#1951 = NEXT_ASSEMBLY_USAGE_OCCURRENCE ( 'NAUO51', ' ', ' ', #489, #476, $ ) ;
#1952 = NEXT_ASSEMBLY_USAGE_OCCURRENCE ( 'NAUO52', ' ', ' ', #489, #476, $ ) ;
#1953 = NEXT_ASSEMBLY_USAGE_OCCURRENCE ( 'NAUO53', ' ', ' ', #489, #476, $ ) ;
#1954 = NEXT_ASSEMBLY_USAGE_OCCURRENCE ( 'NAUO54', ' ', ' ', #489, #503, $ ) ;
#1955 = NEXT_ASSEMBLY_USAGE_OCCURRENCE ( 'NAUO55', ' ', ' ', #489, #503, $ ) ;
#1956 = NEXT_ASSEMBLY_USAGE_OCCURRENCE ( 'NAUO56', ' ', ' ', #489, #1750, $ ) ;
#1957 = NEXT_ASSEMBLY_USAGE_OCCURRENCE ( 'NAUO57', ' ', ' ', #489, #476, $ ) ;
#1958 = NEXT_ASSEMBLY_USAGE_OCCURRENCE ( 'NAUO58', ' ', ' ', #489, #503, $ ) ;
#1959 = NEXT_ASSEMBLY_USAGE_OCCURRENCE ( 'NAUO59', ' ', ' ', #489, #503, $ ) ;
#1960 = NEXT_ASSEMBLY_USAGE_OCCURRENCE ( 'NAUO60', ' ', ' ', #489, #476, $ ) ;
#1961 = NEXT_ASSEMBLY_USAGE_OCCURRENCE ( 'NAUO61', ' ', ' ', #489, #503, $ ) ;
#1962 = NEXT_ASSEMBLY_USAGE_OCCURRENCE ( 'NAUO62', ' ', ' ', #489, #476, $ ) ;
ENDSEC;
END-ISO-10303-21;
