ISO-10303-21;
HEADER;
FILE_DESCRIPTION (( 'STEP AP214' ),
    '1' );
FILE_NAME ('Fixture-10.STEP',
    '2025-10-21T18:57:07',
    ( 'Windows User' ),
    ( '' ),
    'SwSTEP 2.0',
    'SolidWorks 2023',
    '' );
FILE_SCHEMA (( 'AUTOMOTIVE_DESIGN' ));
ENDSEC;

DATA;
#1 = CARTESIAN_POINT ( 'NONE',  ( 9.999999999999998224, 44.50000000000000000, -14.00000000000000000 ) ) ;
#2 = CARTESIAN_POINT ( 'NONE',  ( -0.5543578583526508341, 46.96676181059027044, -10.00000000000000000 ) ) ;
#3 = EDGE_CURVE ( 'NONE', #589, #11, #1039, .T. ) ;
#4 = CYLINDRICAL_SURFACE ( 'NONE', #251, 1.000000000000000444 ) ;
#5 = EDGE_LOOP ( 'NONE', ( #732, #1162, #233, #446, #1393 ) ) ;
#6 = CARTESIAN_POINT ( 'NONE',  ( 1.282806635716404076, 83.71719336428361657, -2.254752968710641792 ) ) ;
#7 = CARTESIAN_POINT ( 'NONE',  ( 8.000000000000000000, 40.50000000000000711, -14.00000000000000000 ) ) ;
#8 = EDGE_CURVE ( 'NONE', #611, #279, #877, .T. ) ;
#9 = FACE_OUTER_BOUND ( 'NONE', #1088, .T. ) ;
#10 = FACE_BOUND ( 'NONE', #391, .T. ) ;
#11 = VERTEX_POINT ( 'NONE', #1305 ) ;
#12 = DIRECTION ( 'NONE',  ( -0.5182908387133896566, 0.5182908387133899897, -0.6802567258113232374 ) ) ;
#13 = DIRECTION ( 'NONE',  ( -1.000000000000000000, 0.000000000000000000, 0.000000000000000000 ) ) ;
#14 = ORIENTED_EDGE ( 'NONE', *, *, #418, .T. ) ;
#15 = DIRECTION ( 'NONE',  ( 0.000000000000000000, 0.7954317200324986237, 0.6060432152628562052 ) ) ;
#16 = CARTESIAN_POINT ( 'NONE',  ( 9.000000000000000000, 40.50000000000000711, -4.000000000000000000 ) ) ;
#17 = ORIENTED_EDGE ( 'NONE', *, *, #726, .T. ) ;
#18 = VECTOR ( 'NONE', #581, 1000.000000000000000 ) ;
#19 = DIRECTION ( 'NONE',  ( 0.000000000000000000, -0.7954317200324981796, -0.6060432152628569824 ) ) ;
#20 = VECTOR ( 'NONE', #1137, 1000.000000000000000 ) ;
#21 = DIRECTION ( 'NONE',  ( -0.000000000000000000, -0.000000000000000000, 1.000000000000000000 ) ) ;
#22 = VECTOR ( 'NONE', #470, 1000.000000000000000 ) ;
#23 = VERTEX_POINT ( 'NONE', #762 ) ;
#24 = DIRECTION ( 'NONE',  ( -1.000000000000000000, 0.000000000000000000, 0.000000000000000000 ) ) ;
#25 = CYLINDRICAL_SURFACE ( 'NONE', #1425, 1.999999999999999778 ) ;
#26 = ORIENTED_EDGE ( 'NONE', *, *, #362, .F. ) ;
#27 = FACE_OUTER_BOUND ( 'NONE', #1023, .T. ) ;
#28 = DIRECTION ( 'NONE',  ( -1.000000000000000000, 0.000000000000000000, 0.000000000000000000 ) ) ;
#29 = ORIENTED_EDGE ( 'NONE', *, *, #374, .T. ) ;
#30 = LINE ( 'NONE', #462, #882 ) ;
#31 = FACE_BOUND ( 'NONE', #769, .T. ) ;
#32 = EDGE_LOOP ( 'NONE', ( #1188, #1157, #1296, #245, #1204 ) ) ;
#33 = EDGE_CURVE ( 'NONE', #289, #947, #1102, .T. ) ;
#34 = CARTESIAN_POINT ( 'NONE',  ( 9.000000000000000000, 44.50000000000000000, -14.00000000000000000 ) ) ;
#35 = VERTEX_POINT ( 'NONE', #1293 ) ;
#36 = CARTESIAN_POINT ( 'NONE',  ( 3.219993094774895592, 24.07191908632467658, -3.500000000000000000 ) ) ;
#37 = LINE ( 'NONE', #1138, #222 ) ;
#38 = VERTEX_POINT ( 'NONE', #534 ) ;
#39 = FACE_OUTER_BOUND ( 'NONE', #479, .T. ) ;
#40 = VERTEX_POINT ( 'NONE', #99 ) ;
#41 = AXIS2_PLACEMENT_3D ( 'NONE', #377, #703, #1031 ) ;
#42 = CARTESIAN_POINT ( 'NONE',  ( 7.000000000000000000, 0.000000000000000000, 0.000000000000000000 ) ) ;
#43 = EDGE_CURVE ( 'NONE', #1121, #915, #1397, .T. ) ;
#44 = EDGE_CURVE ( 'NONE', #1389, #1006, #783, .T. ) ;
#45 = DIRECTION ( 'NONE',  ( 0.000000000000000000, 0.7954317200324981796, -0.6060432152628569824 ) ) ;
#46 = ORIENTED_EDGE ( 'NONE', *, *, #1004, .F. ) ;
#47 = CARTESIAN_POINT ( 'NONE',  ( 2.219993094773973219, 24.07191908632467658, 0.001000000000000132727 ) ) ;
#48 = ORIENTED_EDGE ( 'NONE', *, *, #926, .F. ) ;
#49 = DIRECTION ( 'NONE',  ( 0.000000000000000000, -1.000000000000000000, 0.000000000000000000 ) ) ;
#50 = ADVANCED_FACE ( 'NONE', ( #1097 ), #107, .F. ) ;
#51 = CARTESIAN_POINT ( 'NONE',  ( 4.151581328223518774, 78.99227211343296062, 0.000000000000000000 ) ) ;
#52 = ORIENTED_EDGE ( 'NONE', *, *, #1146, .T. ) ;
#53 = FACE_OUTER_BOUND ( 'NONE', #1382, .T. ) ;
#54 = ORIENTED_EDGE ( 'NONE', *, *, #571, .F. ) ;
#55 = CARTESIAN_POINT ( 'NONE',  ( 4.444892723921685551, 47.04418777598477419, -3.499999999999999556 ) ) ;
#56 = DIRECTION ( 'NONE',  ( 1.000000000000000000, 0.000000000000000000, 0.000000000000000000 ) ) ;
#57 = ORIENTED_EDGE ( 'NONE', *, *, #192, .T. ) ;
#58 = AXIS2_PLACEMENT_3D ( 'NONE', #1283, #12, #1325 ) ;
#59 = PLANE ( 'NONE',  #417 ) ;
#60 = ORIENTED_EDGE ( 'NONE', *, *, #1007, .F. ) ;
#61 = AXIS2_PLACEMENT_3D ( 'NONE', #1369, #180, #65 ) ;
#62 = CARTESIAN_POINT ( 'NONE',  ( 3.000000000000000000, 61.20000000000000284, -3.500000000000000000 ) ) ;
#63 = CIRCLE ( 'NONE', #512, 1.149999999999997913 ) ;
#64 = VECTOR ( 'NONE', #1321, 1000.000000000000000 ) ;
#65 = DIRECTION ( 'NONE',  ( -1.000000000000000000, 0.000000000000000000, 0.000000000000000000 ) ) ;
#66 = PRODUCT_DEFINITION_SHAPE ( 'NONE', 'NONE',  #1207 ) ;
#67 = VECTOR ( 'NONE', #545, 1000.000000000000000 ) ;
#68 = ORIENTED_EDGE ( 'NONE', *, *, #909, .F. ) ;
#69 = DIRECTION ( 'NONE',  ( 0.000000000000000000, 0.7954317200324988457, -0.6060432152628559832 ) ) ;
#70 = ORIENTED_EDGE ( 'NONE', *, *, #825, .T. ) ;
#71 = DIRECTION ( 'NONE',  ( -0.000000000000000000, -1.000000000000000000, -0.000000000000000000 ) ) ;
#72 = CARTESIAN_POINT ( 'NONE',  ( 3.219993094774895592, 24.07191908632467658, 0.001000000000000132727 ) ) ;
#73 = ORIENTED_EDGE ( 'NONE', *, *, #839, .F. ) ;
#74 = CARTESIAN_POINT ( 'NONE',  ( 7.000000000000000000, 46.50000000000000000, -14.00000000000000000 ) ) ;
#75 = ADVANCED_FACE ( 'NONE', ( #406 ), #846, .F. ) ;
#76 = ORIENTED_EDGE ( 'NONE', *, *, #1398, .T. ) ;
#77 = LINE ( 'NONE', #963, #276 ) ;
#78 = CARTESIAN_POINT ( 'NONE',  ( 3.483787218313734169, 83.08928132815131562, 5.421010862427522170E-17 ) ) ;
#79 = ORIENTED_EDGE ( 'NONE', *, *, #1216, .F. ) ;
#80 = CARTESIAN_POINT ( 'NONE',  ( 4.444892723921685551, 47.04418777598477419, -10.00000000000000000 ) ) ;
#81 = VERTEX_POINT ( 'NONE', #1 ) ;
#82 = DIRECTION ( 'NONE',  ( -0.5182908387133895456, 0.5182908387133901007, -0.6802567258113232374 ) ) ;
#83 = EDGE_LOOP ( 'NONE', ( #297, #960 ) ) ;
#84 = DIRECTION ( 'NONE',  ( -0.5182908387133896566, 0.5182908387133901007, -0.6802567258113232374 ) ) ;
#85 = VECTOR ( 'NONE', #999, 1000.000000000000000 ) ;
#86 = LINE ( 'NONE', #540, #1197 ) ;
#87 = EDGE_CURVE ( 'NONE', #923, #493, #1111, .T. ) ;
#88 = ORIENTED_EDGE ( 'NONE', *, *, #194, .T. ) ;
#89 = CIRCLE ( 'NONE', #537, 0.9999999999923537830 ) ;
#90 = EDGE_CURVE ( 'NONE', #1268, #915, #122, .T. ) ;
#91 = PRESENTATION_STYLE_ASSIGNMENT (( #768 ) ) ;
#92 = CIRCLE ( 'NONE', #1314, 0.9999999999988733457 ) ;
#93 = DIRECTION ( 'NONE',  ( -1.000000000000000000, 0.000000000000000000, 0.000000000000000000 ) ) ;
#94 = DIRECTION ( 'NONE',  ( -0.000000000000000000, -0.000000000000000000, 1.000000000000000000 ) ) ;
#95 = ADVANCED_FACE ( 'NONE', ( #448 ), #688, .F. ) ;
#96 = DIRECTION ( 'NONE',  ( -0.000000000000000000, -0.000000000000000000, -1.000000000000000000 ) ) ;
#97 = VERTEX_POINT ( 'NONE', #1341 ) ;
#98 = DIRECTION ( 'NONE',  ( -0.7954317200324988457, 0.000000000000000000, 0.6060432152628559832 ) ) ;
#99 = CARTESIAN_POINT ( 'NONE',  ( 2.219993094773973219, 24.07191908632467658, 0.000000000000000000 ) ) ;
#100 = CARTESIAN_POINT ( 'NONE',  ( 13.20349592612434542, 71.79650407387566702, 13.39115172494976491 ) ) ;
#101 = DIRECTION ( 'NONE',  ( -0.000000000000000000, -0.000000000000000000, 1.000000000000000000 ) ) ;
#102 = ORIENTED_EDGE ( 'NONE', *, *, #1285, .T. ) ;
#103 = EDGE_CURVE ( 'NONE', #561, #289, #796, .T. ) ;
#104 = CARTESIAN_POINT ( 'NONE',  ( 2.027641179390035742, 4.988543692015734443, 0.000000000000000000 ) ) ;
#105 = VERTEX_POINT ( 'NONE', #1001 ) ;
#106 = EDGE_CURVE ( 'NONE', #270, #554, #1331, .T. ) ;
#107 = CYLINDRICAL_SURFACE ( 'NONE', #736, 1.000000000000000888 ) ;
#108 = CARTESIAN_POINT ( 'NONE',  ( 2.697252945081208608, 82.30274705491879672, 0.000000000000000000 ) ) ;
#109 = LINE ( 'NONE', #913, #1130 ) ;
#110 = CIRCLE ( 'NONE', #691, 1.999999999999999778 ) ;
#111 = CIRCLE ( 'NONE', #1056, 1.000000000000000444 ) ;
#112 =( LENGTH_UNIT ( ) NAMED_UNIT ( * ) SI_UNIT ( .MILLI., .METRE. ) );
#113 = CIRCLE ( 'NONE', #293, 1.000000000000921929 ) ;
#114 = EDGE_LOOP ( 'NONE', ( #1353, #1247, #14, #1068 ) ) ;
#115 = AXIS2_PLACEMENT_3D ( 'NONE', #356, #896, #1320 ) ;
#116 = EDGE_CURVE ( 'NONE', #330, #631, #337, .T. ) ;
#117 = DIRECTION ( 'NONE',  ( -1.000000000000000000, 0.000000000000000000, 0.000000000000000000 ) ) ;
#118 = CARTESIAN_POINT ( 'NONE',  ( 8.000000000000000000, 40.50000000000000711, -4.000000000000000000 ) ) ;
#119 = CARTESIAN_POINT ( 'NONE',  ( 7.000000000000000000, 38.50000000000000711, -14.00000000000000000 ) ) ;
#120 = DIRECTION ( 'NONE',  ( 0.000000000000000000, -0.7954317200324976245, 0.6060432152628577596 ) ) ;
#121 = EDGE_LOOP ( 'NONE', ( #617, #687, #975, #1337 ) ) ;
#122 = LINE ( 'NONE', #901, #1149 ) ;
#123 = CARTESIAN_POINT ( 'NONE',  ( -2.000000000000000000, 80.79999999999999716, -3.500000000000000000 ) ) ;
#124 = EDGE_CURVE ( 'NONE', #321, #1093, #247, .T. ) ;
#125 = ADVANCED_BREP_SHAPE_REPRESENTATION ( 'Fixture-10', ( #189, #229 ), #296 ) ;
#126 = DIRECTION ( 'NONE',  ( 0.7071067811865474617, -0.7071067811865474617, 0.000000000000000000 ) ) ;
#127 = FACE_BOUND ( 'NONE', #1072, .T. ) ;
#128 = ORIENTED_EDGE ( 'NONE', *, *, #869, .T. ) ;
#129 = DIRECTION ( 'NONE',  ( -0.5182908387133896566, 0.5182908387133899897, -0.6802567258113232374 ) ) ;
#130 = CYLINDRICAL_SURFACE ( 'NONE', #833, 0.9999999999988733457 ) ;
#131 = ORIENTED_EDGE ( 'NONE', *, *, #981, .T. ) ;
#132 = CARTESIAN_POINT ( 'NONE',  ( 9.999999999999998224, 44.50000000000000000, -4.000000000000000000 ) ) ;
#133 = ADVANCED_FACE ( 'NONE', ( #1008 ), #782, .F. ) ;
#134 = CARTESIAN_POINT ( 'NONE',  ( 1.000000000000000000, 64.07000000000000739, -3.500000000000000000 ) ) ;
#135 = ORIENTED_EDGE ( 'NONE', *, *, #259, .F. ) ;
#136 = AXIS2_PLACEMENT_3D ( 'NONE', #433, #985, #858 ) ;
#137 = DIRECTION ( 'NONE',  ( -0.5182908387133896566, 0.5182908387133899897, -0.6802567258113232374 ) ) ;
#138 = VECTOR ( 'NONE', #998, 1000.000000000000000 ) ;
#139 = LINE ( 'NONE', #1220, #22 ) ;
#140 = AXIS2_PLACEMENT_3D ( 'NONE', #1260, #146, #724 ) ;
#141 = ORIENTED_EDGE ( 'NONE', *, *, #463, .F. ) ;
#142 = AXIS2_PLACEMENT_3D ( 'NONE', #1282, #840, #870 ) ;
#143 = DIRECTION ( 'NONE',  ( -0.000000000000000000, -0.000000000000000000, -1.000000000000000000 ) ) ;
#144 = DIRECTION ( 'NONE',  ( 7.542275982507890673E-16, 0.7954317200324971804, 0.6060432152628583147 ) ) ;
#145 = ORIENTED_EDGE ( 'NONE', *, *, #883, .F. ) ;
#146 = DIRECTION ( 'NONE',  ( 0.000000000000000000, 0.000000000000000000, 1.000000000000000000 ) ) ;
#147 = ORIENTED_EDGE ( 'NONE', *, *, #33, .F. ) ;
#148 = DIRECTION ( 'NONE',  ( -1.000000000000000000, 0.000000000000000000, 0.000000000000000000 ) ) ;
#149 = CARTESIAN_POINT ( 'NONE',  ( -4.336808689942017736E-16, 64.07000000000000739, 0.000000000000000000 ) ) ;
#150 = EDGE_LOOP ( 'NONE', ( #524, #135, #353 ) ) ;
#151 = EDGE_CURVE ( 'NONE', #915, #1121, #1374, .T. ) ;
#152 = FACE_BOUND ( 'NONE', #887, .T. ) ;
#153 = ORIENTED_EDGE ( 'NONE', *, *, #398, .F. ) ;
#154 = CARTESIAN_POINT ( 'NONE',  ( 4.096319120417247106, 1.298186769745166780, 8.619407271259760250E-15 ) ) ;
#155 = LINE ( 'NONE', #953, #250 ) ;
#156 = VERTEX_POINT ( 'NONE', #895 ) ;
#157 = ADVANCED_FACE ( 'NONE', ( #27 ), #476, .F. ) ;
#158 = CIRCLE ( 'NONE', #1376, 1.000000000000000444 ) ;
#159 = DIRECTION ( 'NONE',  ( 0.000000000000000000, 0.000000000000000000, 1.000000000000000000 ) ) ;
#160 = ORIENTED_EDGE ( 'NONE', *, *, #209, .T. ) ;
#161 = AXIS2_PLACEMENT_3D ( 'NONE', #1263, #1375, #816 ) ;
#162 = VECTOR ( 'NONE', #1106, 999.9999999999998863 ) ;
#163 = DIRECTION ( 'NONE',  ( 0.000000000000000000, -0.000000000000000000, -1.000000000000000000 ) ) ;
#164 = EDGE_CURVE ( 'NONE', #1017, #822, #110, .T. ) ;
#165 = DIRECTION ( 'NONE',  ( -0.5182908387133894346, 0.5182908387133894346, -0.6802567258113239035 ) ) ;
#166 = EDGE_LOOP ( 'NONE', ( #176, #749, #1258, #980 ) ) ;
#167 = FACE_OUTER_BOUND ( 'NONE', #744, .T. ) ;
#168 = VERTEX_POINT ( 'NONE', #792 ) ;
#169 = DIRECTION ( 'NONE',  ( 0.000000000000000000, 0.000000000000000000, 1.000000000000000000 ) ) ;
#170 = CARTESIAN_POINT ( 'NONE',  ( 5.581474766913548713, 82.48759724715905861, 0.000000000000000000 ) ) ;
#171 = ORIENTED_EDGE ( 'NONE', *, *, #624, .F. ) ;
#172 = ORIENTED_EDGE ( 'NONE', *, *, #1120, .T. ) ;
#173 = DIRECTION ( 'NONE',  ( 1.000000000000000000, 0.000000000000000000, 0.000000000000000000 ) ) ;
#174 = DIRECTION ( 'NONE',  ( 0.000000000000000000, -0.7954317200324992898, 0.6060432152628553171 ) ) ;
#175 = VERTEX_POINT ( 'NONE', #1225 ) ;
#176 = ORIENTED_EDGE ( 'NONE', *, *, #933, .T. ) ;
#177 = LINE ( 'NONE', #978, #67 ) ;
#178 = AXIS2_PLACEMENT_3D ( 'NONE', #277, #614, #506 ) ;
#179 = CIRCLE ( 'NONE', #369, 0.9999999999999991118 ) ;
#180 = DIRECTION ( 'NONE',  ( 0.000000000000000000, 0.000000000000000000, -1.000000000000000000 ) ) ;
#181 = EDGE_LOOP ( 'NONE', ( #547, #951, #1148, #1309 ) ) ;
#182 = ADVANCED_FACE ( 'NONE', ( #682 ), #469, .T. ) ;
#183 = ORIENTED_EDGE ( 'NONE', *, *, #718, .T. ) ;
#184 = DIRECTION ( 'NONE',  ( -1.000000000000000000, 0.000000000000000000, 0.000000000000000000 ) ) ;
#185 = ORIENTED_EDGE ( 'NONE', *, *, #103, .F. ) ;
#186 = CARTESIAN_POINT ( 'NONE',  ( 1.445642141632056843, 46.96676181059027044, -3.499999999999999556 ) ) ;
#187 = DIRECTION ( 'NONE',  ( -0.000000000000000000, 0.000000000000000000, -1.000000000000000000 ) ) ;
#188 = ORIENTED_EDGE ( 'NONE', *, *, #898, .F. ) ;
#189 = MANIFOLD_SOLID_BREP ( 'Cut-Extrude2', #533 ) ;
#190 = PLANE ( 'NONE',  #539 ) ;
#191 = CARTESIAN_POINT ( 'NONE',  ( 1.282806635716404076, 83.71719336428361657, -2.254752968710641792 ) ) ;
#192 = EDGE_CURVE ( 'NONE', #1281, #753, #1290, .T. ) ;
#193 = CARTESIAN_POINT ( 'NONE',  ( -0.5543578583526508341, 46.96676181059027044, -3.499999999999999556 ) ) ;
#194 = EDGE_CURVE ( 'NONE', #1223, #699, #341, .T. ) ;
#195 = CARTESIAN_POINT ( 'NONE',  ( 7.000000000000000000, 38.50000000000000711, -14.00000000000000000 ) ) ;
#196 = VERTEX_POINT ( 'NONE', #750 ) ;
#197 = CARTESIAN_POINT ( 'NONE',  ( 7.000000000000000000, 85.00000000000000000, -3.500000000000000000 ) ) ;
#198 = PRODUCT_CONTEXT ( 'NONE', #1334, 'mechanical' ) ;
#199 = CARTESIAN_POINT ( 'NONE',  ( 3.151043109293248268, 1.678790064814196903, 0.000000000000000000 ) ) ;
#200 = EDGE_CURVE ( 'NONE', #1346, #97, #553, .T. ) ;
#201 = CARTESIAN_POINT ( 'NONE',  ( 1.445642141632056843, 46.96676181059027044, -10.00000000000000000 ) ) ;
#202 = VECTOR ( 'NONE', #1203, 1000.000000000000114 ) ;
#203 = PLANE ( 'NONE',  #136 ) ;
#204 = VERTEX_POINT ( 'NONE', #1183 ) ;
#205 = AXIS2_PLACEMENT_3D ( 'NONE', #379, #823, #148 ) ;
#206 = CARTESIAN_POINT ( 'NONE',  ( 3.924208082753628979, 5.515071522818618455, 0.000000000000000000 ) ) ;
#207 = AXIS2_PLACEMENT_3D ( 'NONE', #100, #84, #972 ) ;
#208 = CARTESIAN_POINT ( 'NONE',  ( 7.000000000000000000, 85.00000000000000000, -3.500000000000000000 ) ) ;
#209 = EDGE_CURVE ( 'NONE', #11, #1389, #653, .T. ) ;
#210 = LINE ( 'NONE', #766, #925 ) ;
#211 = ORIENTED_EDGE ( 'NONE', *, *, #151, .F. ) ;
#212 = DIRECTION ( 'NONE',  ( 0.000000000000000000, 0.000000000000000000, -1.000000000000000000 ) ) ;
#213 = ORIENTED_EDGE ( 'NONE', *, *, #1413, .F. ) ;
#214 = VERTEX_POINT ( 'NONE', #197 ) ;
#215 = CARTESIAN_POINT ( 'NONE',  ( 0.000000000000000000, 0.000000000000000000, -0.2999999999999998224 ) ) ;
#216 = CARTESIAN_POINT ( 'NONE',  ( 0.4456421416397030044, 46.96676181059027044, 0.000000000000000000 ) ) ;
#217 = ADVANCED_FACE ( 'NONE', ( #638, #1073 ), #1426, .T. ) ;
#218 = ORIENTED_EDGE ( 'NONE', *, *, #890, .F. ) ;
#219 = CARTESIAN_POINT ( 'NONE',  ( 3.000000000000000000, 61.20000000000000284, 0.001000000000008806345 ) ) ;
#220 = LINE ( 'NONE', #108, #162 ) ;
#221 = DIRECTION ( 'NONE',  ( -0.000000000000000000, -0.000000000000000000, -1.000000000000000000 ) ) ;
#222 = VECTOR ( 'NONE', #1229, 1000.000000000000000 ) ;
#223 = LINE ( 'NONE', #1109, #601 ) ;
#224 = AXIS2_PLACEMENT_3D ( 'NONE', #62, #1043, #700 ) ;
#225 = EDGE_LOOP ( 'NONE', ( #1367, #586, #790, #520, #437 ) ) ;
#226 = ADVANCED_FACE ( 'NONE', ( #1208 ), #759, .F. ) ;
#227 = AXIS2_PLACEMENT_3D ( 'NONE', #902, #570, #1127 ) ;
#228 = CARTESIAN_POINT ( 'NONE',  ( 9.000000000000000000, 40.50000000000000711, -4.000000000000000000 ) ) ;
#229 = AXIS2_PLACEMENT_3D ( 'NONE', #961, #315, #1394 ) ;
#230 = DIRECTION ( 'NONE',  ( -1.000000000000000000, 0.000000000000000000, 0.000000000000000000 ) ) ;
#231 = CARTESIAN_POINT ( 'NONE',  ( 7.000000000000000000, 46.50000000000000000, 0.000000000000000000 ) ) ;
#232 = DIRECTION ( 'NONE',  ( 0.000000000000000000, 0.000000000000000000, -1.000000000000000000 ) ) ;
#233 = ORIENTED_EDGE ( 'NONE', *, *, #44, .F. ) ;
#234 = DIRECTION ( 'NONE',  ( 0.000000000000000000, 0.000000000000000000, 1.000000000000000000 ) ) ;
#235 = DIRECTION ( 'NONE',  ( -0.000000000000000000, -0.000000000000000000, 1.000000000000000000 ) ) ;
#236 = ORIENTED_EDGE ( 'NONE', *, *, #909, .T. ) ;
#237 = EDGE_CURVE ( 'NONE', #279, #611, #111, .T. ) ;
#238 = FACE_BOUND ( 'NONE', #83, .T. ) ;
#239 = EDGE_CURVE ( 'NONE', #267, #1209, #1302, .T. ) ;
#240 = CARTESIAN_POINT ( 'NONE',  ( 0.000000000000000000, 85.00000000000000000, -3.500000000000000000 ) ) ;
#241 = ORIENTED_EDGE ( 'NONE', *, *, #43, .F. ) ;
#242 = DIRECTION ( 'NONE',  ( 0.000000000000000000, 0.000000000000000000, 1.000000000000000000 ) ) ;
#243 = LINE ( 'NONE', #784, #929 ) ;
#244 = EDGE_CURVE ( 'NONE', #554, #514, #548, .T. ) ;
#245 = ORIENTED_EDGE ( 'NONE', *, *, #926, .T. ) ;
#246 = DIRECTION ( 'NONE',  ( -9.804958777260227800E-15, 0.7954317200324947379, 0.6060432152628614233 ) ) ;
#247 = CIRCLE ( 'NONE', #510, 1.000000000000917710 ) ;
#248 = CARTESIAN_POINT ( 'NONE',  ( 2.837679151856550952, 82.16232084814346592, -0.2139827912766983919 ) ) ;
#249 = EDGE_LOOP ( 'NONE', ( #931, #404 ) ) ;
#250 = VECTOR ( 'NONE', #263, 1000.000000000000000 ) ;
#251 = AXIS2_PLACEMENT_3D ( 'NONE', #450, #1221, #333 ) ;
#252 = VECTOR ( 'NONE', #1122, 1000.000000000000000 ) ;
#253 = CYLINDRICAL_SURFACE ( 'NONE', #672, 1.149999999999998579 ) ;
#254 = CIRCLE ( 'NONE', #1175, 1.000000000000000888 ) ;
#255 = EDGE_LOOP ( 'NONE', ( #188, #643, #102, #258 ) ) ;
#256 = CARTESIAN_POINT ( 'NONE',  ( 26.10300390748976085, 58.89699609251024270, 30.32175595049185546 ) ) ;
#257 = FACE_OUTER_BOUND ( 'NONE', #1026, .T. ) ;
#258 = ORIENTED_EDGE ( 'NONE', *, *, #890, .T. ) ;
#259 = EDGE_CURVE ( 'NONE', #912, #1194, #359, .T. ) ;
#260 = FACE_BOUND ( 'NONE', #249, .T. ) ;
#261 = ORIENTED_EDGE ( 'NONE', *, *, #1224, .T. ) ;
#262 = DIRECTION ( 'NONE',  ( 0.000000000000000000, -0.7954317200324981796, 0.6060432152628568714 ) ) ;
#263 = DIRECTION ( 'NONE',  ( -0.5182908387133896566, -0.5182908387133899897, -0.6802567258113232374 ) ) ;
#264 = EDGE_LOOP ( 'NONE', ( #794, #532 ) ) ;
#265 = ADVANCED_FACE ( 'NONE', ( #1195 ), #1310, .F. ) ;
#266 = DIRECTION ( 'NONE',  ( 0.000000000000000000, 0.000000000000000000, -1.000000000000000000 ) ) ;
#267 = VERTEX_POINT ( 'NONE', #1100 ) ;
#268 = DIRECTION ( 'NONE',  ( 0.000000000000000000, 0.000000000000000000, -1.000000000000000000 ) ) ;
#269 = CARTESIAN_POINT ( 'NONE',  ( 1.298186769745177882, 80.90368087958276533, 1.843143693225357538E-15 ) ) ;
#270 = VERTEX_POINT ( 'NONE', #780 ) ;
#271 = AXIS2_PLACEMENT_3D ( 'NONE', #584, #996, #888 ) ;
#272 = AXIS2_PLACEMENT_3D ( 'NONE', #16, #1028, #804 ) ;
#273 = DIRECTION ( 'NONE',  ( -0.000000000000000000, -0.000000000000000000, -1.000000000000000000 ) ) ;
#274 = VERTEX_POINT ( 'NONE', #567 ) ;
#275 = CIRCLE ( 'NONE', #810, 0.9999999999999991118 ) ;
#276 = VECTOR ( 'NONE', #662, 1000.000000000000000 ) ;
#277 = CARTESIAN_POINT ( 'NONE',  ( 1.000000000000000000, 64.07000000000000739, -3.500000000000000000 ) ) ;
#278 = CARTESIAN_POINT ( 'NONE',  ( 2.469704366122770445, 1.554957888085385598, 0.000000000000000000 ) ) ;
#279 = VERTEX_POINT ( 'NONE', #149 ) ;
#280 = LINE ( 'NONE', #1254, #1245 ) ;
#281 = ORIENTED_EDGE ( 'NONE', *, *, #609, .T. ) ;
#282 = CARTESIAN_POINT ( 'NONE',  ( 4.219993094775817077, 24.07191908632467658, 0.001000000000000132727 ) ) ;
#283 = CARTESIAN_POINT ( 'NONE',  ( 7.000000000000000000, 85.00000000000000000, 0.000000000000000000 ) ) ;
#284 = ORIENTED_EDGE ( 'NONE', *, *, #259, .T. ) ;
#285 = ORIENTED_EDGE ( 'NONE', *, *, #463, .T. ) ;
#286 = LINE ( 'NONE', #1294, #697 ) ;
#287 = EDGE_CURVE ( 'NONE', #637, #267, #37, .T. ) ;
#288 = CARTESIAN_POINT ( 'NONE',  ( 9.000000000000000000, 44.50000000000000000, -4.000000000000000000 ) ) ;
#289 = VERTEX_POINT ( 'NONE', #1213 ) ;
#290 = ORIENTED_EDGE ( 'NONE', *, *, #192, .F. ) ;
#291 = AXIS2_PLACEMENT_3D ( 'NONE', #72, #528, #1193 ) ;
#292 = DIRECTION ( 'NONE',  ( 0.000000000000000000, -0.000000000000000000, 1.000000000000000000 ) ) ;
#293 = AXIS2_PLACEMENT_3D ( 'NONE', #592, #268, #1273 ) ;
#294 = CIRCLE ( 'NONE', #1014, 1.000000000000917710 ) ;
#295 = LINE ( 'NONE', #757, #1333 ) ;
#296 =( GEOMETRIC_REPRESENTATION_CONTEXT ( 3 ) GLOBAL_UNCERTAINTY_ASSIGNED_CONTEXT ( ( #303 ) ) GLOBAL_UNIT_ASSIGNED_CONTEXT ( ( #1074, #412, #1276 ) ) REPRESENTATION_CONTEXT ( 'NONE', 'WORKASPACE' ) );
#297 = ORIENTED_EDGE ( 'NONE', *, *, #428, .F. ) ;
#298 = DIRECTION ( 'NONE',  ( -0.000000000000000000, -0.000000000000000000, -1.000000000000000000 ) ) ;
#299 =( BOUNDED_CURVE ( )  B_SPLINE_CURVE ( 3, ( #278, #940, #622, #1274 ),
 .UNSPECIFIED., .F., .F. ) 
 B_SPLINE_CURVE_WITH_KNOTS ( ( 4, 4 ),
 ( 5.685833119022782434, 7.597313810039930893 ),
 .UNSPECIFIED. ) 
 CURVE ( )  GEOMETRIC_REPRESENTATION_ITEM ( )  RATIONAL_B_SPLINE_CURVE ( ( 1.000000000000000000, 0.7180028302729986045, 0.7180028302729986045, 1.000000000000000000 ) ) 
 REPRESENTATION_ITEM ( '' )  );
#300 = ADVANCED_FACE ( 'NONE', ( #892 ), #367, .T. ) ;
#301 = EDGE_CURVE ( 'NONE', #1223, #1124, #342, .T. ) ;
#302 = VERTEX_POINT ( 'NONE', #1237 ) ;
#303 = UNCERTAINTY_MEASURE_WITH_UNIT (LENGTH_MEASURE( 1.000000000000000082E-05 ), #1074, 'distance_accuracy_value', 'NONE');
#304 = CARTESIAN_POINT ( 'NONE',  ( 1.298186769745177882, 80.90368087958276533, 1.843143693225357538E-15 ) ) ;
#305 = CARTESIAN_POINT ( 'NONE',  ( 9.000000000000000000, 44.50000000000000000, -4.000000000000000000 ) ) ;
#306 = ORIENTED_EDGE ( 'NONE', *, *, #1419, .F. ) ;
#307 = CARTESIAN_POINT ( 'NONE',  ( 7.000000000000000000, 85.00000000000000000, 0.000000000000000000 ) ) ;
#308 = EDGE_CURVE ( 'NONE', #589, #1255, #63, .T. ) ;
#309 = CARTESIAN_POINT ( 'NONE',  ( 1.282806635716404076, 0.3680601576790190621, -1.557803271158359593 ) ) ;
#310 = ORIENTED_EDGE ( 'NONE', *, *, #124, .T. ) ;
#311 = CARTESIAN_POINT ( 'NONE',  ( 2.697252945081208608, 82.30274705491879672, 0.000000000000000000 ) ) ;
#312 = CARTESIAN_POINT ( 'NONE',  ( -2.000000000000000000, 85.00000000000000000, 0.000000000000000000 ) ) ;
#313 = ORIENTED_EDGE ( 'NONE', *, *, #1051, .T. ) ;
#314 = DIRECTION ( 'NONE',  ( -0.000000000000000000, -0.000000000000000000, 1.000000000000000000 ) ) ;
#315 = DIRECTION ( 'NONE',  ( 0.000000000000000000, 0.000000000000000000, 1.000000000000000000 ) ) ;
#316 = CARTESIAN_POINT ( 'NONE',  ( 3.483787218313735501, 1.910718671848689043, 5.421010862427522170E-17 ) ) ;
#317 = DIRECTION ( 'NONE',  ( -1.000000000000000000, 0.000000000000000000, 0.000000000000000000 ) ) ;
#318 = AXIS2_PLACEMENT_3D ( 'NONE', #6, #129, #676 ) ;
#319 = VECTOR ( 'NONE', #298, 1000.000000000000000 ) ;
#320 = CARTESIAN_POINT ( 'NONE',  ( 9.000000000000000000, 40.50000000000000711, -14.00000000000000000 ) ) ;
#321 = VERTEX_POINT ( 'NONE', #811 ) ;
#322 = VECTOR ( 'NONE', #748, 1000.000000000000000 ) ;
#323 = CARTESIAN_POINT ( 'NONE',  ( 1.212475567546287047, 21.20488693131316893, 0.001000000000000132727 ) ) ;
#324 = VECTOR ( 'NONE', #230, 1000.000000000000000 ) ;
#325 = ORIENTED_EDGE ( 'NONE', *, *, #423, .F. ) ;
#326 = DIRECTION ( 'NONE',  ( 0.5182908387133896566, 0.5182908387133899897, 0.6802567258113232374 ) ) ;
#327 = LINE ( 'NONE', #2, #559 ) ;
#328 = FACE_OUTER_BOUND ( 'NONE', #1101, .T. ) ;
#329 = DIRECTION ( 'NONE',  ( -1.000000000000000000, 0.000000000000000000, 0.000000000000000000 ) ) ;
#330 = VERTEX_POINT ( 'NONE', #789 ) ;
#331 = CARTESIAN_POINT ( 'NONE',  ( 1.212475567546287047, 21.20488693131316893, -3.500000000000000000 ) ) ;
#332 = CARTESIAN_POINT ( 'NONE',  ( -2.000000000000000000, 0.000000000000000000, -0.2999999999999998224 ) ) ;
#333 = DIRECTION ( 'NONE',  ( -1.000000000000000000, 0.000000000000000000, 0.000000000000000000 ) ) ;
#334 = EDGE_CURVE ( 'NONE', #35, #658, #335, .T. ) ;
#335 = LINE ( 'NONE', #1222, #715 ) ;
#336 = ORIENTED_EDGE ( 'NONE', *, *, #164, .T. ) ;
#337 = LINE ( 'NONE', #355, #1009 ) ;
#338 = FACE_OUTER_BOUND ( 'NONE', #835, .T. ) ;
#339 = PLANE ( 'NONE',  #1059 ) ;
#340 = AXIS2_PLACEMENT_3D ( 'NONE', #646, #1191, #93 ) ;
#341 = CIRCLE ( 'NONE', #948, 0.9999999999999991118 ) ;
#342 = LINE ( 'NONE', #360, #535 ) ;
#343 = AXIS2_PLACEMENT_3D ( 'NONE', #727, #169, #373 ) ;
#344 = EDGE_LOOP ( 'NONE', ( #543, #619, #702 ) ) ;
#345 = VECTOR ( 'NONE', #1352, 1000.000000000000114 ) ;
#346 = EDGE_CURVE ( 'NONE', #1268, #561, #1332, .T. ) ;
#347 = DIRECTION ( 'NONE',  ( 0.5182908387133896566, -0.5182908387133901007, 0.6802567258113232374 ) ) ;
#348 = EDGE_CURVE ( 'NONE', #838, #434, #158, .T. ) ;
#349 = CARTESIAN_POINT ( 'NONE',  ( 0.000000000000000000, 85.00000000000000000, 0.000000000000000000 ) ) ;
#350 = ORIENTED_EDGE ( 'NONE', *, *, #106, .T. ) ;
#351 = LINE ( 'NONE', #119, #64 ) ;
#352 = LINE ( 'NONE', #240, #388 ) ;
#353 = ORIENTED_EDGE ( 'NONE', *, *, #575, .T. ) ;
#354 = EDGE_CURVE ( 'NONE', #1209, #35, #573, .T. ) ;
#355 = CARTESIAN_POINT ( 'NONE',  ( 7.000000000000000000, 38.50000000000000711, 0.000000000000000000 ) ) ;
#356 = CARTESIAN_POINT ( 'NONE',  ( 9.000000000000000000, 40.50000000000000711, -4.000000000000000000 ) ) ;
#357 = ORIENTED_EDGE ( 'NONE', *, *, #730, .T. ) ;
#358 = FACE_OUTER_BOUND ( 'NONE', #32, .T. ) ;
#359 =( BOUNDED_CURVE ( )  B_SPLINE_CURVE ( 3, ( #1418, #104, #774, #206 ),
 .UNSPECIFIED., .F., .F. ) 
 B_SPLINE_CURVE_WITH_KNOTS ( ( 4, 4 ),
 ( 1.424304039151977452, 2.544240465432988429 ),
 .UNSPECIFIED. ) 
 CURVE ( )  GEOMETRIC_REPRESENTATION_ITEM ( )  RATIONAL_B_SPLINE_CURVE ( ( 1.000000000000000000, 0.8981813302176112623, 0.8981813302176112623, 1.000000000000000000 ) ) 
 REPRESENTATION_ITEM ( '' )  );
#360 = CARTESIAN_POINT ( 'NONE',  ( 8.000000000000000000, 40.50000000000000711, -4.000000000000000000 ) ) ;
#361 = ORIENTED_EDGE ( 'NONE', *, *, #244, .T. ) ;
#362 = EDGE_CURVE ( 'NONE', #844, #156, #223, .T. ) ;
#363 = CARTESIAN_POINT ( 'NONE',  ( 4.219993094775817077, 24.07191908632467658, -3.500000000000000000 ) ) ;
#364 = ORIENTED_EDGE ( 'NONE', *, *, #1030, .T. ) ;
#365 = CARTESIAN_POINT ( 'NONE',  ( 2.837679151856550952, 82.16232084814346592, -0.2139827912766983919 ) ) ;
#366 = ADVANCED_FACE ( 'NONE', ( #465 ), #907, .F. ) ;
#367 = PLANE ( 'NONE',  #272 ) ;
#368 = ORIENTED_EDGE ( 'NONE', *, *, #632, .F. ) ;
#369 = AXIS2_PLACEMENT_3D ( 'NONE', #550, #1192, #755 ) ;
#370 = FACE_BOUND ( 'NONE', #384, .T. ) ;
#371 = CIRCLE ( 'NONE', #142, 1.149999999999997913 ) ;
#372 = EDGE_LOOP ( 'NONE', ( #284, #1155, #876, #930, #600, #696 ) ) ;
#373 = DIRECTION ( 'NONE',  ( 1.000000000000000000, 0.000000000000000000, 0.000000000000000000 ) ) ;
#374 = EDGE_CURVE ( 'NONE', #214, #658, #352, .T. ) ;
#375 = CARTESIAN_POINT ( 'NONE',  ( -4.336808689942017736E-16, 64.07000000000000739, -3.500000000000000000 ) ) ;
#376 = ORIENTED_EDGE ( 'NONE', *, *, #1024, .F. ) ;
#377 = CARTESIAN_POINT ( 'NONE',  ( 7.000000000000000000, 85.00000000000000000, 0.000000000000000000 ) ) ;
#378 = ORIENTED_EDGE ( 'NONE', *, *, #8, .T. ) ;
#379 = CARTESIAN_POINT ( 'NONE',  ( 3.219993094774895592, 24.07191908632467658, 0.000000000000000000 ) ) ;
#380 = DIRECTION ( 'NONE',  ( 0.000000000000000000, 0.7954317200324981796, -0.6060432152628568714 ) ) ;
#381 = ADVANCED_FACE ( 'NONE', ( #10, #686, #588, #127, #1022, #31, #257 ), #481, .F. ) ;
#382 = ORIENTED_EDGE ( 'NONE', *, *, #90, .F. ) ;
#383 = DIRECTION ( 'NONE',  ( -0.5182908387133896566, -0.5182908387133899897, -0.6802567258113232374 ) ) ;
#384 = EDGE_LOOP ( 'NONE', ( #1145, #955 ) ) ;
#385 = DIRECTION ( 'NONE',  ( 1.000000000000000000, 0.000000000000000000, 0.000000000000000000 ) ) ;
#386 = DIRECTION ( 'NONE',  ( 0.000000000000000000, 1.000000000000000000, 0.000000000000000000 ) ) ;
#387 = ORIENTED_EDGE ( 'NONE', *, *, #389, .F. ) ;
#388 = VECTOR ( 'NONE', #1133, 1000.000000000000000 ) ;
#389 = EDGE_CURVE ( 'NONE', #196, #1093, #920, .T. ) ;
#390 = PLANE ( 'NONE',  #41 ) ;
#391 = EDGE_LOOP ( 'NONE', ( #1249, #1312 ) ) ;
#392 = AXIS2_PLACEMENT_3D ( 'NONE', #472, #143, #1349 ) ;
#393 = PRODUCT ( 'Fixture-10', 'Fixture-10', '', ( #198 ) ) ;
#394 = VECTOR ( 'NONE', #1085, 1000.000000000000000 ) ;
#395 = LINE ( 'NONE', #282, #1289 ) ;
#396 = CYLINDRICAL_SURFACE ( 'NONE', #464, 1.999999999999999778 ) ;
#397 = ORIENTED_EDGE ( 'NONE', *, *, #1419, .T. ) ;
#398 = EDGE_CURVE ( 'NONE', #1093, #321, #904, .T. ) ;
#399 = CARTESIAN_POINT ( 'NONE',  ( 0.000000000000000000, 53.63586800573889946, -41.16542324246771045 ) ) ;
#400 = ORIENTED_EDGE ( 'NONE', *, *, #1004, .T. ) ;
#401 = CARTESIAN_POINT ( 'NONE',  ( -2.000000000000000000, 0.000000000000000000, 0.000000000000000000 ) ) ;
#402 = CARTESIAN_POINT ( 'NONE',  ( 3.444892723922812205, 47.04418777598477419, 0.000000000000000000 ) ) ;
#403 = ORIENTED_EDGE ( 'NONE', *, *, #1224, .F. ) ;
#404 = ORIENTED_EDGE ( 'NONE', *, *, #1042, .F. ) ;
#405 = CARTESIAN_POINT ( 'NONE',  ( -2.000000000000000000, 0.000000000000000000, -0.2999999999999998224 ) ) ;
#406 = FACE_OUTER_BOUND ( 'NONE', #944, .T. ) ;
#407 = PLANE ( 'NONE',  #1084 ) ;
#408 = DIRECTION ( 'NONE',  ( 0.000000000000000000, 0.000000000000000000, -1.000000000000000000 ) ) ;
#409 = ADVANCED_FACE ( 'NONE', ( #797 ), #25, .F. ) ;
#410 = ORIENTED_EDGE ( 'NONE', *, *, #965, .T. ) ;
#411 = AXIS2_PLACEMENT_3D ( 'NONE', #1313, #326, #1075 ) ;
#412 =( NAMED_UNIT ( * ) PLANE_ANGLE_UNIT ( ) SI_UNIT ( $, .RADIAN. ) );
#413 = EDGE_LOOP ( 'NONE', ( #1411, #1288 ) ) ;
#414 = AXIS2_PLACEMENT_3D ( 'NONE', #1036, #1057, #45 ) ;
#415 = LINE ( 'NONE', #1064, #1429 ) ;
#416 = CIRCLE ( 'NONE', #343, 0.9999999999923537830 ) ;
#417 = AXIS2_PLACEMENT_3D ( 'NONE', #504, #1147, #159 ) ;
#418 = EDGE_CURVE ( 'NONE', #330, #923, #934, .T. ) ;
#419 = CYLINDRICAL_SURFACE ( 'NONE', #737, 0.9999999999923537830 ) ;
#420 = VERTEX_POINT ( 'NONE', #1257 ) ;
#421 = FILL_AREA_STYLE_COLOUR ( '', #1424 ) ;
#422 = DIRECTION ( 'NONE',  ( 0.000000000000000000, -0.7954317200324981796, -0.6060432152628568714 ) ) ;
#423 = EDGE_CURVE ( 'NONE', #1271, #874, #880, .T. ) ;
#424 = ORIENTED_EDGE ( 'NONE', *, *, #1262, .T. ) ;
#425 = CARTESIAN_POINT ( 'NONE',  ( 7.000000000000000000, 46.50000000000000000, -14.00000000000000000 ) ) ;
#426 = DIRECTION ( 'NONE',  ( 0.000000000000000000, 0.7954317200324981796, -0.6060432152628569824 ) ) ;
#427 = EDGE_LOOP ( 'NONE', ( #73, #361, #313, #46 ) ) ;
#428 = EDGE_CURVE ( 'NONE', #1124, #168, #580, .T. ) ;
#429 = ORIENTED_EDGE ( 'NONE', *, *, #1120, .F. ) ;
#430 = DIRECTION ( 'NONE',  ( 1.000000000000000000, 0.000000000000000000, 0.000000000000000000 ) ) ;
#431 = VERTEX_POINT ( 'NONE', #496 ) ;
#432 = CARTESIAN_POINT ( 'NONE',  ( 7.000000000000000000, 46.50000000000000000, -14.00000000000000000 ) ) ;
#433 = CARTESIAN_POINT ( 'NONE',  ( -2.000000000000000000, 0.000000000000000000, 0.000000000000000000 ) ) ;
#434 = VERTEX_POINT ( 'NONE', #375 ) ;
#435 = DIRECTION ( 'NONE',  ( -0.000000000000000000, -1.000000000000000000, -0.000000000000000000 ) ) ;
#436 = ORIENTED_EDGE ( 'NONE', *, *, #825, .F. ) ;
#437 = ORIENTED_EDGE ( 'NONE', *, *, #33, .T. ) ;
#438 = PRESENTATION_LAYER_ASSIGNMENT (  '', '', ( #1055 ) ) ;
#439 = DIRECTION ( 'NONE',  ( 0.000000000000000000, 0.000000000000000000, 1.000000000000000000 ) ) ;
#440 = AXIS2_PLACEMENT_3D ( 'NONE', #829, #165, #1266 ) ;
#441 = AXIS2_PLACEMENT_3D ( 'NONE', #1327, #671, #24 ) ;
#442 = CYLINDRICAL_SURFACE ( 'NONE', #291, 1.000000000000921929 ) ;
#443 = AXIS2_PLACEMENT_3D ( 'NONE', #1135, #266, #595 ) ;
#444 = FILL_AREA_STYLE ('',( #421 ) ) ;
#445 = VECTOR ( 'NONE', #1098, 1000.000000000000000 ) ;
#446 = ORIENTED_EDGE ( 'NONE', *, *, #209, .F. ) ;
#447 = AXIS2_PLACEMENT_3D ( 'NONE', #1062, #1178, #184 ) ;
#448 = FACE_OUTER_BOUND ( 'NONE', #606, .T. ) ;
#449 = LINE ( 'NONE', #332, #1379 ) ;
#450 = CARTESIAN_POINT ( 'NONE',  ( 1.000000000000000000, 64.07000000000000739, 0.001000000000008806345 ) ) ;
#451 = EDGE_LOOP ( 'NONE', ( #633, #1275, #801, #160, #145 ) ) ;
#452 = DIRECTION ( 'NONE',  ( -0.000000000000000000, -0.000000000000000000, -1.000000000000000000 ) ) ;
#453 = LINE ( 'NONE', #460, #1199 ) ;
#454 = CARTESIAN_POINT ( 'NONE',  ( 7.000000000000000000, 38.50000000000000711, -14.00000000000000000 ) ) ;
#455 = EDGE_CURVE ( 'NONE', #11, #274, #299, .T. ) ;
#456 = DIRECTION ( 'NONE',  ( 0.000000000000000000, 0.000000000000000000, 1.000000000000000000 ) ) ;
#457 = ORIENTED_EDGE ( 'NONE', *, *, #1176, .F. ) ;
#458 = EDGE_CURVE ( 'NONE', #1255, #1006, #155, .T. ) ;
#459 = CARTESIAN_POINT ( 'NONE',  ( 7.000000000000000000, 0.000000000000000000, 0.000000000000000000 ) ) ;
#460 = CARTESIAN_POINT ( 'NONE',  ( 9.999999999999998224, 44.50000000000000000, -4.000000000000000000 ) ) ;
#461 = EDGE_LOOP ( 'NONE', ( #141, #79, #17, #183 ) ) ;
#462 = CARTESIAN_POINT ( 'NONE',  ( 1.999999999999999112, 61.20000000000000284, 0.001000000000008806345 ) ) ;
#463 = EDGE_CURVE ( 'NONE', #631, #23, #817, .T. ) ;
#464 = AXIS2_PLACEMENT_3D ( 'NONE', #928, #630, #518 ) ;
#465 = FACE_OUTER_BOUND ( 'NONE', #451, .T. ) ;
#466 = VECTOR ( 'NONE', #126, 1000.000000000000114 ) ;
#467 = EDGE_LOOP ( 'NONE', ( #681, #378, #172, #1238 ) ) ;
#468 = AXIS2_PLACEMENT_3D ( 'NONE', #349, #1205, #1112 ) ;
#469 = PLANE ( 'NONE',  #989 ) ;
#470 = DIRECTION ( 'NONE',  ( 1.000000000000000000, -0.000000000000000000, -0.000000000000000000 ) ) ;
#471 = ORIENTED_EDGE ( 'NONE', *, *, #615, .T. ) ;
#472 = CARTESIAN_POINT ( 'NONE',  ( 3.219993094774895592, 24.07191908632467658, 0.001000000000000132727 ) ) ;
#473 = DIRECTION ( 'NONE',  ( 0.000000000000000000, 0.7954317200324980686, -0.6060432152628569824 ) ) ;
#474 = ORIENTED_EDGE ( 'NONE', *, *, #571, .T. ) ;
#475 = ADVANCED_FACE ( 'NONE', ( #843, #610 ), #706, .T. ) ;
#476 = PLANE ( 'NONE',  #693 ) ;
#477 = APPLICATION_CONTEXT ( 'automotive_design' ) ;
#478 = CARTESIAN_POINT ( 'NONE',  ( -2.000000000000000000, 0.000000000000000000, -0.2999999999999998224 ) ) ;
#479 = EDGE_LOOP ( 'NONE', ( #805, #983, #723, #1038 ) ) ;
#480 = CARTESIAN_POINT ( 'NONE',  ( 4.219993094775817077, 24.07191908632467658, 0.000000000000000000 ) ) ;
#481 = PLANE ( 'NONE',  #1215 ) ;
#482 = ORIENTED_EDGE ( 'NONE', *, *, #639, .T. ) ;
#483 = EDGE_CURVE ( 'NONE', #1194, #874, #511, .T. ) ;
#484 = FACE_BOUND ( 'NONE', #413, .T. ) ;
#485 = ORIENTED_EDGE ( 'NONE', *, *, #348, .T. ) ;
#486 = CARTESIAN_POINT ( 'NONE',  ( -0.5543578583526508341, 46.96676181059027044, 0.000000000000000000 ) ) ;
#487 = FACE_OUTER_BOUND ( 'NONE', #1324, .T. ) ;
#488 = ORIENTED_EDGE ( 'NONE', *, *, #883, .T. ) ;
#489 = AXIS2_PLACEMENT_3D ( 'NONE', #305, #187, #873 ) ;
#490 = CIRCLE ( 'NONE', #927, 1.000000000000921929 ) ;
#491 = CIRCLE ( 'NONE', #140, 0.9999999999923537830 ) ;
#492 = LINE ( 'NONE', #47, #949 ) ;
#493 = VERTEX_POINT ( 'NONE', #1362 ) ;
#494 = EDGE_CURVE ( 'NONE', #1017, #822, #1094, .T. ) ;
#495 = CARTESIAN_POINT ( 'NONE',  ( 11.00000000000000000, 38.50000000000000711, -14.00000000000000000 ) ) ;
#496 = CARTESIAN_POINT ( 'NONE',  ( 4.200000000000001954, 0.000000000000000000, -3.500000000000000444 ) ) ;
#497 = EDGE_LOOP ( 'NONE', ( #1066, #1395 ) ) ;
#498 = PLANE ( 'NONE',  #1132 ) ;
#499 = ORIENTED_EDGE ( 'NONE', *, *, #973, .T. ) ;
#500 = DIRECTION ( 'NONE',  ( 0.000000000000000000, 0.000000000000000000, -1.000000000000000000 ) ) ;
#501 = ORIENTED_EDGE ( 'NONE', *, *, #1069, .T. ) ;
#502 = ADVANCED_FACE ( 'NONE', ( #616 ), #507, .F. ) ;
#503 = ADVANCED_FACE ( 'NONE', ( #946 ), #396, .F. ) ;
#504 = CARTESIAN_POINT ( 'NONE',  ( 7.000000000000000000, 38.50000000000000711, -14.00000000000000000 ) ) ;
#505 = ORIENTED_EDGE ( 'NONE', *, *, #423, .T. ) ;
#506 = DIRECTION ( 'NONE',  ( -1.000000000000000000, 0.000000000000000000, 0.000000000000000000 ) ) ;
#507 = CYLINDRICAL_SURFACE ( 'NONE', #1171, 0.9999999999923537830 ) ;
#508 = ORIENTED_EDGE ( 'NONE', *, *, #1184, .F. ) ;
#509 = EDGE_CURVE ( 'NONE', #1230, #1253, #837, .T. ) ;
#510 = AXIS2_PLACEMENT_3D ( 'NONE', #331, #1210, #117 ) ;
#511 =( BOUNDED_CURVE ( )  B_SPLINE_CURVE ( 3, ( #1044, #722, #713, #599 ),
 .UNSPECIFIED., .F., .F. ) 
 B_SPLINE_CURVE_WITH_KNOTS ( ( 4, 4 ),
 ( 2.544240465432988429, 4.858881268027609224 ),
 .UNSPECIFIED. ) 
 CURVE ( )  GEOMETRIC_REPRESENTATION_ITEM ( )  RATIONAL_B_SPLINE_CURVE ( ( 1.000000000000000000, 0.6011965048062922756, 0.6011965048062922756, 1.000000000000000000 ) ) 
 REPRESENTATION_ITEM ( '' )  );
#512 = AXIS2_PLACEMENT_3D ( 'NONE', #593, #1323, #473 ) ;
#513 = CARTESIAN_POINT ( 'NONE',  ( 2.837679151856550952, 82.16232084814346592, -0.2139827912767005569 ) ) ;
#514 = VERTEX_POINT ( 'NONE', #402 ) ;
#515 = AXIS2_PLACEMENT_3D ( 'NONE', #454, #803, #897 ) ;
#516 = VECTOR ( 'NONE', #845, 1000.000000000000000 ) ;
#517 = CARTESIAN_POINT ( 'NONE',  ( 7.000000000000000000, 38.50000000000000711, -14.00000000000000000 ) ) ;
#518 = DIRECTION ( 'NONE',  ( 0.000000000000000000, 0.7954317200324981796, -0.6060432152628568714 ) ) ;
#519 = EDGE_LOOP ( 'NONE', ( #218, #867 ) ) ;
#520 = ORIENTED_EDGE ( 'NONE', *, *, #1160, .F. ) ;
#521 = EDGE_CURVE ( 'NONE', #1346, #770, #557, .T. ) ;
#522 = LINE ( 'NONE', #208, #906 ) ;
#523 = DIRECTION ( 'NONE',  ( 1.000000000000000000, 0.000000000000000000, 0.000000000000000000 ) ) ;
#524 = ORIENTED_EDGE ( 'NONE', *, *, #1086, .F. ) ;
#525 = VERTEX_POINT ( 'NONE', #1065 ) ;
#526 = ADVANCED_FACE ( 'NONE', ( #487 ), #419, .F. ) ;
#527 = LINE ( 'NONE', #857, #394 ) ;
#528 = DIRECTION ( 'NONE',  ( -0.000000000000000000, -0.000000000000000000, -1.000000000000000000 ) ) ;
#529 = ORIENTED_EDGE ( 'NONE', *, *, #308, .F. ) ;
#530 = EDGE_CURVE ( 'NONE', #874, #589, #636, .T. ) ;
#531 = DIRECTION ( 'NONE',  ( -1.000000000000000000, 0.000000000000000000, 0.000000000000000000 ) ) ;
#532 = ORIENTED_EDGE ( 'NONE', *, *, #791, .F. ) ;
#533 = CLOSED_SHELL ( 'NONE', ( #95, #679, #226, #526, #133, #862, #409, #1277, #666, #265, #711, #157, #381, #1115, #819, #1322, #1280, #564, #1412, #217, #475, #75, #366, #1328, #182, #820, #773, #763, #503, #1234, #1015, #1365, #1259, #1103, #1140, #300, #1355, #656, #538, #502, #1166, #802, #50 ) ) ;
#534 = CARTESIAN_POINT ( 'NONE',  ( 11.00000000000000000, 46.50000000000000000, -14.00000000000000000 ) ) ;
#535 = VECTOR ( 'NONE', #673, 1000.000000000000000 ) ;
#536 = DIRECTION ( 'NONE',  ( 1.000000000000000000, 0.000000000000000000, 0.000000000000000000 ) ) ;
#537 = AXIS2_PLACEMENT_3D ( 'NONE', #216, #1206, #523 ) ;
#538 = ADVANCED_FACE ( 'NONE', ( #328 ), #203, .T. ) ;
#539 = AXIS2_PLACEMENT_3D ( 'NONE', #513, #82, #422 ) ;
#540 = CARTESIAN_POINT ( 'NONE',  ( -0.1446197991391677540, 85.00000000000000000, -0.1898134863701577413 ) ) ;
#541 = ORIENTED_EDGE ( 'NONE', *, *, #1364, .T. ) ;
#542 = DIRECTION ( 'NONE',  ( -0.5182908387133896566, -0.5182908387133899897, -0.6802567258113232374 ) ) ;
#543 = ORIENTED_EDGE ( 'NONE', *, *, #1364, .F. ) ;
#544 = ORIENTED_EDGE ( 'NONE', *, *, #389, .T. ) ;
#545 = DIRECTION ( 'NONE',  ( -0.000000000000000000, -0.000000000000000000, 1.000000000000000000 ) ) ;
#546 = DIRECTION ( 'NONE',  ( 0.000000000000000000, -0.7954317200324992898, 0.6060432152628553171 ) ) ;
#547 = ORIENTED_EDGE ( 'NONE', *, *, #639, .F. ) ;
#548 = LINE ( 'NONE', #968, #1311 ) ;
#549 = DIRECTION ( 'NONE',  ( 0.000000000000000000, 0.7954317200324970694, 0.6060432152628583147 ) ) ;
#550 = CARTESIAN_POINT ( 'NONE',  ( 9.000000000000000000, 44.50000000000000000, -14.00000000000000000 ) ) ;
#551 = PLANE ( 'NONE',  #1035 ) ;
#552 = ORIENTED_EDGE ( 'NONE', *, *, #791, .T. ) ;
#553 = LINE ( 'NONE', #664, #319 ) ;
#554 = VERTEX_POINT ( 'NONE', #1392 ) ;
#555 = CARTESIAN_POINT ( 'NONE',  ( 3.000000000000000000, 61.20000000000000284, 0.001000000000008806345 ) ) ;
#556 = CARTESIAN_POINT ( 'NONE',  ( 4.444892723921685551, 47.04418777598477419, -10.00000000000000000 ) ) ;
#557 = CIRCLE ( 'NONE', #1399, 0.9999999999999991118 ) ;
#558 = DIRECTION ( 'NONE',  ( -1.000000000000000000, 0.000000000000000000, 0.000000000000000000 ) ) ;
#559 = VECTOR ( 'NONE', #21, 1000.000000000000000 ) ;
#560 = SURFACE_STYLE_FILL_AREA ( #444 ) ;
#561 = VERTEX_POINT ( 'NONE', #78 ) ;
#562 = DIRECTION ( 'NONE',  ( -0.000000000000000000, -0.000000000000000000, -1.000000000000000000 ) ) ;
#563 = CARTESIAN_POINT ( 'NONE',  ( -2.000000000000000000, 4.200000000000009059, -3.500000000000000000 ) ) ;
#564 = ADVANCED_FACE ( 'NONE', ( #772 ), #442, .F. ) ;
#565 = DIRECTION ( 'NONE',  ( 0.5182908387133896566, -0.5182908387133901007, 0.6802567258113232374 ) ) ;
#566 = EDGE_CURVE ( 'NONE', #637, #1281, #210, .T. ) ;
#567 = CARTESIAN_POINT ( 'NONE',  ( 1.910718671848699035, 3.483787218313724843, -5.421010862427522170E-17 ) ) ;
#568 = ORIENTED_EDGE ( 'NONE', *, *, #374, .F. ) ;
#569 = DIRECTION ( 'NONE',  ( -1.000000000000000000, 0.000000000000000000, 0.000000000000000000 ) ) ;
#570 = DIRECTION ( 'NONE',  ( -0.5182908387133895456, -0.5182908387133901007, -0.6802567258113232374 ) ) ;
#571 = EDGE_CURVE ( 'NONE', #770, #1346, #1104, .T. ) ;
#572 = CARTESIAN_POINT ( 'NONE',  ( 11.00000000000000000, 38.50000000000000711, -14.00000000000000000 ) ) ;
#573 = LINE ( 'NONE', #701, #85 ) ;
#574 = ORIENTED_EDGE ( 'NONE', *, *, #362, .T. ) ;
#575 = EDGE_CURVE ( 'NONE', #912, #1271, #1286, .T. ) ;
#576 = CARTESIAN_POINT ( 'NONE',  ( 2.798064105700449389, 83.44504211191461707, 0.000000000000000000 ) ) ;
#577 = CARTESIAN_POINT ( 'NONE',  ( 9.000000000000000000, 40.50000000000000711, -4.000000000000000000 ) ) ;
#578 = ORIENTED_EDGE ( 'NONE', *, *, #354, .T. ) ;
#579 = CARTESIAN_POINT ( 'NONE',  ( 9.999999999999998224, 40.50000000000000711, -4.000000000000000000 ) ) ;
#580 = CIRCLE ( 'NONE', #61, 0.9999999999999991118 ) ;
#581 = DIRECTION ( 'NONE',  ( -0.000000000000000000, -0.000000000000000000, -1.000000000000000000 ) ) ;
#582 = VECTOR ( 'NONE', #642, 1000.000000000000000 ) ;
#583 = ORIENTED_EDGE ( 'NONE', *, *, #1306, .T. ) ;
#584 = CARTESIAN_POINT ( 'NONE',  ( 4.444892723921685551, 47.04418777598477419, -3.499999999999999556 ) ) ;
#585 = CARTESIAN_POINT ( 'NONE',  ( 1.212475567546287047, 21.20488693131316893, 0.000000000000000000 ) ) ;
#586 = ORIENTED_EDGE ( 'NONE', *, *, #90, .T. ) ;
#587 = DIRECTION ( 'NONE',  ( -1.000000000000000000, 0.000000000000000000, 0.000000000000000000 ) ) ;
#588 = FACE_BOUND ( 'NONE', #1414, .T. ) ;
#589 = VERTEX_POINT ( 'NONE', #1308 ) ;
#590 = FACE_BOUND ( 'NONE', #372, .T. ) ;
#591 = VERTEX_POINT ( 'NONE', #1201 ) ;
#592 = CARTESIAN_POINT ( 'NONE',  ( 3.219993094774895592, 24.07191908632467658, -3.500000000000000000 ) ) ;
#593 = CARTESIAN_POINT ( 'NONE',  ( 2.837679151856550952, 2.837679151856540294, -0.2139827912766983919 ) ) ;
#594 = ORIENTED_EDGE ( 'NONE', *, *, #1252, .T. ) ;
#595 = DIRECTION ( 'NONE',  ( -1.000000000000000000, 0.000000000000000000, -0.000000000000000000 ) ) ;
#596 = ORIENTED_EDGE ( 'NONE', *, *, #521, .T. ) ;
#597 = CARTESIAN_POINT ( 'NONE',  ( 0.000000000000000000, 0.000000000000000000, 0.000000000000000000 ) ) ;
#598 = VECTOR ( 'NONE', #1125, 1000.000000000000000 ) ;
#599 = CARTESIAN_POINT ( 'NONE',  ( 4.096319120417247106, 1.298186769745166780, 8.619407271259760250E-15 ) ) ;
#600 = ORIENTED_EDGE ( 'NONE', *, *, #455, .T. ) ;
#601 = VECTOR ( 'NONE', #914, 1000.000000000000000 ) ;
#602 = AXIS2_PLACEMENT_3D ( 'NONE', #885, #1187, #1287 ) ;
#603 = VECTOR ( 'NONE', #1158, 1000.000000000000000 ) ;
#604 = CARTESIAN_POINT ( 'NONE',  ( 8.000000000000000000, 44.50000000000000000, -4.000000000000000000 ) ) ;
#605 = PRODUCT_DEFINITION_FORMATION_WITH_SPECIFIED_SOURCE ( 'Symmetric', '', #393, .NOT_KNOWN. ) ;
#606 = EDGE_LOOP ( 'NONE', ( #1139, #900, #1278, #1421 ) ) ;
#607 = CARTESIAN_POINT ( 'NONE',  ( 1.282806635716404076, 1.282806635716393640, -2.254752968710641792 ) ) ;
#608 = EDGE_CURVE ( 'NONE', #1230, #525, #959, .T. ) ;
#609 = EDGE_CURVE ( 'NONE', #921, #302, #89, .T. ) ;
#610 = FACE_OUTER_BOUND ( 'NONE', #1360, .T. ) ;
#611 = VERTEX_POINT ( 'NONE', #1423 ) ;
#612 = CYLINDRICAL_SURFACE ( 'NONE', #1291, 0.9999999999999991118 ) ;
#613 = ORIENTED_EDGE ( 'NONE', *, *, #941, .F. ) ;
#614 = DIRECTION ( 'NONE',  ( 0.000000000000000000, 0.000000000000000000, -1.000000000000000000 ) ) ;
#615 = EDGE_CURVE ( 'NONE', #954, #658, #86, .T. ) ;
#616 = FACE_OUTER_BOUND ( 'NONE', #957, .T. ) ;
#617 = ORIENTED_EDGE ( 'NONE', *, *, #1407, .F. ) ;
#618 = CARTESIAN_POINT ( 'NONE',  ( 26.10300390748976085, 26.10300390748976440, 30.32175595049185546 ) ) ;
#619 = ORIENTED_EDGE ( 'NONE', *, *, #1407, .T. ) ;
#620 = LINE ( 'NONE', #1027, #853 ) ;
#621 = EDGE_CURVE ( 'NONE', #168, #1124, #275, .T. ) ;
#622 = CARTESIAN_POINT ( 'NONE',  ( 1.190442016892095722, 2.450418299894147278, 0.000000000000000000 ) ) ;
#623 = EDGE_LOOP ( 'NONE', ( #1214, #1029 ) ) ;
#624 = EDGE_CURVE ( 'NONE', #214, #844, #849, .T. ) ;
#625 = AXIS2_PLACEMENT_3D ( 'NONE', #55, #945, #173 ) ;
#626 = FACE_OUTER_BOUND ( 'NONE', #652, .T. ) ;
#627 = ORIENTED_EDGE ( 'NONE', *, *, #244, .F. ) ;
#628 = VECTOR ( 'NONE', #1396, 999.9999999999998863 ) ;
#629 = DIRECTION ( 'NONE',  ( 0.000000000000000000, -0.7954317200324988457, -0.6060432152628559832 ) ) ;
#630 = DIRECTION ( 'NONE',  ( -0.5182908387133896566, -0.5182908387133901007, -0.6802567258113232374 ) ) ;
#631 = VERTEX_POINT ( 'NONE', #1295 ) ;
#632 = EDGE_CURVE ( 'NONE', #714, #40, #649, .T. ) ;
#633 = ORIENTED_EDGE ( 'NONE', *, *, #458, .F. ) ;
#634 = ORIENTED_EDGE ( 'NONE', *, *, #237, .T. ) ;
#635 = CARTESIAN_POINT ( 'NONE',  ( 0.2124755675453693649, 21.20488693131316893, 0.000000000000000000 ) ) ;
#636 = LINE ( 'NONE', #1416, #785 ) ;
#637 = VERTEX_POINT ( 'NONE', #312 ) ;
#638 = FACE_BOUND ( 'NONE', #1053, .T. ) ;
#639 = EDGE_CURVE ( 'NONE', #699, #168, #295, .T. ) ;
#640 = DIRECTION ( 'NONE',  ( -0.5182908387133896566, 0.5182908387133899897, -0.6802567258113232374 ) ) ;
#641 = LINE ( 'NONE', #1284, #1037 ) ;
#642 = DIRECTION ( 'NONE',  ( 0.000000000000000000, 0.000000000000000000, 1.000000000000000000 ) ) ;
#643 = ORIENTED_EDGE ( 'NONE', *, *, #632, .T. ) ;
#644 = DIRECTION ( 'NONE',  ( -0.5182908387133894346, -0.5182908387133894346, -0.6802567258113239035 ) ) ;
#645 = ORIENTED_EDGE ( 'NONE', *, *, #967, .F. ) ;
#646 = CARTESIAN_POINT ( 'NONE',  ( 1.000000000000000000, 64.07000000000000739, 0.000000000000000000 ) ) ;
#647 = VECTOR ( 'NONE', #386, 1000.000000000000000 ) ;
#648 = DIRECTION ( 'NONE',  ( -0.000000000000000000, -0.000000000000000000, 1.000000000000000000 ) ) ;
#649 = CIRCLE ( 'NONE', #602, 1.000000000000921929 ) ;
#650 = DIRECTION ( 'NONE',  ( -1.000000000000000000, 0.000000000000000000, 0.000000000000000000 ) ) ;
#651 = EDGE_CURVE ( 'NONE', #156, #330, #974, .T. ) ;
#652 = EDGE_LOOP ( 'NONE', ( #336, #735, #1117, #1169, #403 ) ) ;
#653 = LINE ( 'NONE', #1189, #1129 ) ;
#654 = CARTESIAN_POINT ( 'NONE',  ( 2.469704366122770445, 83.44504211191463128, 0.000000000000000000 ) ) ;
#655 = DIRECTION ( 'NONE',  ( -0.000000000000000000, -1.000000000000000000, -0.000000000000000000 ) ) ;
#656 = ADVANCED_FACE ( 'NONE', ( #743 ), #551, .F. ) ;
#657 = DIRECTION ( 'NONE',  ( 0.7954317200324988457, 0.000000000000000000, -0.6060432152628559832 ) ) ;
#658 = VERTEX_POINT ( 'NONE', #1316 ) ;
#659 = DIRECTION ( 'NONE',  ( -1.000000000000000000, 0.000000000000000000, 0.000000000000000000 ) ) ;
#660 = ORIENTED_EDGE ( 'NONE', *, *, #1297, .T. ) ;
#661 = CARTESIAN_POINT ( 'NONE',  ( 1.190442016892096611, 82.54958170010587537, 0.000000000000000000 ) ) ;
#662 = DIRECTION ( 'NONE',  ( -0.000000000000000000, -0.000000000000000000, -1.000000000000000000 ) ) ;
#663 = CARTESIAN_POINT ( 'NONE',  ( 2.837679151856550952, 2.837679151856542070, -0.2139827912767005569 ) ) ;
#664 = CARTESIAN_POINT ( 'NONE',  ( 8.000000000000000000, 44.50000000000000000, -4.000000000000000000 ) ) ;
#665 = ORIENTED_EDGE ( 'NONE', *, *, #1306, .F. ) ;
#666 = ADVANCED_FACE ( 'NONE', ( #1181 ), #1212, .F. ) ;
#667 = CARTESIAN_POINT ( 'NONE',  ( 3.151043109293250488, 83.32120993518579155, 0.000000000000000000 ) ) ;
#668 = FACE_OUTER_BOUND ( 'NONE', #181, .T. ) ;
#669 = AXIS2_PLACEMENT_3D ( 'NONE', #663, #1087, #426 ) ;
#670 = AXIS2_PLACEMENT_3D ( 'NONE', #495, #385, #500 ) ;
#671 = DIRECTION ( 'NONE',  ( -0.000000000000000000, -0.000000000000000000, 1.000000000000000000 ) ) ;
#672 = AXIS2_PLACEMENT_3D ( 'NONE', #618, #383, #1366 ) ;
#673 = DIRECTION ( 'NONE',  ( -0.000000000000000000, -0.000000000000000000, -1.000000000000000000 ) ) ;
#674 = ORIENTED_EDGE ( 'NONE', *, *, #106, .F. ) ;
#675 = EDGE_CURVE ( 'NONE', #1343, #420, #30, .T. ) ;
#676 = DIRECTION ( 'NONE',  ( 0.000000000000000000, 0.7954317200324970694, 0.6060432152628583147 ) ) ;
#677 = LINE ( 'NONE', #889, #445 ) ;
#678 = FACE_OUTER_BOUND ( 'NONE', #995, .T. ) ;
#679 = ADVANCED_FACE ( 'NONE', ( #678 ), #1244, .F. ) ;
#680 = DIRECTION ( 'NONE',  ( -1.000000000000000000, 0.000000000000000000, 0.000000000000000000 ) ) ;
#681 = ORIENTED_EDGE ( 'NONE', *, *, #1398, .F. ) ;
#682 = FACE_OUTER_BOUND ( 'NONE', #1168, .T. ) ;
#683 = LINE ( 'NONE', #1326, #788 ) ;
#684 = ORIENTED_EDGE ( 'NONE', *, *, #354, .F. ) ;
#685 = DIRECTION ( 'NONE',  ( -0.5182908387133896566, 0.5182908387133899897, -0.6802567258113232374 ) ) ;
#686 = FACE_BOUND ( 'NONE', #623, .T. ) ;
#687 = ORIENTED_EDGE ( 'NONE', *, *, #1371, .F. ) ;
#688 = CYLINDRICAL_SURFACE ( 'NONE', #1126, 1.000000000000000888 ) ;
#689 = PLANE ( 'NONE',  #227 ) ;
#690 = ORIENTED_EDGE ( 'NONE', *, *, #116, .T. ) ;
#691 = AXIS2_PLACEMENT_3D ( 'NONE', #776, #347, #19 ) ;
#692 = PLANE ( 'NONE',  #1060 ) ;
#693 = AXIS2_PLACEMENT_3D ( 'NONE', #1217, #569, #234 ) ;
#694 = DIRECTION ( 'NONE',  ( -1.000000000000000000, 0.000000000000000000, 0.000000000000000000 ) ) ;
#695 = AXIS2_PLACEMENT_3D ( 'NONE', #1003, #1131, #558 ) ;
#696 = ORIENTED_EDGE ( 'NONE', *, *, #967, .T. ) ;
#697 = VECTOR ( 'NONE', #629, 1000.000000000000114 ) ;
#698 = FACE_OUTER_BOUND ( 'NONE', #114, .T. ) ;
#699 = VERTEX_POINT ( 'NONE', #579 ) ;
#700 = DIRECTION ( 'NONE',  ( -1.000000000000000000, 0.000000000000000000, 0.000000000000000000 ) ) ;
#701 = CARTESIAN_POINT ( 'NONE',  ( -2.000000000000000000, 80.79999999999999716, -3.500000000000000000 ) ) ;
#702 = ORIENTED_EDGE ( 'NONE', *, *, #779, .T. ) ;
#703 = DIRECTION ( 'NONE',  ( -1.000000000000000000, 0.000000000000000000, 0.000000000000000000 ) ) ;
#704 = EDGE_LOOP ( 'NONE', ( #1128, #645, #213, #529, #841, #325 ) ) ;
#705 = DIRECTION ( 'NONE',  ( -0.000000000000000000, -0.000000000000000000, -1.000000000000000000 ) ) ;
#706 = PLANE ( 'NONE',  #440 ) ;
#707 = ORIENTED_EDGE ( 'NONE', *, *, #1262, .F. ) ;
#708 = EDGE_CURVE ( 'NONE', #1343, #105, #969, .T. ) ;
#709 = FACE_OUTER_BOUND ( 'NONE', #5, .T. ) ;
#710 = ORIENTED_EDGE ( 'NONE', *, *, #1113, .F. ) ;
#711 = ADVANCED_FACE ( 'NONE', ( #1108 ), #891, .F. ) ;
#712 = FACE_OUTER_BOUND ( 'NONE', #813, .T. ) ;
#713 = CARTESIAN_POINT ( 'NONE',  ( 6.394394748177899324, 3.177020253745817868, 0.000000000000000000 ) ) ;
#714 = VERTEX_POINT ( 'NONE', #480 ) ;
#715 = VECTOR ( 'NONE', #1345, 1000.000000000000114 ) ;
#716 = VECTOR ( 'NONE', #1092, 1000.000000000000000 ) ;
#717 = VECTOR ( 'NONE', #752, 1000.000000000000000 ) ;
#718 = EDGE_CURVE ( 'NONE', #38, #23, #109, .T. ) ;
#719 = CARTESIAN_POINT ( 'NONE',  ( 9.000000000000000000, 44.50000000000000000, -4.000000000000000000 ) ) ;
#720 = ORIENTED_EDGE ( 'NONE', *, *, #1160, .T. ) ;
#721 = CARTESIAN_POINT ( 'NONE',  ( 0.2124755675453693649, 21.20488693131316893, 0.001000000000000132727 ) ) ;
#722 = CARTESIAN_POINT ( 'NONE',  ( 6.298967803028979517, 5.515071522818619343, 0.000000000000000000 ) ) ;
#723 = ORIENTED_EDGE ( 'NONE', *, *, #200, .T. ) ;
#724 = DIRECTION ( 'NONE',  ( 1.000000000000000000, 0.000000000000000000, 0.000000000000000000 ) ) ;
#725 = ORIENTED_EDGE ( 'NONE', *, *, #1232, .T. ) ;
#726 = EDGE_CURVE ( 'NONE', #175, #38, #919, .T. ) ;
#727 = CARTESIAN_POINT ( 'NONE',  ( 0.4456421416397030044, 46.96676181059027044, 0.000000000000000000 ) ) ;
#728 = CARTESIAN_POINT ( 'NONE',  ( 0.4456421416397030044, 46.96676181059027044, -10.00000000000000000 ) ) ;
#729 = ORIENTED_EDGE ( 'NONE', *, *, #1176, .T. ) ;
#730 = EDGE_CURVE ( 'NONE', #493, #431, #1338, .T. ) ;
#731 = DIRECTION ( 'NONE',  ( 1.000000000000000000, -0.000000000000000000, -0.000000000000000000 ) ) ;
#732 = ORIENTED_EDGE ( 'NONE', *, *, #308, .T. ) ;
#733 = CARTESIAN_POINT ( 'NONE',  ( 1.910718671848697925, 81.51621278168629203, -5.421010862427522170E-17 ) ) ;
#734 = DIRECTION ( 'NONE',  ( -0.000000000000000000, 0.000000000000000000, -1.000000000000000000 ) ) ;
#735 = ORIENTED_EDGE ( 'NONE', *, *, #965, .F. ) ;
#736 = AXIS2_PLACEMENT_3D ( 'NONE', #555, #991, #740 ) ;
#737 = AXIS2_PLACEMENT_3D ( 'NONE', #1078, #101, #979 ) ;
#738 = AXIS2_PLACEMENT_3D ( 'NONE', #607, #842, #262 ) ;
#739 = CARTESIAN_POINT ( 'NONE',  ( 2.000000000000000444, 64.07000000000000739, 0.001000000000008806345 ) ) ;
#740 = DIRECTION ( 'NONE',  ( -1.000000000000000000, 0.000000000000000000, 0.000000000000000000 ) ) ;
#741 = AXIS2_PLACEMENT_3D ( 'NONE', #577, #771, #13 ) ;
#742 = DIRECTION ( 'NONE',  ( 1.000000000000000000, 0.000000000000000000, -0.000000000000000000 ) ) ;
#743 = FACE_OUTER_BOUND ( 'NONE', #121, .T. ) ;
#744 = EDGE_LOOP ( 'NONE', ( #397, #1409, #690, #285, #660, #290, #1058, #68 ) ) ;
#745 =( NAMED_UNIT ( * ) PLANE_ANGLE_UNIT ( ) SI_UNIT ( $, .RADIAN. ) );
#746 = ORIENTED_EDGE ( 'NONE', *, *, #1030, .F. ) ;
#747 = CARTESIAN_POINT ( 'NONE',  ( 0.000000000000000000, 85.00000000000000000, -0.2999999999999996003 ) ) ;
#748 = DIRECTION ( 'NONE',  ( 1.000000000000000000, -0.000000000000000000, -0.000000000000000000 ) ) ;
#749 = ORIENTED_EDGE ( 'NONE', *, *, #898, .T. ) ;
#750 = CARTESIAN_POINT ( 'NONE',  ( 2.212475567547204758, 21.20488693131316893, 0.000000000000000000 ) ) ;
#751 = ORIENTED_EDGE ( 'NONE', *, *, #87, .F. ) ;
#752 = DIRECTION ( 'NONE',  ( -0.000000000000000000, -0.000000000000000000, -1.000000000000000000 ) ) ;
#753 = VERTEX_POINT ( 'NONE', #231 ) ;
#754 = EDGE_CURVE ( 'NONE', #204, #156, #351, .T. ) ;
#755 = DIRECTION ( 'NONE',  ( 1.000000000000000000, 0.000000000000000000, 0.000000000000000000 ) ) ;
#756 = EDGE_CURVE ( 'NONE', #947, #1268, #1402, .T. ) ;
#757 = CARTESIAN_POINT ( 'NONE',  ( 9.999999999999998224, 40.50000000000000711, -4.000000000000000000 ) ) ;
#758 = ORIENTED_EDGE ( 'NONE', *, *, #1086, .T. ) ;
#759 = CYLINDRICAL_SURFACE ( 'NONE', #1034, 0.9999999999988733457 ) ;
#760 = AXIS2_PLACEMENT_3D ( 'NONE', #228, #562, #1018 ) ;
#761 = SHAPE_DEFINITION_REPRESENTATION ( #66, #125 ) ;
#762 = CARTESIAN_POINT ( 'NONE',  ( 11.00000000000000000, 46.50000000000000000, 0.000000000000000000 ) ) ;
#763 = ADVANCED_FACE ( 'NONE', ( #238, #1099, #9 ), #692, .F. ) ;
#764 = CARTESIAN_POINT ( 'NONE',  ( 5.444892723920558453, 47.04418777598477419, 0.000000000000000000 ) ) ;
#765 = AXIS2_PLACEMENT_3D ( 'NONE', #34, #821, #814 ) ;
#766 = CARTESIAN_POINT ( 'NONE',  ( 0.000000000000000000, 85.00000000000000000, 0.000000000000000000 ) ) ;
#767 = ORIENTED_EDGE ( 'NONE', *, *, #939, .T. ) ;
#768 = SURFACE_STYLE_USAGE ( .BOTH. , #860 ) ;
#769 = EDGE_LOOP ( 'NONE', ( #1318, #153 ) ) ;
#770 = VERTEX_POINT ( 'NONE', #132 ) ;
#771 = DIRECTION ( 'NONE',  ( 0.000000000000000000, 0.000000000000000000, -1.000000000000000000 ) ) ;
#772 = FACE_OUTER_BOUND ( 'NONE', #255, .T. ) ;
#773 = ADVANCED_FACE ( 'NONE', ( #358 ), #795, .T. ) ;
#774 = CARTESIAN_POINT ( 'NONE',  ( 3.002211022049098954, 5.515071522818618455, 0.000000000000000000 ) ) ;
#775 = ORIENTED_EDGE ( 'NONE', *, *, #1069, .F. ) ;
#776 = CARTESIAN_POINT ( 'NONE',  ( 2.837679151856550952, 82.16232084814346592, -0.2139827912767005569 ) ) ;
#777 = DIRECTION ( 'NONE',  ( 0.000000000000000000, 0.000000000000000000, 1.000000000000000000 ) ) ;
#778 = FACE_OUTER_BOUND ( 'NONE', #807, .T. ) ;
#779 = EDGE_CURVE ( 'NONE', #525, #431, #1228, .T. ) ;
#780 = CARTESIAN_POINT ( 'NONE',  ( 5.444892723920558453, 47.04418777598477419, -3.499999999999999556 ) ) ;
#781 = ORIENTED_EDGE ( 'NONE', *, *, #239, .F. ) ;
#782 = CYLINDRICAL_SURFACE ( 'NONE', #760, 0.9999999999999991118 ) ;
#783 = CIRCLE ( 'NONE', #411, 1.149999999999997913 ) ;
#784 = CARTESIAN_POINT ( 'NONE',  ( 11.00000000000000000, 38.50000000000000711, -14.00000000000000000 ) ) ;
#785 = VECTOR ( 'NONE', #1071, 999.9999999999998863 ) ;
#786 = CIRCLE ( 'NONE', #695, 1.000000000000917710 ) ;
#787 = CARTESIAN_POINT ( 'NONE',  ( 0.000000000000000000, 0.000000000000000000, -3.500000000000000000 ) ) ;
#788 = VECTOR ( 'NONE', #1342, 1000.000000000000000 ) ;
#789 = CARTESIAN_POINT ( 'NONE',  ( 7.000000000000000000, 38.50000000000000711, 0.000000000000000000 ) ) ;
#790 = ORIENTED_EDGE ( 'NONE', *, *, #151, .T. ) ;
#791 = EDGE_CURVE ( 'NONE', #196, #1110, #786, .T. ) ;
#792 = CARTESIAN_POINT ( 'NONE',  ( 9.999999999999998224, 40.50000000000000711, -14.00000000000000000 ) ) ;
#793 = PLANE ( 'NONE',  #468 ) ;
#794 = ORIENTED_EDGE ( 'NONE', *, *, #1252, .F. ) ;
#795 = PLANE ( 'NONE',  #515 ) ;
#796 =( BOUNDED_CURVE ( )  B_SPLINE_CURVE ( 3, ( #910, #667, #576, #1118 ),
 .UNSPECIFIED., .F., .F. ) 
 B_SPLINE_CURVE_WITH_KNOTS ( ( 4, 4 ),
 ( 4.969056804319240683, 5.685833119022779769 ),
 .UNSPECIFIED. ) 
 CURVE ( )  GEOMETRIC_REPRESENTATION_ITEM ( )  RATIONAL_B_SPLINE_CURVE ( ( 1.000000000000000000, 0.9576422788788265805, 0.9576422788788265805, 1.000000000000000000 ) ) 
 REPRESENTATION_ITEM ( '' )  );
#797 = FACE_OUTER_BOUND ( 'NONE', #1370, .T. ) ;
#798 = EDGE_LOOP ( 'NONE', ( #364, #684, #781, #1298 ) ) ;
#799 = CARTESIAN_POINT ( 'NONE',  ( 11.00000000000000000, 46.50000000000000000, -14.00000000000000000 ) ) ;
#800 = CARTESIAN_POINT ( 'NONE',  ( 11.00000000000000000, 46.50000000000000000, -14.00000000000000000 ) ) ;
#801 = ORIENTED_EDGE ( 'NONE', *, *, #455, .F. ) ;
#802 = ADVANCED_FACE ( 'NONE', ( #994 ), #4, .F. ) ;
#803 = DIRECTION ( 'NONE',  ( 0.000000000000000000, -1.000000000000000000, 0.000000000000000000 ) ) ;
#804 = DIRECTION ( 'NONE',  ( -1.000000000000000000, 0.000000000000000000, -0.000000000000000000 ) ) ;
#805 = ORIENTED_EDGE ( 'NONE', *, *, #1146, .F. ) ;
#806 = LINE ( 'NONE', #922, #345 ) ;
#807 = EDGE_LOOP ( 'NONE', ( #306, #457, #1358, #541, #827, #751 ) ) ;
#808 = CARTESIAN_POINT ( 'NONE',  ( 0.000000000000000000, 0.000000000000000000, -14.00000000000000000 ) ) ;
#809 = VECTOR ( 'NONE', #174, 1000.000000000000000 ) ;
#810 = AXIS2_PLACEMENT_3D ( 'NONE', #320, #408, #650 ) ;
#811 = CARTESIAN_POINT ( 'NONE',  ( 0.2124755675453693649, 21.20488693131316893, -3.500000000000000000 ) ) ;
#812 = VECTOR ( 'NONE', #648, 1000.000000000000000 ) ;
#813 = EDGE_LOOP ( 'NONE', ( #54, #52, #424, #1348 ) ) ;
#814 = DIRECTION ( 'NONE',  ( 1.000000000000000000, 0.000000000000000000, 0.000000000000000000 ) ) ;
#815 = ORIENTED_EDGE ( 'NONE', *, *, #973, .F. ) ;
#816 = DIRECTION ( 'NONE',  ( -1.000000000000000000, 0.000000000000000000, 0.000000000000000000 ) ) ;
#817 = LINE ( 'NONE', #1161, #647 ) ;
#818 = ORIENTED_EDGE ( 'NONE', *, *, #615, .F. ) ;
#819 = ADVANCED_FACE ( 'NONE', ( #778 ), #339, .T. ) ;
#820 = ADVANCED_FACE ( 'NONE', ( #1256 ), #1356, .T. ) ;
#821 = DIRECTION ( 'NONE',  ( -0.000000000000000000, 0.000000000000000000, -1.000000000000000000 ) ) ;
#822 = VERTEX_POINT ( 'NONE', #828 ) ;
#823 = DIRECTION ( 'NONE',  ( -0.000000000000000000, -0.000000000000000000, 1.000000000000000000 ) ) ;
#824 = EDGE_LOOP ( 'NONE', ( #815, #1011 ) ) ;
#825 = EDGE_CURVE ( 'NONE', #962, #1067, #1265, .T. ) ;
#826 = DIRECTION ( 'NONE',  ( -0.000000000000000000, -0.000000000000000000, -1.000000000000000000 ) ) ;
#827 = ORIENTED_EDGE ( 'NONE', *, *, #730, .F. ) ;
#828 = CARTESIAN_POINT ( 'NONE',  ( 4.096319120417252435, 83.70181323025484232, 1.843143693225357538E-15 ) ) ;
#829 = CARTESIAN_POINT ( 'NONE',  ( -0.1057712486883524983, 85.10577124868835597, -0.1388247639034626835 ) ) ;
#830 = ORIENTED_EDGE ( 'NONE', *, *, #483, .F. ) ;
#831 = AXIS2_PLACEMENT_3D ( 'NONE', #1095, #644, #98 ) ;
#832 = CIRCLE ( 'NONE', #205, 1.000000000000921929 ) ;
#833 = AXIS2_PLACEMENT_3D ( 'NONE', #556, #235, #1335 ) ;
#834 = DIRECTION ( 'NONE',  ( -1.000000000000000000, 0.000000000000000000, 0.000000000000000000 ) ) ;
#835 = EDGE_LOOP ( 'NONE', ( #818, #1420, #937, #1227, #583, #29 ) ) ;
#836 = CARTESIAN_POINT ( 'NONE',  ( 9.000000000000000000, 44.50000000000000000, -4.000000000000000000 ) ) ;
#837 = LINE ( 'NONE', #1167, #809 ) ;
#838 = VERTEX_POINT ( 'NONE', #1150 ) ;
#839 = EDGE_CURVE ( 'NONE', #554, #270, #1243, .T. ) ;
#840 = DIRECTION ( 'NONE',  ( 0.5182908387133896566, 0.5182908387133901007, 0.6802567258113232374 ) ) ;
#841 = ORIENTED_EDGE ( 'NONE', *, *, #530, .F. ) ;
#842 = DIRECTION ( 'NONE',  ( 0.5182908387133896566, 0.5182908387133899897, 0.6802567258113232374 ) ) ;
#843 = FACE_BOUND ( 'NONE', #1380, .T. ) ;
#844 = VERTEX_POINT ( 'NONE', #932 ) ;
#845 = DIRECTION ( 'NONE',  ( 0.000000000000000000, 0.000000000000000000, 1.000000000000000000 ) ) ;
#846 = CYLINDRICAL_SURFACE ( 'NONE', #58, 1.150000000000001465 ) ;
#847 = CARTESIAN_POINT ( 'NONE',  ( 9.000000000000000000, 44.50000000000000000, -4.000000000000000000 ) ) ;
#848 = EDGE_CURVE ( 'NONE', #434, #838, #1427, .T. ) ;
#849 = LINE ( 'NONE', #1300, #716 ) ;
#850 = ORIENTED_EDGE ( 'NONE', *, *, #1184, .T. ) ;
#851 = AXIS2_PLACEMENT_3D ( 'NONE', #191, #640, #549 ) ;
#852 = AXIS2_PLACEMENT_3D ( 'NONE', #323, #987, #329 ) ;
#853 = VECTOR ( 'NONE', #1368, 1000.000000000000000 ) ;
#854 = APPLICATION_PROTOCOL_DEFINITION ( 'draft international standard', 'automotive_design', 1998, #1334 ) ;
#855 = CARTESIAN_POINT ( 'NONE',  ( 1.910718671848697925, 81.51621278168629203, -5.421010862427522170E-17 ) ) ;
#856 = VECTOR ( 'NONE', #865, 1000.000000000000000 ) ;
#857 = CARTESIAN_POINT ( 'NONE',  ( -2.000000000000000000, 80.79999999999999716, -3.500000000000000000 ) ) ;
#858 = DIRECTION ( 'NONE',  ( 0.000000000000000000, 0.000000000000000000, 1.000000000000000000 ) ) ;
#859 = ORIENTED_EDGE ( 'NONE', *, *, #1232, .F. ) ;
#860 = SURFACE_SIDE_STYLE ('',( #560 ) ) ;
#861 = EDGE_CURVE ( 'NONE', #302, #921, #416, .T. ) ;
#862 = ADVANCED_FACE ( 'NONE', ( #712 ), #1033, .F. ) ;
#863 = LINE ( 'NONE', #405, #1336 ) ;
#864 = VERTEX_POINT ( 'NONE', #401 ) ;
#865 = DIRECTION ( 'NONE',  ( 0.000000000000000000, 0.000000000000000000, 1.000000000000000000 ) ) ;
#866 = DIRECTION ( 'NONE',  ( 0.000000000000000000, 0.6060432152628553171, 0.7954317200324992898 ) ) ;
#867 = ORIENTED_EDGE ( 'NONE', *, *, #894, .F. ) ;
#868 = DIRECTION ( 'NONE',  ( -0.000000000000000000, -0.000000000000000000, 1.000000000000000000 ) ) ;
#869 = EDGE_CURVE ( 'NONE', #420, #1235, #1174, .T. ) ;
#870 = DIRECTION ( 'NONE',  ( 0.000000000000000000, 0.7954317200324980686, -0.6060432152628569824 ) ) ;
#871 = ORIENTED_EDGE ( 'NONE', *, *, #398, .T. ) ;
#872 = LINE ( 'NONE', #425, #856 ) ;
#873 = DIRECTION ( 'NONE',  ( 1.000000000000000000, 0.000000000000000000, 0.000000000000000000 ) ) ;
#874 = VERTEX_POINT ( 'NONE', #154 ) ;
#875 = CARTESIAN_POINT ( 'NONE',  ( -2.000000000000000000, 85.00000000000000000, -0.2999999999999996003 ) ) ;
#876 = ORIENTED_EDGE ( 'NONE', *, *, #530, .T. ) ;
#877 = CIRCLE ( 'NONE', #340, 1.000000000000000444 ) ;
#878 =( GEOMETRIC_REPRESENTATION_CONTEXT ( 3 ) GLOBAL_UNCERTAINTY_ASSIGNED_CONTEXT ( ( #1383 ) ) GLOBAL_UNIT_ASSIGNED_CONTEXT ( ( #112, #745, #1089 ) ) REPRESENTATION_CONTEXT ( 'NONE', 'WORKASPACE' ) );
#879 = CARTESIAN_POINT ( 'NONE',  ( 1.449951529810285855, 83.44504211191461707, 0.000000000000000000 ) ) ;
#880 = CIRCLE ( 'NONE', #414, 1.999999999999999778 ) ;
#881 = FACE_OUTER_BOUND ( 'NONE', #497, .T. ) ;
#882 = VECTOR ( 'NONE', #221, 1000.000000000000000 ) ;
#883 = EDGE_CURVE ( 'NONE', #1006, #1389, #1152, .T. ) ;
#884 = VECTOR ( 'NONE', #69, 1000.000000000000114 ) ;
#885 = CARTESIAN_POINT ( 'NONE',  ( 3.219993094774895592, 24.07191908632467658, 0.000000000000000000 ) ) ;
#886 = DIRECTION ( 'NONE',  ( 1.000000000000000000, 0.000000000000000000, 0.000000000000000000 ) ) ;
#887 = EDGE_LOOP ( 'NONE', ( #977, #261, #147, #185, #410 ) ) ;
#888 = DIRECTION ( 'NONE',  ( 1.000000000000000000, 0.000000000000000000, 0.000000000000000000 ) ) ;
#889 = CARTESIAN_POINT ( 'NONE',  ( 26.10300390748976085, 59.81174257054761512, 31.01870564804413988 ) ) ;
#890 = EDGE_CURVE ( 'NONE', #591, #1363, #113, .T. ) ;
#891 = CYLINDRICAL_SURFACE ( 'NONE', #392, 1.000000000000921929 ) ;
#892 = FACE_OUTER_BOUND ( 'NONE', #1386, .T. ) ;
#893 = ORIENTED_EDGE ( 'NONE', *, *, #981, .F. ) ;
#894 = EDGE_CURVE ( 'NONE', #1363, #591, #490, .T. ) ;
#895 = CARTESIAN_POINT ( 'NONE',  ( 7.000000000000000000, 38.50000000000000711, -3.499999999999999556 ) ) ;
#896 = DIRECTION ( 'NONE',  ( -0.000000000000000000, -0.000000000000000000, -1.000000000000000000 ) ) ;
#897 = DIRECTION ( 'NONE',  ( 0.000000000000000000, -0.000000000000000000, -1.000000000000000000 ) ) ;
#898 = EDGE_CURVE ( 'NONE', #714, #1363, #395, .T. ) ;
#899 = DIRECTION ( 'NONE',  ( 1.000000000000000000, 0.000000000000000000, -0.000000000000000000 ) ) ;
#900 = ORIENTED_EDGE ( 'NONE', *, *, #1113, .T. ) ;
#901 = CARTESIAN_POINT ( 'NONE',  ( 26.10300390748976085, 57.98224961447287029, 29.62480625293956749 ) ) ;
#902 = CARTESIAN_POINT ( 'NONE',  ( 2.837679151856550952, 2.837679151856542070, -0.2139827912767005569 ) ) ;
#903 = ORIENTED_EDGE ( 'NONE', *, *, #726, .F. ) ;
#904 = CIRCLE ( 'NONE', #990, 1.000000000000917710 ) ;
#905 = DIRECTION ( 'NONE',  ( -0.000000000000000000, -0.000000000000000000, -1.000000000000000000 ) ) ;
#906 = VECTOR ( 'NONE', #655, 1000.000000000000000 ) ;
#907 = CYLINDRICAL_SURFACE ( 'NONE', #1196, 1.149999999999998579 ) ;
#908 = ORIENTED_EDGE ( 'NONE', *, *, #1159, .F. ) ;
#909 = EDGE_CURVE ( 'NONE', #864, #637, #620, .T. ) ;
#910 = CARTESIAN_POINT ( 'NONE',  ( 3.483787218313734169, 83.08928132815131562, 5.421010862427522170E-17 ) ) ;
#911 = LINE ( 'NONE', #800, #324 ) ;
#912 = VERTEX_POINT ( 'NONE', #1143 ) ;
#913 = CARTESIAN_POINT ( 'NONE',  ( 11.00000000000000000, 46.50000000000000000, -14.00000000000000000 ) ) ;
#914 = DIRECTION ( 'NONE',  ( -0.000000000000000000, -1.000000000000000000, -0.000000000000000000 ) ) ;
#915 = VERTEX_POINT ( 'NONE', #1054 ) ;
#916 = EDGE_CURVE ( 'NONE', #1235, #420, #1081, .T. ) ;
#917 = DIRECTION ( 'NONE',  ( 0.000000000000000000, -0.6060432152628554281, 0.7954317200324992898 ) ) ;
#918 = ORIENTED_EDGE ( 'NONE', *, *, #754, .T. ) ;
#919 = LINE ( 'NONE', #572, #252 ) ;
#920 = LINE ( 'NONE', #1350, #18 ) ;
#921 = VERTEX_POINT ( 'NONE', #486 ) ;
#922 = CARTESIAN_POINT ( 'NONE',  ( -0.1446197991391677540, -0.000000000000000000, -0.1898134863701577413 ) ) ;
#923 = VERTEX_POINT ( 'NONE', #42 ) ;
#924 = DIRECTION ( 'NONE',  ( 1.000000000000000000, 0.000000000000000000, 0.000000000000000000 ) ) ;
#925 = VECTOR ( 'NONE', #964, 1000.000000000000000 ) ;
#926 = EDGE_CURVE ( 'NONE', #204, #175, #1361, .T. ) ;
#927 = AXIS2_PLACEMENT_3D ( 'NONE', #36, #1279, #1048 ) ;
#928 = CARTESIAN_POINT ( 'NONE',  ( 13.20349592612434542, 13.20349592612434542, 13.39115172494976491 ) ) ;
#929 = VECTOR ( 'NONE', #1010, 1000.000000000000000 ) ;
#930 = ORIENTED_EDGE ( 'NONE', *, *, #3, .T. ) ;
#931 = ORIENTED_EDGE ( 'NONE', *, *, #708, .F. ) ;
#932 = CARTESIAN_POINT ( 'NONE',  ( 7.000000000000000000, 46.50000000000000000, -3.499999999999999556 ) ) ;
#933 = EDGE_CURVE ( 'NONE', #40, #714, #832, .T. ) ;
#934 = LINE ( 'NONE', #283, #1264 ) ;
#935 = ORIENTED_EDGE ( 'NONE', *, *, #1076, .T. ) ;
#936 = DIRECTION ( 'NONE',  ( 0.000000000000000000, 0.000000000000000000, -1.000000000000000000 ) ) ;
#937 = ORIENTED_EDGE ( 'NONE', *, *, #287, .F. ) ;
#938 = LINE ( 'NONE', #721, #603 ) ;
#939 = EDGE_CURVE ( 'NONE', #1110, #321, #938, .T. ) ;
#940 = CARTESIAN_POINT ( 'NONE',  ( 1.449951529810280748, 1.554957888085391815, 0.000000000000000000 ) ) ;
#941 = EDGE_CURVE ( 'NONE', #97, #81, #179, .T. ) ;
#942 = ORIENTED_EDGE ( 'NONE', *, *, #43, .T. ) ;
#943 = LINE ( 'NONE', #1241, #971 ) ;
#944 = EDGE_LOOP ( 'NONE', ( #382, #1261, #970, #720, #942 ) ) ;
#945 = DIRECTION ( 'NONE',  ( 0.000000000000000000, 0.000000000000000000, 1.000000000000000000 ) ) ;
#946 = FACE_OUTER_BOUND ( 'NONE', #150, .T. ) ;
#947 = VERTEX_POINT ( 'NONE', #733 ) ;
#948 = AXIS2_PLACEMENT_3D ( 'NONE', #1410, #212, #659 ) ;
#949 = VECTOR ( 'NONE', #826, 1000.000000000000000 ) ;
#950 = CARTESIAN_POINT ( 'NONE',  ( 0.000000000000000000, 0.000000000000000000, 0.000000000000000000 ) ) ;
#951 = ORIENTED_EDGE ( 'NONE', *, *, #194, .F. ) ;
#952 = DIRECTION ( 'NONE',  ( 0.000000000000000000, 0.000000000000000000, 1.000000000000000000 ) ) ;
#953 = CARTESIAN_POINT ( 'NONE',  ( 26.10300390748976085, 27.01775038552713326, 29.62480625293956749 ) ) ;
#954 = VERTEX_POINT ( 'NONE', #747 ) ;
#955 = ORIENTED_EDGE ( 'NONE', *, *, #609, .F. ) ;
#956 = PRODUCT_RELATED_PRODUCT_CATEGORY ( 'part', '', ( #393 ) ) ;
#957 = EDGE_LOOP ( 'NONE', ( #908, #436, #131, #1202 ) ) ;
#958 = CARTESIAN_POINT ( 'NONE',  ( 2.212475567547204758, 21.20488693131316893, -3.500000000000000000 ) ) ;
#959 = LINE ( 'NONE', #1400, #322 ) ;
#960 = ORIENTED_EDGE ( 'NONE', *, *, #621, .F. ) ;
#961 = CARTESIAN_POINT ( 'NONE',  ( 0.000000000000000000, 0.000000000000000000, 0.000000000000000000 ) ) ;
#962 = VERTEX_POINT ( 'NONE', #186 ) ;
#963 = CARTESIAN_POINT ( 'NONE',  ( 4.000000000000000888, 61.20000000000000284, 0.001000000000008806345 ) ) ;
#964 = DIRECTION ( 'NONE',  ( 1.000000000000000000, 0.000000000000000000, 0.000000000000000000 ) ) ;
#965 = EDGE_CURVE ( 'NONE', #561, #822, #1422, .T. ) ;
#966 = VERTEX_POINT ( 'NONE', #432 ) ;
#967 = EDGE_CURVE ( 'NONE', #274, #912, #415, .T. ) ;
#968 = CARTESIAN_POINT ( 'NONE',  ( 3.444892723922812205, 47.04418777598477419, -10.00000000000000000 ) ) ;
#969 = CIRCLE ( 'NONE', #441, 1.000000000000000888 ) ;
#970 = ORIENTED_EDGE ( 'NONE', *, *, #103, .T. ) ;
#971 = VECTOR ( 'NONE', #1359, 1000.000000000000000 ) ;
#972 = DIRECTION ( 'NONE',  ( 0.000000000000000000, 0.7954317200324981796, 0.6060432152628568714 ) ) ;
#973 = EDGE_CURVE ( 'NONE', #1047, #514, #92, .T. ) ;
#974 = LINE ( 'NONE', #195, #582 ) ;
#975 = ORIENTED_EDGE ( 'NONE', *, *, #509, .F. ) ;
#976 = DIRECTION ( 'NONE',  ( -0.000000000000000000, -0.000000000000000000, 1.000000000000000000 ) ) ;
#977 = ORIENTED_EDGE ( 'NONE', *, *, #494, .F. ) ;
#978 = CARTESIAN_POINT ( 'NONE',  ( 5.444892723920558453, 47.04418777598477419, -10.00000000000000000 ) ) ;
#979 = DIRECTION ( 'NONE',  ( 1.000000000000000000, 0.000000000000000000, 0.000000000000000000 ) ) ;
#980 = ORIENTED_EDGE ( 'NONE', *, *, #1285, .F. ) ;
#981 = EDGE_CURVE ( 'NONE', #962, #302, #1299, .T. ) ;
#982 = ORIENTED_EDGE ( 'NONE', *, *, #675, .T. ) ;
#983 = ORIENTED_EDGE ( 'NONE', *, *, #521, .F. ) ;
#984 = DIRECTION ( 'NONE',  ( -0.7071067811865479058, 0.7071067811865472397, 0.000000000000000000 ) ) ;
#985 = DIRECTION ( 'NONE',  ( -1.000000000000000000, 0.000000000000000000, 0.000000000000000000 ) ) ;
#986 = ORIENTED_EDGE ( 'NONE', *, *, #239, .T. ) ;
#987 = DIRECTION ( 'NONE',  ( -0.000000000000000000, -0.000000000000000000, -1.000000000000000000 ) ) ;
#988 = ORIENTED_EDGE ( 'NONE', *, *, #1269, .F. ) ;
#989 = AXIS2_PLACEMENT_3D ( 'NONE', #799, #1231, #242 ) ;
#990 = AXIS2_PLACEMENT_3D ( 'NONE', #1329, #232, #680 ) ;
#991 = DIRECTION ( 'NONE',  ( -0.000000000000000000, -0.000000000000000000, -1.000000000000000000 ) ) ;
#992 = AXIS2_PLACEMENT_3D ( 'NONE', #1165, #952, #924 ) ;
#993 = FACE_OUTER_BOUND ( 'NONE', #1387, .T. ) ;
#994 = FACE_OUTER_BOUND ( 'NONE', #467, .T. ) ;
#995 = EDGE_LOOP ( 'NONE', ( #634, #76, #485, #429 ) ) ;
#996 = DIRECTION ( 'NONE',  ( 0.000000000000000000, 0.000000000000000000, 1.000000000000000000 ) ) ;
#997 = CYLINDRICAL_SURFACE ( 'NONE', #115, 0.9999999999999991118 ) ;
#998 = DIRECTION ( 'NONE',  ( -1.000000000000000000, -0.000000000000000000, -0.000000000000000000 ) ) ;
#999 = DIRECTION ( 'NONE',  ( 1.000000000000000000, -0.000000000000000000, -0.000000000000000000 ) ) ;
#1000 = ORIENTED_EDGE ( 'NONE', *, *, #334, .T. ) ;
#1001 = CARTESIAN_POINT ( 'NONE',  ( 4.000000000000000888, 61.20000000000000284, 0.000000000000000000 ) ) ;
#1002 = CARTESIAN_POINT ( 'NONE',  ( 4.000000000000000888, 61.20000000000000284, -3.500000000000000000 ) ) ;
#1003 = CARTESIAN_POINT ( 'NONE',  ( 1.212475567546287047, 21.20488693131316893, 0.000000000000000000 ) ) ;
#1004 = EDGE_CURVE ( 'NONE', #270, #1047, #177, .T. ) ;
#1005 = DIRECTION ( 'NONE',  ( 0.000000000000000000, 0.000000000000000000, -1.000000000000000000 ) ) ;
#1006 = VERTEX_POINT ( 'NONE', #1186 ) ;
#1007 = EDGE_CURVE ( 'NONE', #966, #844, #872, .T. ) ;
#1008 = FACE_OUTER_BOUND ( 'NONE', #1164, .T. ) ;
#1009 = VECTOR ( 'NONE', #1105, 1000.000000000000000 ) ;
#1010 = DIRECTION ( 'NONE',  ( 0.000000000000000000, 0.000000000000000000, 1.000000000000000000 ) ) ;
#1011 = ORIENTED_EDGE ( 'NONE', *, *, #1051, .F. ) ;
#1012 = AXIS2_PLACEMENT_3D ( 'NONE', #1013, #905, #587 ) ;
#1013 = CARTESIAN_POINT ( 'NONE',  ( 1.000000000000000000, 64.07000000000000739, 0.001000000000008806345 ) ) ;
#1014 = AXIS2_PLACEMENT_3D ( 'NONE', #585, #1019, #28 ) ;
#1015 = ADVANCED_FACE ( 'NONE', ( #881 ), #1415, .F. ) ;
#1016 = CARTESIAN_POINT ( 'NONE',  ( 13.20349592612434542, 13.20349592612434542, 13.39115172494976491 ) ) ;
#1017 = VERTEX_POINT ( 'NONE', #304 ) ;
#1018 = DIRECTION ( 'NONE',  ( -1.000000000000000000, 0.000000000000000000, 0.000000000000000000 ) ) ;
#1019 = DIRECTION ( 'NONE',  ( -0.000000000000000000, -0.000000000000000000, 1.000000000000000000 ) ) ;
#1020 = EDGE_LOOP ( 'NONE', ( #1182, #368 ) ) ;
#1021 = DIRECTION ( 'NONE',  ( 1.000000000000000000, 0.000000000000000000, -0.000000000000000000 ) ) ;
#1022 = FACE_BOUND ( 'NONE', #519, .T. ) ;
#1023 = EDGE_LOOP ( 'NONE', ( #1373, #171, #665, #57 ) ) ;
#1024 = EDGE_CURVE ( 'NONE', #1209, #1230, #527, .T. ) ;
#1025 = CARTESIAN_POINT ( 'NONE',  ( 1.999999999999999112, 61.20000000000000284, 0.000000000000000000 ) ) ;
#1026 = EDGE_LOOP ( 'NONE', ( #1000, #568, #1090, #574, #935, #357, #1032, #1063, #376, #578 ) ) ;
#1027 = CARTESIAN_POINT ( 'NONE',  ( -2.000000000000000000, 0.000000000000000000, 0.000000000000000000 ) ) ;
#1028 = DIRECTION ( 'NONE',  ( 0.000000000000000000, 0.000000000000000000, -1.000000000000000000 ) ) ;
#1029 = ORIENTED_EDGE ( 'NONE', *, *, #348, .F. ) ;
#1030 = EDGE_CURVE ( 'NONE', #954, #35, #286, .T. ) ;
#1031 = DIRECTION ( 'NONE',  ( 0.000000000000000000, 0.000000000000000000, 1.000000000000000000 ) ) ;
#1032 = ORIENTED_EDGE ( 'NONE', *, *, #779, .F. ) ;
#1033 = CYLINDRICAL_SURFACE ( 'NONE', #1354, 0.9999999999999991118 ) ;
#1034 = AXIS2_PLACEMENT_3D ( 'NONE', #80, #976, #886 ) ;
#1035 = AXIS2_PLACEMENT_3D ( 'NONE', #1408, #866, #546 ) ;
#1036 = CARTESIAN_POINT ( 'NONE',  ( 2.837679151856550952, 2.837679151856542070, -0.2139827912767005569 ) ) ;
#1037 = VECTOR ( 'NONE', #1091, 1000.000000000000114 ) ;
#1038 = ORIENTED_EDGE ( 'NONE', *, *, #941, .T. ) ;
#1039 =( BOUNDED_CURVE ( )  B_SPLINE_CURVE ( 3, ( #316, #199, #1083, #1198 ),
 .UNSPECIFIED., .F., .F. ) 
 B_SPLINE_CURVE_WITH_KNOTS ( ( 4, 4 ),
 ( 4.969056804319241571, 5.685833119022782434 ),
 .UNSPECIFIED. ) 
 CURVE ( )  GEOMETRIC_REPRESENTATION_ITEM ( )  RATIONAL_B_SPLINE_CURVE ( ( 1.000000000000000000, 0.9576422788788262475, 0.9576422788788262475, 1.000000000000000000 ) ) 
 REPRESENTATION_ITEM ( '' )  );
#1040 = FACE_OUTER_BOUND ( 'NONE', #798, .T. ) ;
#1041 = ORIENTED_EDGE ( 'NONE', *, *, #509, .T. ) ;
#1042 = EDGE_CURVE ( 'NONE', #105, #1343, #254, .T. ) ;
#1043 = DIRECTION ( 'NONE',  ( 0.000000000000000000, 0.000000000000000000, -1.000000000000000000 ) ) ;
#1044 = CARTESIAN_POINT ( 'NONE',  ( 3.924208082753628979, 5.515071522818618455, 0.000000000000000000 ) ) ;
#1045 = ORIENTED_EDGE ( 'NONE', *, *, #1159, .T. ) ;
#1046 = CARTESIAN_POINT ( 'NONE',  ( 2.837679151856549176, 4.428542591921536875, -1.426069221802415798 ) ) ;
#1047 = VERTEX_POINT ( 'NONE', #764 ) ;
#1048 = DIRECTION ( 'NONE',  ( -1.000000000000000000, 0.000000000000000000, 0.000000000000000000 ) ) ;
#1049 = DIRECTION ( 'NONE',  ( -0.000000000000000000, -0.000000000000000000, 1.000000000000000000 ) ) ;
#1050 = ORIENTED_EDGE ( 'NONE', *, *, #1269, .T. ) ;
#1051 = EDGE_CURVE ( 'NONE', #514, #1047, #1107, .T. ) ;
#1052 = PLANE ( 'NONE',  #443 ) ;
#1053 = EDGE_LOOP ( 'NONE', ( #1405, #488 ) ) ;
#1054 = CARTESIAN_POINT ( 'NONE',  ( 1.282806635716400523, 82.80244688624624416, -2.951702666262930652 ) ) ;
#1055 = STYLED_ITEM ( 'NONE', ( #91 ), #189 ) ;
#1056 = AXIS2_PLACEMENT_3D ( 'NONE', #1317, #868, #531 ) ;
#1057 = DIRECTION ( 'NONE',  ( -0.5182908387133896566, -0.5182908387133901007, -0.6802567258113232374 ) ) ;
#1058 = ORIENTED_EDGE ( 'NONE', *, *, #566, .F. ) ;
#1059 = AXIS2_PLACEMENT_3D ( 'NONE', #597, #49, #163 ) ;
#1060 = AXIS2_PLACEMENT_3D ( 'NONE', #808, #1114, #1021 ) ;
#1061 = VECTOR ( 'NONE', #71, 1000.000000000000000 ) ;
#1062 = CARTESIAN_POINT ( 'NONE',  ( 1.212475567546287047, 21.20488693131316893, 0.001000000000000132727 ) ) ;
#1063 = ORIENTED_EDGE ( 'NONE', *, *, #608, .F. ) ;
#1064 = CARTESIAN_POINT ( 'NONE',  ( -39.80274705491880383, 45.19725294508117486, 0.000000000000000000 ) ) ;
#1065 = CARTESIAN_POINT ( 'NONE',  ( 0.000000000000000000, 4.200000000000009059, -3.500000000000000000 ) ) ;
#1066 = ORIENTED_EDGE ( 'NONE', *, *, #494, .T. ) ;
#1067 = VERTEX_POINT ( 'NONE', #193 ) ;
#1068 = ORIENTED_EDGE ( 'NONE', *, *, #87, .T. ) ;
#1069 = EDGE_CURVE ( 'NONE', #966, #204, #1200, .T. ) ;
#1070 = DIRECTION ( 'NONE',  ( 1.000000000000000000, 0.000000000000000000, 0.000000000000000000 ) ) ;
#1071 = DIRECTION ( 'NONE',  ( -0.7071067811865479058, 0.7071067811865472397, 0.000000000000000000 ) ) ;
#1072 = EDGE_LOOP ( 'NONE', ( #70, #1050 ) ) ;
#1073 = FACE_OUTER_BOUND ( 'NONE', #344, .T. ) ;
#1074 =( LENGTH_UNIT ( ) NAMED_UNIT ( * ) SI_UNIT ( .MILLI., .METRE. ) );
#1075 = DIRECTION ( 'NONE',  ( 0.000000000000000000, -0.7954317200324981796, 0.6060432152628568714 ) ) ;
#1076 = EDGE_CURVE ( 'NONE', #156, #493, #522, .T. ) ;
#1077 = CARTESIAN_POINT ( 'NONE',  ( 4.444892723921685551, 47.04418777598477419, 0.000000000000000000 ) ) ;
#1078 = CARTESIAN_POINT ( 'NONE',  ( 0.4456421416397030044, 46.96676181059027044, -10.00000000000000000 ) ) ;
#1079 = EDGE_LOOP ( 'NONE', ( #387, #552, #767, #310 ) ) ;
#1080 = ORIENTED_EDGE ( 'NONE', *, *, #334, .F. ) ;
#1081 = CIRCLE ( 'NONE', #224, 1.000000000000000888 ) ;
#1082 = CYLINDRICAL_SURFACE ( 'NONE', #447, 1.000000000000917710 ) ;
#1083 = CARTESIAN_POINT ( 'NONE',  ( 2.798064105700446724, 1.554957888085390705, 0.000000000000000000 ) ) ;
#1084 = AXIS2_PLACEMENT_3D ( 'NONE', #847, #292, #742 ) ;
#1085 = DIRECTION ( 'NONE',  ( 0.000000000000000000, -1.000000000000000000, 0.000000000000000000 ) ) ;
#1086 = EDGE_CURVE ( 'NONE', #1194, #1271, #641, .T. ) ;
#1087 = DIRECTION ( 'NONE',  ( -0.5182908387133896566, -0.5182908387133901007, -0.6802567258113232374 ) ) ;
#1088 = EDGE_LOOP ( 'NONE', ( #775, #859, #903, #48 ) ) ;
#1089 =( NAMED_UNIT ( * ) SI_UNIT ( $, .STERADIAN. ) SOLID_ANGLE_UNIT ( ) );
#1090 = ORIENTED_EDGE ( 'NONE', *, *, #624, .T. ) ;
#1091 = DIRECTION ( 'NONE',  ( -0.5182908387133896566, -0.5182908387133901007, -0.6802567258113231263 ) ) ;
#1092 = DIRECTION ( 'NONE',  ( -0.000000000000000000, -1.000000000000000000, -0.000000000000000000 ) ) ;
#1093 = VERTEX_POINT ( 'NONE', #958 ) ;
#1094 =( BOUNDED_CURVE ( )  B_SPLINE_CURVE ( 3, ( #269, #1153, #51, #1357, #1385, #170, #1378 ),
 .UNSPECIFIED., .F., .F. ) 
 B_SPLINE_CURVE_WITH_KNOTS ( ( 4, 3, 4 ),
 ( 1.424304039151982115, 3.141592653589794892, 4.858881268027608336 ),
 .UNSPECIFIED. ) 
 CURVE ( )  GEOMETRIC_REPRESENTATION_ITEM ( )  RATIONAL_B_SPLINE_CURVE ( ( 1.000000000000000000, 0.7689761799885284077, 0.7689761799885284077, 1.000000000000000000, 0.7689761799885281857, 0.7689761799885281857, 1.000000000000000000 ) ) 
 REPRESENTATION_ITEM ( '' )  );
#1095 = CARTESIAN_POINT ( 'NONE',  ( -0.1057712486883524983, -0.1057712486883524983, -0.1388247639034626835 ) ) ;
#1096 = ORIENTED_EDGE ( 'NONE', *, *, #1042, .T. ) ;
#1097 = FACE_OUTER_BOUND ( 'NONE', #1242, .T. ) ;
#1098 = DIRECTION ( 'NONE',  ( -0.5182908387133896566, 0.5182908387133899897, -0.6802567258113232374 ) ) ;
#1099 = FACE_BOUND ( 'NONE', #1303, .T. ) ;
#1100 = CARTESIAN_POINT ( 'NONE',  ( -2.000000000000000000, 85.00000000000000000, -0.2999999999999996003 ) ) ;
#1101 = EDGE_LOOP ( 'NONE', ( #729, #236, #1134, #986, #1351, #1041 ) ) ;
#1102 =( BOUNDED_CURVE ( )  B_SPLINE_CURVE ( 3, ( #654, #879, #661, #855 ),
 .UNSPECIFIED., .F., .F. ) 
 B_SPLINE_CURVE_WITH_KNOTS ( ( 4, 4 ),
 ( 5.685833119022779769, 7.597313810039924675 ),
 .UNSPECIFIED. ) 
 CURVE ( )  GEOMETRIC_REPRESENTATION_ITEM ( )  RATIONAL_B_SPLINE_CURVE ( ( 1.000000000000000000, 0.7180028302729996037, 0.7180028302729996037, 1.000000000000000000 ) ) 
 REPRESENTATION_ITEM ( '' )  );
#1103 = ADVANCED_FACE ( 'NONE', ( #1391 ), #407, .F. ) ;
#1104 = CIRCLE ( 'NONE', #489, 0.9999999999999991118 ) ;
#1105 = DIRECTION ( 'NONE',  ( 1.000000000000000000, 0.000000000000000000, 0.000000000000000000 ) ) ;
#1106 = DIRECTION ( 'NONE',  ( 0.7071067811865479058, 0.7071067811865472397, 0.000000000000000000 ) ) ;
#1107 = CIRCLE ( 'NONE', #1403, 0.9999999999988733457 ) ;
#1108 = FACE_OUTER_BOUND ( 'NONE', #166, .T. ) ;
#1109 = CARTESIAN_POINT ( 'NONE',  ( 7.000000000000000000, 85.00000000000000000, -3.500000000000000000 ) ) ;
#1110 = VERTEX_POINT ( 'NONE', #635 ) ;
#1111 = LINE ( 'NONE', #459, #598 ) ;
#1112 = DIRECTION ( 'NONE',  ( 0.000000000000000000, -0.000000000000000000, -1.000000000000000000 ) ) ;
#1113 = EDGE_CURVE ( 'NONE', #105, #1235, #77, .T. ) ;
#1114 = DIRECTION ( 'NONE',  ( 0.000000000000000000, -0.000000000000000000, 1.000000000000000000 ) ) ;
#1115 = ADVANCED_FACE ( 'NONE', ( #338 ), #793, .F. ) ;
#1116 = DIRECTION ( 'NONE',  ( -0.5182908387133896566, -0.5182908387133899897, -0.6802567258113232374 ) ) ;
#1117 = ORIENTED_EDGE ( 'NONE', *, *, #346, .F. ) ;
#1118 = CARTESIAN_POINT ( 'NONE',  ( 2.469704366122770445, 83.44504211191463128, 0.000000000000000000 ) ) ;
#1119 = CARTESIAN_POINT ( 'NONE',  ( 1.282806635716404076, 84.63193984232098899, -1.557803271158359593 ) ) ;
#1120 = EDGE_CURVE ( 'NONE', #279, #434, #683, .T. ) ;
#1121 = VERTEX_POINT ( 'NONE', #1119 ) ;
#1122 = DIRECTION ( 'NONE',  ( 0.000000000000000000, 1.000000000000000000, 0.000000000000000000 ) ) ;
#1123 = CARTESIAN_POINT ( 'NONE',  ( 0.000000000000000000, 85.00000000000000000, -3.500000000000000000 ) ) ;
#1124 = VERTEX_POINT ( 'NONE', #7 ) ;
#1125 = DIRECTION ( 'NONE',  ( 0.000000000000000000, 0.000000000000000000, -1.000000000000000000 ) ) ;
#1126 = AXIS2_PLACEMENT_3D ( 'NONE', #219, #452, #1319 ) ;
#1127 = DIRECTION ( 'NONE',  ( 0.000000000000000000, 0.7954317200324981796, -0.6060432152628568714 ) ) ;
#1128 = ORIENTED_EDGE ( 'NONE', *, *, #575, .F. ) ;
#1129 = VECTOR ( 'NONE', #542, 1000.000000000000000 ) ;
#1130 = VECTOR ( 'NONE', #1344, 1000.000000000000000 ) ;
#1131 = DIRECTION ( 'NONE',  ( -0.000000000000000000, -0.000000000000000000, 1.000000000000000000 ) ) ;
#1132 = AXIS2_PLACEMENT_3D ( 'NONE', #1270, #917, #1347 ) ;
#1133 = DIRECTION ( 'NONE',  ( -1.000000000000000000, -0.000000000000000000, -0.000000000000000000 ) ) ;
#1134 = ORIENTED_EDGE ( 'NONE', *, *, #287, .T. ) ;
#1135 = CARTESIAN_POINT ( 'NONE',  ( 0.000000000000000000, 85.00000000000000000, 0.000000000000000000 ) ) ;
#1136 = ORIENTED_EDGE ( 'NONE', *, *, #621, .T. ) ;
#1137 = DIRECTION ( 'NONE',  ( 1.000000000000000000, 0.000000000000000000, 0.000000000000000000 ) ) ;
#1138 = CARTESIAN_POINT ( 'NONE',  ( -2.000000000000000000, 85.00000000000000000, 0.000000000000000000 ) ) ;
#1139 = ORIENTED_EDGE ( 'NONE', *, *, #708, .T. ) ;
#1140 = ADVANCED_FACE ( 'NONE', ( #668 ), #997, .F. ) ;
#1141 = FACE_BOUND ( 'NONE', #824, .T. ) ;
#1142 = ORIENTED_EDGE ( 'NONE', *, *, #939, .F. ) ;
#1143 = CARTESIAN_POINT ( 'NONE',  ( 1.298186769745174329, 4.096319120417237336, 8.619407271259760250E-15 ) ) ;
#1144 = DIRECTION ( 'NONE',  ( -0.5182908387133896566, -0.5182908387133901007, -0.6802567258113232374 ) ) ;
#1145 = ORIENTED_EDGE ( 'NONE', *, *, #861, .F. ) ;
#1146 = EDGE_CURVE ( 'NONE', #770, #81, #453, .T. ) ;
#1147 = DIRECTION ( 'NONE',  ( -1.000000000000000000, 0.000000000000000000, 0.000000000000000000 ) ) ;
#1148 = ORIENTED_EDGE ( 'NONE', *, *, #301, .T. ) ;
#1149 = VECTOR ( 'NONE', #137, 1000.000000000000000 ) ;
#1150 = CARTESIAN_POINT ( 'NONE',  ( 2.000000000000000444, 64.07000000000000739, -3.500000000000000000 ) ) ;
#1151 = VECTOR ( 'NONE', #435, 1000.000000000000000 ) ;
#1152 = CIRCLE ( 'NONE', #738, 1.149999999999997913 ) ;
#1153 = CARTESIAN_POINT ( 'NONE',  ( 2.512402752840980913, 79.41852523308645573, 0.000000000000000000 ) ) ;
#1154 = CIRCLE ( 'NONE', #765, 0.9999999999999991118 ) ;
#1155 = ORIENTED_EDGE ( 'NONE', *, *, #483, .T. ) ;
#1156 = FACE_BOUND ( 'NONE', #264, .T. ) ;
#1157 = ORIENTED_EDGE ( 'NONE', *, *, #651, .F. ) ;
#1158 = DIRECTION ( 'NONE',  ( -0.000000000000000000, -0.000000000000000000, -1.000000000000000000 ) ) ;
#1159 = EDGE_CURVE ( 'NONE', #1067, #921, #327, .T. ) ;
#1160 = EDGE_CURVE ( 'NONE', #289, #1121, #677, .T. ) ;
#1161 = CARTESIAN_POINT ( 'NONE',  ( 11.00000000000000000, 38.50000000000000711, 0.000000000000000000 ) ) ;
#1162 = ORIENTED_EDGE ( 'NONE', *, *, #458, .T. ) ;
#1163 = CARTESIAN_POINT ( 'NONE',  ( 2.837679151856550952, 81.24757437010609351, -0.9109324888289839217 ) ) ;
#1164 = EDGE_LOOP ( 'NONE', ( #508, #482, #1136, #1185 ) ) ;
#1165 = CARTESIAN_POINT ( 'NONE',  ( 0.4456421416397030044, 46.96676181059027044, -3.499999999999999556 ) ) ;
#1166 = ADVANCED_FACE ( 'NONE', ( #993 ), #130, .F. ) ;
#1167 = CARTESIAN_POINT ( 'NONE',  ( -2.000000000000000000, 4.200000000000009059, -3.500000000000000000 ) ) ;
#1168 = EDGE_LOOP ( 'NONE', ( #1401, #1330, #725, #1301, #1340 ) ) ;
#1169 = ORIENTED_EDGE ( 'NONE', *, *, #756, .F. ) ;
#1170 = CARTESIAN_POINT ( 'NONE',  ( 7.000000000000000000, 38.50000000000000711, -14.00000000000000000 ) ) ;
#1171 = AXIS2_PLACEMENT_3D ( 'NONE', #728, #1049, #56 ) ;
#1172 = DIRECTION ( 'NONE',  ( 1.000000000000000000, 0.000000000000000000, 0.000000000000000000 ) ) ;
#1173 = VERTEX_POINT ( 'NONE', #215 ) ;
#1174 = CIRCLE ( 'NONE', #161, 1.000000000000000888 ) ;
#1175 = AXIS2_PLACEMENT_3D ( 'NONE', #1307, #94, #317 ) ;
#1176 = EDGE_CURVE ( 'NONE', #1253, #864, #449, .T. ) ;
#1177 = VECTOR ( 'NONE', #430, 1000.000000000000000 ) ;
#1178 = DIRECTION ( 'NONE',  ( -0.000000000000000000, -0.000000000000000000, -1.000000000000000000 ) ) ;
#1179 = EDGE_LOOP ( 'NONE', ( #596, #474 ) ) ;
#1180 = DIRECTION ( 'NONE',  ( 0.000000000000000000, 0.000000000000000000, 1.000000000000000000 ) ) ;
#1181 = FACE_OUTER_BOUND ( 'NONE', #225, .T. ) ;
#1182 = ORIENTED_EDGE ( 'NONE', *, *, #933, .F. ) ;
#1183 = CARTESIAN_POINT ( 'NONE',  ( 7.000000000000000000, 38.50000000000000711, -14.00000000000000000 ) ) ;
#1184 = EDGE_CURVE ( 'NONE', #699, #1223, #1267, .T. ) ;
#1185 = ORIENTED_EDGE ( 'NONE', *, *, #301, .F. ) ;
#1186 = CARTESIAN_POINT ( 'NONE',  ( 1.282806635716400523, 2.197553113753757614, -2.951702666262930652 ) ) ;
#1187 = DIRECTION ( 'NONE',  ( -0.000000000000000000, -0.000000000000000000, 1.000000000000000000 ) ) ;
#1188 = ORIENTED_EDGE ( 'NONE', *, *, #116, .F. ) ;
#1189 = CARTESIAN_POINT ( 'NONE',  ( 26.10300390748976085, 25.18825742945239199, 31.01870564804413988 ) ) ;
#1190 = LINE ( 'NONE', #950, #1177 ) ;
#1191 = DIRECTION ( 'NONE',  ( -0.000000000000000000, -0.000000000000000000, 1.000000000000000000 ) ) ;
#1192 = DIRECTION ( 'NONE',  ( -0.000000000000000000, 0.000000000000000000, -1.000000000000000000 ) ) ;
#1193 = DIRECTION ( 'NONE',  ( -1.000000000000000000, 0.000000000000000000, 0.000000000000000000 ) ) ;
#1194 = VERTEX_POINT ( 'NONE', #1211 ) ;
#1195 = FACE_OUTER_BOUND ( 'NONE', #1417, .T. ) ;
#1196 = AXIS2_PLACEMENT_3D ( 'NONE', #1339, #1116, #120 ) ;
#1197 = VECTOR ( 'NONE', #657, 1000.000000000000114 ) ;
#1198 = CARTESIAN_POINT ( 'NONE',  ( 2.469704366122770445, 1.554957888085385598, 0.000000000000000000 ) ) ;
#1199 = VECTOR ( 'NONE', #1226, 1000.000000000000000 ) ;
#1200 = LINE ( 'NONE', #1170, #1061 ) ;
#1201 = CARTESIAN_POINT ( 'NONE',  ( 2.219993094773973219, 24.07191908632467658, -3.500000000000000000 ) ) ;
#1202 = ORIENTED_EDGE ( 'NONE', *, *, #861, .T. ) ;
#1203 = DIRECTION ( 'NONE',  ( 0.000000000000000000, -0.7954317200324992898, -0.6060432152628554281 ) ) ;
#1204 = ORIENTED_EDGE ( 'NONE', *, *, #1216, .T. ) ;
#1205 = DIRECTION ( 'NONE',  ( 0.000000000000000000, -1.000000000000000000, 0.000000000000000000 ) ) ;
#1206 = DIRECTION ( 'NONE',  ( 0.000000000000000000, 0.000000000000000000, 1.000000000000000000 ) ) ;
#1207 = PRODUCT_DEFINITION ( 'General', '', #605, #1272 ) ;
#1208 = FACE_OUTER_BOUND ( 'NONE', #427, .T. ) ;
#1209 = VERTEX_POINT ( 'NONE', #123 ) ;
#1210 = DIRECTION ( 'NONE',  ( 0.000000000000000000, 0.000000000000000000, -1.000000000000000000 ) ) ;
#1211 = CARTESIAN_POINT ( 'NONE',  ( 3.924208082753628979, 5.515071522818618455, 0.000000000000000000 ) ) ;
#1212 = CYLINDRICAL_SURFACE ( 'NONE', #1377, 1.150000000000001465 ) ;
#1213 = CARTESIAN_POINT ( 'NONE',  ( 2.469704366122770445, 83.44504211191463128, 0.000000000000000000 ) ) ;
#1214 = ORIENTED_EDGE ( 'NONE', *, *, #848, .F. ) ;
#1215 = AXIS2_PLACEMENT_3D ( 'NONE', #1123, #456, #899 ) ;
#1216 = EDGE_CURVE ( 'NONE', #175, #631, #243, .T. ) ;
#1217 = CARTESIAN_POINT ( 'NONE',  ( 7.000000000000000000, 85.00000000000000000, 0.000000000000000000 ) ) ;
#1218 = AXIS2_PLACEMENT_3D ( 'NONE', #365, #565, #246 ) ;
#1219 = EDGE_CURVE ( 'NONE', #267, #954, #139, .T. ) ;
#1220 = CARTESIAN_POINT ( 'NONE',  ( -2.000000000000000000, 85.00000000000000000, -0.2999999999999996003 ) ) ;
#1221 = DIRECTION ( 'NONE',  ( -0.000000000000000000, -0.000000000000000000, -1.000000000000000000 ) ) ;
#1222 = CARTESIAN_POINT ( 'NONE',  ( -40.39999999999999858, 40.39999999999999858, -3.500000000000000000 ) ) ;
#1223 = VERTEX_POINT ( 'NONE', #118 ) ;
#1224 = EDGE_CURVE ( 'NONE', #1017, #947, #220, .T. ) ;
#1225 = CARTESIAN_POINT ( 'NONE',  ( 11.00000000000000000, 38.50000000000000711, -14.00000000000000000 ) ) ;
#1226 = DIRECTION ( 'NONE',  ( -0.000000000000000000, -0.000000000000000000, -1.000000000000000000 ) ) ;
#1227 = ORIENTED_EDGE ( 'NONE', *, *, #566, .T. ) ;
#1228 = LINE ( 'NONE', #1236, #466 ) ;
#1229 = DIRECTION ( 'NONE',  ( 0.000000000000000000, 0.000000000000000000, -1.000000000000000000 ) ) ;
#1230 = VERTEX_POINT ( 'NONE', #563 ) ;
#1231 = DIRECTION ( 'NONE',  ( 0.000000000000000000, 1.000000000000000000, -0.000000000000000000 ) ) ;
#1232 = EDGE_CURVE ( 'NONE', #38, #966, #911, .T. ) ;
#1233 = FACE_OUTER_BOUND ( 'NONE', #704, .T. ) ;
#1234 = ADVANCED_FACE ( 'NONE', ( #1233 ), #689, .F. ) ;
#1235 = VERTEX_POINT ( 'NONE', #1002 ) ;
#1236 = CARTESIAN_POINT ( 'NONE',  ( -40.39999999999999858, 44.60000000000000853, -3.500000000000000000 ) ) ;
#1237 = CARTESIAN_POINT ( 'NONE',  ( 1.445642141632056843, 46.96676181059027044, 0.000000000000000000 ) ) ;
#1238 = ORIENTED_EDGE ( 'NONE', *, *, #848, .T. ) ;
#1239 = MECHANICAL_DESIGN_GEOMETRIC_PRESENTATION_REPRESENTATION (  '', ( #1055 ), #878 ) ;
#1240 = AXIS2_PLACEMENT_3D ( 'NONE', #248, #1246, #144 ) ;
#1241 = CARTESIAN_POINT ( 'NONE',  ( 11.00000000000000000, 46.50000000000000000, 0.000000000000000000 ) ) ;
#1242 = EDGE_LOOP ( 'NONE', ( #710, #1096, #982, #128 ) ) ;
#1243 = CIRCLE ( 'NONE', #625, 0.9999999999988733457 ) ;
#1244 = CYLINDRICAL_SURFACE ( 'NONE', #1012, 1.000000000000000444 ) ;
#1245 = VECTOR ( 'NONE', #936, 1000.000000000000000 ) ;
#1246 = DIRECTION ( 'NONE',  ( 0.5182908387133896566, -0.5182908387133901007, 0.6802567258113232374 ) ) ;
#1247 = ORIENTED_EDGE ( 'NONE', *, *, #651, .T. ) ;
#1248 = CARTESIAN_POINT ( 'NONE',  ( 7.000000000000000000, 85.00000000000000000, 0.000000000000000000 ) ) ;
#1249 = ORIENTED_EDGE ( 'NONE', *, *, #869, .F. ) ;
#1250 = DIRECTION ( 'NONE',  ( -0.000000000000000000, -0.000000000000000000, -1.000000000000000000 ) ) ;
#1251 = DIRECTION ( 'NONE',  ( -0.000000000000000000, -1.000000000000000000, -0.000000000000000000 ) ) ;
#1252 = EDGE_CURVE ( 'NONE', #1110, #196, #294, .T. ) ;
#1253 = VERTEX_POINT ( 'NONE', #478 ) ;
#1254 = CARTESIAN_POINT ( 'NONE',  ( 7.000000000000000000, 85.00000000000000000, 0.000000000000000000 ) ) ;
#1255 = VERTEX_POINT ( 'NONE', #1315 ) ;
#1256 = FACE_OUTER_BOUND ( 'NONE', #461, .T. ) ;
#1257 = CARTESIAN_POINT ( 'NONE',  ( 1.999999999999999112, 61.20000000000000284, -3.500000000000000000 ) ) ;
#1258 = ORIENTED_EDGE ( 'NONE', *, *, #894, .T. ) ;
#1259 = ADVANCED_FACE ( 'NONE', ( #39 ), #612, .F. ) ;
#1260 = CARTESIAN_POINT ( 'NONE',  ( 0.4456421416397030044, 46.96676181059027044, -3.499999999999999556 ) ) ;
#1261 = ORIENTED_EDGE ( 'NONE', *, *, #346, .T. ) ;
#1262 = EDGE_CURVE ( 'NONE', #81, #97, #1154, .T. ) ;
#1263 = CARTESIAN_POINT ( 'NONE',  ( 3.000000000000000000, 61.20000000000000284, -3.500000000000000000 ) ) ;
#1264 = VECTOR ( 'NONE', #1251, 1000.000000000000000 ) ;
#1265 = CIRCLE ( 'NONE', #992, 0.9999999999923537830 ) ;
#1266 = DIRECTION ( 'NONE',  ( -0.7954317200324988457, 0.000000000000000000, 0.6060432152628559832 ) ) ;
#1267 = CIRCLE ( 'NONE', #741, 0.9999999999999991118 ) ;
#1268 = VERTEX_POINT ( 'NONE', #1163 ) ;
#1269 = EDGE_CURVE ( 'NONE', #1067, #962, #491, .T. ) ;
#1270 = CARTESIAN_POINT ( 'NONE',  ( -2.000000000000000000, 85.00000000000000000, -0.2999999999999996003 ) ) ;
#1271 = VERTEX_POINT ( 'NONE', #1046 ) ;
#1272 = PRODUCT_DEFINITION_CONTEXT ( 'detailed design', #477, 'design' ) ;
#1273 = DIRECTION ( 'NONE',  ( -1.000000000000000000, 0.000000000000000000, 0.000000000000000000 ) ) ;
#1274 = CARTESIAN_POINT ( 'NONE',  ( 1.910718671848699035, 3.483787218313724843, -5.421010862427522170E-17 ) ) ;
#1275 = ORIENTED_EDGE ( 'NONE', *, *, #1413, .T. ) ;
#1276 =( NAMED_UNIT ( * ) SI_UNIT ( $, .STERADIAN. ) SOLID_ANGLE_UNIT ( ) );
#1277 = ADVANCED_FACE ( 'NONE', ( #709 ), #253, .F. ) ;
#1278 = ORIENTED_EDGE ( 'NONE', *, *, #916, .T. ) ;
#1279 = DIRECTION ( 'NONE',  ( 0.000000000000000000, 0.000000000000000000, -1.000000000000000000 ) ) ;
#1280 = ADVANCED_FACE ( 'NONE', ( #698 ), #390, .F. ) ;
#1281 = VERTEX_POINT ( 'NONE', #1248 ) ;
#1282 = CARTESIAN_POINT ( 'NONE',  ( 2.837679151856550952, 2.837679151856540294, -0.2139827912766983919 ) ) ;
#1283 = CARTESIAN_POINT ( 'NONE',  ( 26.10300390748976085, 58.89699609251024270, 30.32175595049185546 ) ) ;
#1284 = CARTESIAN_POINT ( 'NONE',  ( 13.20349592612434542, 14.79435936618934022, 12.17906529442405272 ) ) ;
#1285 = EDGE_CURVE ( 'NONE', #40, #591, #492, .T. ) ;
#1286 = CIRCLE ( 'NONE', #669, 1.999999999999999778 ) ;
#1287 = DIRECTION ( 'NONE',  ( -1.000000000000000000, 0.000000000000000000, 0.000000000000000000 ) ) ;
#1288 = ORIENTED_EDGE ( 'NONE', *, *, #8, .F. ) ;
#1289 = VECTOR ( 'NONE', #705, 1000.000000000000000 ) ;
#1290 = LINE ( 'NONE', #307, #1151 ) ;
#1291 = AXIS2_PLACEMENT_3D ( 'NONE', #719, #273, #834 ) ;
#1292 = APPLICATION_PROTOCOL_DEFINITION ( 'draft international standard', 'automotive_design', 1998, #477 ) ;
#1293 = CARTESIAN_POINT ( 'NONE',  ( 0.000000000000000000, 80.79999999999999716, -3.500000000000000000 ) ) ;
#1294 = CARTESIAN_POINT ( 'NONE',  ( 0.000000000000000000, 31.36413199426110765, -41.16542324246771045 ) ) ;
#1295 = CARTESIAN_POINT ( 'NONE',  ( 11.00000000000000000, 38.50000000000000711, 0.000000000000000000 ) ) ;
#1296 = ORIENTED_EDGE ( 'NONE', *, *, #754, .F. ) ;
#1297 = EDGE_CURVE ( 'NONE', #23, #753, #943, .T. ) ;
#1298 = ORIENTED_EDGE ( 'NONE', *, *, #1219, .T. ) ;
#1299 = LINE ( 'NONE', #201, #812 ) ;
#1300 = CARTESIAN_POINT ( 'NONE',  ( 7.000000000000000000, 85.00000000000000000, -3.500000000000000000 ) ) ;
#1301 = ORIENTED_EDGE ( 'NONE', *, *, #1007, .T. ) ;
#1302 = LINE ( 'NONE', #875, #202 ) ;
#1303 = EDGE_LOOP ( 'NONE', ( #613, #707 ) ) ;
#1304 = LINE ( 'NONE', #399, #884 ) ;
#1305 = CARTESIAN_POINT ( 'NONE',  ( 2.469704366122770445, 1.554957888085385598, 0.000000000000000000 ) ) ;
#1306 = EDGE_CURVE ( 'NONE', #1281, #214, #280, .T. ) ;
#1307 = CARTESIAN_POINT ( 'NONE',  ( 3.000000000000000000, 61.20000000000000284, 0.000000000000000000 ) ) ;
#1308 = CARTESIAN_POINT ( 'NONE',  ( 3.483787218313735501, 1.910718671848689043, 5.421010862427522170E-17 ) ) ;
#1309 = ORIENTED_EDGE ( 'NONE', *, *, #428, .T. ) ;
#1310 = CYLINDRICAL_SURFACE ( 'NONE', #852, 1.000000000000917710 ) ;
#1311 = VECTOR ( 'NONE', #314, 1000.000000000000000 ) ;
#1312 = ORIENTED_EDGE ( 'NONE', *, *, #916, .F. ) ;
#1313 = CARTESIAN_POINT ( 'NONE',  ( 1.282806635716404076, 1.282806635716393640, -2.254752968710641792 ) ) ;
#1314 = AXIS2_PLACEMENT_3D ( 'NONE', #1077, #439, #536 ) ;
#1315 = CARTESIAN_POINT ( 'NONE',  ( 2.837679151856550952, 3.752425629893911374, -0.9109324888289839217 ) ) ;
#1316 = CARTESIAN_POINT ( 'NONE',  ( 4.200000000000001954, 85.00000000000000000, -3.500000000000000444 ) ) ;
#1317 = CARTESIAN_POINT ( 'NONE',  ( 1.000000000000000000, 64.07000000000000739, 0.000000000000000000 ) ) ;
#1318 = ORIENTED_EDGE ( 'NONE', *, *, #124, .F. ) ;
#1319 = DIRECTION ( 'NONE',  ( -1.000000000000000000, 0.000000000000000000, 0.000000000000000000 ) ) ;
#1320 = DIRECTION ( 'NONE',  ( -1.000000000000000000, 0.000000000000000000, 0.000000000000000000 ) ) ;
#1321 = DIRECTION ( 'NONE',  ( 0.000000000000000000, 0.000000000000000000, 1.000000000000000000 ) ) ;
#1322 = ADVANCED_FACE ( 'NONE', ( #260, #484, #1141, #370, #590, #152, #1156, #1372, #167 ), #1052, .F. ) ;
#1323 = DIRECTION ( 'NONE',  ( 0.5182908387133896566, 0.5182908387133901007, 0.6802567258113232374 ) ) ;
#1324 = EDGE_LOOP ( 'NONE', ( #988, #1045, #281, #893 ) ) ;
#1325 = DIRECTION ( 'NONE',  ( 0.000000000000000000, 0.7954317200324986237, 0.6060432152628562052 ) ) ;
#1326 = CARTESIAN_POINT ( 'NONE',  ( -4.336808689942017736E-16, 64.07000000000000739, 0.001000000000008806345 ) ) ;
#1327 = CARTESIAN_POINT ( 'NONE',  ( 3.000000000000000000, 61.20000000000000284, 0.000000000000000000 ) ) ;
#1328 = ADVANCED_FACE ( 'NONE', ( #53 ), #59, .T. ) ;
#1329 = CARTESIAN_POINT ( 'NONE',  ( 1.212475567546287047, 21.20488693131316893, -3.500000000000000000 ) ) ;
#1330 = ORIENTED_EDGE ( 'NONE', *, *, #718, .F. ) ;
#1331 = CIRCLE ( 'NONE', #271, 0.9999999999988733457 ) ;
#1332 = CIRCLE ( 'NONE', #1240, 1.149999999999994804 ) ;
#1333 = VECTOR ( 'NONE', #96, 1000.000000000000000 ) ;
#1334 = APPLICATION_CONTEXT ( 'automotive_design' ) ;
#1335 = DIRECTION ( 'NONE',  ( 1.000000000000000000, 0.000000000000000000, 0.000000000000000000 ) ) ;
#1336 = VECTOR ( 'NONE', #731, 1000.000000000000000 ) ;
#1337 = ORIENTED_EDGE ( 'NONE', *, *, #608, .T. ) ;
#1338 = LINE ( 'NONE', #787, #138 ) ;
#1339 = CARTESIAN_POINT ( 'NONE',  ( 26.10300390748976085, 26.10300390748976440, 30.32175595049185546 ) ) ;
#1340 = ORIENTED_EDGE ( 'NONE', *, *, #1390, .T. ) ;
#1341 = CARTESIAN_POINT ( 'NONE',  ( 8.000000000000000000, 44.50000000000000000, -14.00000000000000000 ) ) ;
#1342 = DIRECTION ( 'NONE',  ( -0.000000000000000000, -0.000000000000000000, -1.000000000000000000 ) ) ;
#1343 = VERTEX_POINT ( 'NONE', #1025 ) ;
#1344 = DIRECTION ( 'NONE',  ( 0.000000000000000000, 0.000000000000000000, 1.000000000000000000 ) ) ;
#1345 = DIRECTION ( 'NONE',  ( 0.7071067811865474617, 0.7071067811865474617, 0.000000000000000000 ) ) ;
#1346 = VERTEX_POINT ( 'NONE', #604 ) ;
#1347 = DIRECTION ( 'NONE',  ( 0.000000000000000000, -0.7954317200324992898, -0.6060432152628554281 ) ) ;
#1348 = ORIENTED_EDGE ( 'NONE', *, *, #200, .F. ) ;
#1349 = DIRECTION ( 'NONE',  ( -1.000000000000000000, 0.000000000000000000, 0.000000000000000000 ) ) ;
#1350 = CARTESIAN_POINT ( 'NONE',  ( 2.212475567547204758, 21.20488693131316893, 0.001000000000000132727 ) ) ;
#1351 = ORIENTED_EDGE ( 'NONE', *, *, #1024, .T. ) ;
#1352 = DIRECTION ( 'NONE',  ( 0.7954317200324988457, 0.000000000000000000, -0.6060432152628559832 ) ) ;
#1353 = ORIENTED_EDGE ( 'NONE', *, *, #1076, .F. ) ;
#1354 = AXIS2_PLACEMENT_3D ( 'NONE', #836, #1250, #1384 ) ;
#1355 = ADVANCED_FACE ( 'NONE', ( #1040 ), #498, .F. ) ;
#1356 = PLANE ( 'NONE',  #670 ) ;
#1357 = CARTESIAN_POINT ( 'NONE',  ( 5.079654607395286625, 79.92034539260473025, 0.000000000000000000 ) ) ;
#1358 = ORIENTED_EDGE ( 'NONE', *, *, #1371, .T. ) ;
#1359 = DIRECTION ( 'NONE',  ( -1.000000000000000000, 0.000000000000000000, 0.000000000000000000 ) ) ;
#1360 = EDGE_LOOP ( 'NONE', ( #471, #1080, #746 ) ) ;
#1361 = LINE ( 'NONE', #517, #20 ) ;
#1362 = CARTESIAN_POINT ( 'NONE',  ( 7.000000000000000000, 0.000000000000000000, -3.500000000000000000 ) ) ;
#1363 = VERTEX_POINT ( 'NONE', #363 ) ;
#1364 = EDGE_CURVE ( 'NONE', #1173, #431, #806, .T. ) ;
#1365 = ADVANCED_FACE ( 'NONE', ( #626 ), #190, .F. ) ;
#1366 = DIRECTION ( 'NONE',  ( 0.000000000000000000, -0.7954317200324976245, 0.6060432152628577596 ) ) ;
#1367 = ORIENTED_EDGE ( 'NONE', *, *, #756, .T. ) ;
#1368 = DIRECTION ( 'NONE',  ( 0.000000000000000000, 1.000000000000000000, 0.000000000000000000 ) ) ;
#1369 = CARTESIAN_POINT ( 'NONE',  ( 9.000000000000000000, 40.50000000000000711, -14.00000000000000000 ) ) ;
#1370 = EDGE_LOOP ( 'NONE', ( #830, #758, #505 ) ) ;
#1371 = EDGE_CURVE ( 'NONE', #1253, #1173, #863, .T. ) ;
#1372 = FACE_BOUND ( 'NONE', #1020, .T. ) ;
#1373 = ORIENTED_EDGE ( 'NONE', *, *, #1390, .F. ) ;
#1374 = CIRCLE ( 'NONE', #318, 1.149999999999995026 ) ;
#1375 = DIRECTION ( 'NONE',  ( 0.000000000000000000, 0.000000000000000000, -1.000000000000000000 ) ) ;
#1376 = AXIS2_PLACEMENT_3D ( 'NONE', #134, #1005, #694 ) ;
#1377 = AXIS2_PLACEMENT_3D ( 'NONE', #256, #685, #15 ) ;
#1378 = CARTESIAN_POINT ( 'NONE',  ( 4.096319120417252435, 83.70181323025484232, 1.843143693225357538E-15 ) ) ;
#1379 = VECTOR ( 'NONE', #777, 1000.000000000000000 ) ;
#1380 = EDGE_LOOP ( 'NONE', ( #241, #211 ) ) ;
#1381 = LINE ( 'NONE', #739, #717 ) ;
#1382 = EDGE_LOOP ( 'NONE', ( #26, #60, #501, #918 ) ) ;
#1383 = UNCERTAINTY_MEASURE_WITH_UNIT (LENGTH_MEASURE( 1.000000000000000082E-05 ), #112, 'distance_accuracy_value', 'NONE');
#1384 = DIRECTION ( 'NONE',  ( -1.000000000000000000, 0.000000000000000000, 0.000000000000000000 ) ) ;
#1385 = CARTESIAN_POINT ( 'NONE',  ( 6.007727886567054476, 80.84841867177651409, 0.000000000000000000 ) ) ;
#1386 = EDGE_LOOP ( 'NONE', ( #88, #850 ) ) ;
#1387 = EDGE_LOOP ( 'NONE', ( #627, #674, #400, #499 ) ) ;
#1388 = LINE ( 'NONE', #74, #516 ) ;
#1389 = VERTEX_POINT ( 'NONE', #309 ) ;
#1390 = EDGE_CURVE ( 'NONE', #844, #753, #1388, .T. ) ;
#1391 = FACE_OUTER_BOUND ( 'NONE', #1179, .T. ) ;
#1392 = CARTESIAN_POINT ( 'NONE',  ( 3.444892723922812205, 47.04418777598477419, -3.499999999999999556 ) ) ;
#1393 = ORIENTED_EDGE ( 'NONE', *, *, #3, .F. ) ;
#1394 = DIRECTION ( 'NONE',  ( 1.000000000000000000, 0.000000000000000000, 0.000000000000000000 ) ) ;
#1395 = ORIENTED_EDGE ( 'NONE', *, *, #164, .F. ) ;
#1396 = DIRECTION ( 'NONE',  ( 0.7071067811865479058, 0.7071067811865472397, 0.000000000000000000 ) ) ;
#1397 = CIRCLE ( 'NONE', #851, 1.149999999999995026 ) ;
#1398 = EDGE_CURVE ( 'NONE', #611, #838, #1381, .T. ) ;
#1399 = AXIS2_PLACEMENT_3D ( 'NONE', #288, #734, #1172 ) ;
#1400 = CARTESIAN_POINT ( 'NONE',  ( -2.000000000000000000, 4.200000000000009059, -3.500000000000000000 ) ) ;
#1401 = ORIENTED_EDGE ( 'NONE', *, *, #1297, .F. ) ;
#1402 = CIRCLE ( 'NONE', #1218, 1.149999999999998357 ) ;
#1403 = AXIS2_PLACEMENT_3D ( 'NONE', #1406, #1180, #1070 ) ;
#1404 = FACE_OUTER_BOUND ( 'NONE', #1079, .T. ) ;
#1405 = ORIENTED_EDGE ( 'NONE', *, *, #44, .T. ) ;
#1406 = CARTESIAN_POINT ( 'NONE',  ( 4.444892723921685551, 47.04418777598477419, 0.000000000000000000 ) ) ;
#1407 = EDGE_CURVE ( 'NONE', #1173, #525, #1304, .T. ) ;
#1408 = CARTESIAN_POINT ( 'NONE',  ( -2.000000000000000000, 4.200000000000009059, -3.500000000000000000 ) ) ;
#1409 = ORIENTED_EDGE ( 'NONE', *, *, #418, .F. ) ;
#1410 = CARTESIAN_POINT ( 'NONE',  ( 9.000000000000000000, 40.50000000000000711, -4.000000000000000000 ) ) ;
#1411 = ORIENTED_EDGE ( 'NONE', *, *, #237, .F. ) ;
#1412 = ADVANCED_FACE ( 'NONE', ( #1404 ), #1082, .F. ) ;
#1413 = EDGE_CURVE ( 'NONE', #1255, #274, #371, .T. ) ;
#1414 = EDGE_LOOP ( 'NONE', ( #350, #1428 ) ) ;
#1415 = CYLINDRICAL_SURFACE ( 'NONE', #207, 1.999999999999999778 ) ;
#1416 = CARTESIAN_POINT ( 'NONE',  ( -39.80274705491880383, 45.19725294508117486, 0.000000000000000000 ) ) ;
#1417 = EDGE_LOOP ( 'NONE', ( #594, #544, #871, #1142 ) ) ;
#1418 = CARTESIAN_POINT ( 'NONE',  ( 1.298186769745174329, 4.096319120417237336, 8.619407271259760250E-15 ) ) ;
#1419 = EDGE_CURVE ( 'NONE', #864, #923, #1190, .T. ) ;
#1420 = ORIENTED_EDGE ( 'NONE', *, *, #1219, .F. ) ;
#1421 = ORIENTED_EDGE ( 'NONE', *, *, #675, .F. ) ;
#1422 = LINE ( 'NONE', #311, #628 ) ;
#1423 = CARTESIAN_POINT ( 'NONE',  ( 2.000000000000000444, 64.07000000000000739, 0.000000000000000000 ) ) ;
#1424 = COLOUR_RGB ( '',0.7921568627450980005, 0.8196078431372548767, 0.9333333333333333481 ) ;
#1425 = AXIS2_PLACEMENT_3D ( 'NONE', #1016, #1144, #380 ) ;
#1426 = PLANE ( 'NONE',  #831 ) ;
#1427 = CIRCLE ( 'NONE', #178, 1.000000000000000444 ) ;
#1428 = ORIENTED_EDGE ( 'NONE', *, *, #839, .T. ) ;
#1429 = VECTOR ( 'NONE', #984, 999.9999999999998863 ) ;
ENDSEC;
END-ISO-10303-21;
