ISO-10303-21;
HEADER;
FILE_DESCRIPTION (( 'STEP AP214' ),
    '1' );
FILE_NAME ('PTK 7350.STEP',
    '2025-10-21T18:57:06',
    ( 'Windows User' ),
    ( '' ),
    'SwSTEP 2.0',
    'SolidWorks 2023',
    '' );
FILE_SCHEMA (( 'AUTOMOTIVE_DESIGN' ));
ENDSEC;

DATA;
#1 =( NAMED_UNIT ( * ) PLANE_ANGLE_UNIT ( ) SI_UNIT ( $, .RADIAN. ) );
#2 = SURFACE_STYLE_USAGE ( .BOTH. , #1410 ) ;
#3 = MECHANICAL_DESIGN_GEOMETRIC_PRESENTATION_REPRESENTATION (  '', ( #479 ), #4 ) ;
#4 =( GEOMETRIC_REPRESENTATION_CONTEXT ( 3 ) GLOBAL_UNCERTAINTY_ASSIGNED_CONTEXT ( ( #623 ) ) GLOBAL_UNIT_ASSIGNED_CONTEXT ( ( #1492, #1133, #138 ) ) REPRESENTATION_CONTEXT ( 'NONE', 'WORKASPACE' ) );
#5 = SURFACE_SIDE_STYLE ('',( #1029 ) ) ;
#6 = EDGE_CURVE ( 'NONE', #1527, #303, #1426, .T. ) ;
#7 =( NAMED_UNIT ( * ) SI_UNIT ( $, .STERADIAN. ) SOLID_ANGLE_UNIT ( ) );
#8 = CARTESIAN_POINT ( 'NONE',  ( -5.497623957880874102, 16.34466507787026046, 28.19558480581258664 ) ) ;
#9 = VERTEX_POINT ( 'NONE', #164 ) ;
#10 = CARTESIAN_POINT ( 'NONE',  ( -1.797623957880873480, 19.19211029276216607, 33.49225867182921235 ) ) ;
#11 = DIRECTION ( 'NONE',  ( -1.000000000000000000, 4.098378921656037895E-28, 8.805702923812619881E-17 ) ) ;
#12 = DIRECTION ( 'NONE',  ( 1.000000000000000000, 0.000000000000000000, -8.805702923740138355E-17 ) ) ;
#13 = EDGE_CURVE ( 'NONE', #999, #1458, #1293, .T. ) ;
#14 = DIRECTION ( 'NONE',  ( 1.000000000000000000, 0.000000000000000000, -0.000000000000000000 ) ) ;
#15 = CARTESIAN_POINT ( 'NONE',  ( 18.20337604211913174, 14.94211029276216607, 34.49225867182921235 ) ) ;
#16 = SURFACE_SIDE_STYLE ('',( #276 ) ) ;
#17 = ORIENTED_EDGE ( 'NONE', *, *, #249, .F. ) ;
#18 = FILL_AREA_STYLE ('',( #1138 ) ) ;
#19 = ORIENTED_EDGE ( 'NONE', *, *, #708, .T. ) ;
#20 = DIRECTION ( 'NONE',  ( -1.000000000000000000, 4.098384217963384960E-28, 8.805702923812621113E-17 ) ) ;
#21 = FILL_AREA_STYLE ('',( #791 ) ) ;
#22 = CARTESIAN_POINT ( 'NONE',  ( -7.997623957880874102, 13.53955550765407523, 30.75905126728259376 ) ) ;
#23 = ORIENTED_EDGE ( 'NONE', *, *, #1030, .T. ) ;
#24 = CIRCLE ( 'NONE', #129, 4.250000000000003553 ) ;
#25 = DIRECTION ( 'NONE',  ( 5.940295819670286978E-17, -0.7381867290042590790, 0.6745964372289499078 ) ) ;
#26 = CARTESIAN_POINT ( 'NONE',  ( -5.297623957880874812, 14.94211029276216607, 29.47731803654759375 ) ) ;
#27 = STYLED_ITEM ( 'NONE', ( #328 ), #1199 ) ;
#28 = COLOUR_RGB ( '',0.000000000000000000, 1.000000000000000000, 1.000000000000000000 ) ;
#29 = DIRECTION ( 'NONE',  ( 8.805702923740138355E-17, 0.000000000000000000, 1.000000000000000000 ) ) ;
#30 = AXIS2_PLACEMENT_3D ( 'NONE', #518, #667, #14 ) ;
#31 = SURFACE_SIDE_STYLE ('',( #797 ) ) ;
#32 = PRESENTATION_LAYER_ASSIGNMENT (  '', '', ( #645 ) ) ;
#33 = PRESENTATION_STYLE_ASSIGNMENT (( #1031 ) ) ;
#34 = SURFACE_SIDE_STYLE ('',( #1421 ) ) ;
#35 = CARTESIAN_POINT ( 'NONE',  ( -7.997623957880875878, 14.94211029276216607, 29.47731803654759375 ) ) ;
#36 = ORIENTED_EDGE ( 'NONE', *, *, #762, .T. ) ;
#37 = LINE ( 'NONE', #426, #1121 ) ;
#38 = CARTESIAN_POINT ( 'NONE',  ( 2.202376042119124744, 14.94211029276216607, 11.79225867182921661 ) ) ;
#39 = SURFACE_STYLE_USAGE ( .BOTH. , #1274 ) ;
#40 = EDGE_LOOP ( 'NONE', ( #1107, #149, #432, #1388 ) ) ;
#41 = FACE_OUTER_BOUND ( 'NONE', #1072, .T. ) ;
#42 = DIRECTION ( 'NONE',  ( 0.000000000000000000, -0.000000000000000000, 1.000000000000000000 ) ) ;
#43 = DIRECTION ( 'NONE',  ( -1.000000000000000000, -0.000000000000000000, 8.805702923740137122E-17 ) ) ;
#44 = VERTEX_POINT ( 'NONE', #1258 ) ;
#45 = DIRECTION ( 'NONE',  ( 1.761140584748027671E-16, 0.000000000000000000, 1.000000000000000000 ) ) ;
#46 = FACE_OUTER_BOUND ( 'NONE', #347, .T. ) ;
#47 = DIRECTION ( 'NONE',  ( -1.000000000000000000, 0.000000000000000000, 8.805702923740138355E-17 ) ) ;
#48 = CARTESIAN_POINT ( 'NONE',  ( -1.797623957880873480, 10.69211029276216607, 33.49225867182921235 ) ) ;
#49 = ORIENTED_EDGE ( 'NONE', *, *, #1466, .T. ) ;
#50 = MECHANICAL_DESIGN_GEOMETRIC_PRESENTATION_REPRESENTATION (  '', ( #1247 ), #1017 ) ;
#51 = AXIS2_PLACEMENT_3D ( 'NONE', #169, #824, #63 ) ;
#52 =( GEOMETRIC_REPRESENTATION_CONTEXT ( 3 ) GLOBAL_UNCERTAINTY_ASSIGNED_CONTEXT ( ( #859 ) ) GLOBAL_UNIT_ASSIGNED_CONTEXT ( ( #727, #176, #310 ) ) REPRESENTATION_CONTEXT ( 'NONE', 'WORKASPACE' ) );
#53 = COLOUR_RGB ( '',0.000000000000000000, 1.000000000000000000, 1.000000000000000000 ) ;
#54 = VECTOR ( 'NONE', #87, 1000.000000000000000 ) ;
#55 =( NAMED_UNIT ( * ) SI_UNIT ( $, .STERADIAN. ) SOLID_ANGLE_UNIT ( ) );
#56 =( NAMED_UNIT ( * ) PLANE_ANGLE_UNIT ( ) SI_UNIT ( $, .RADIAN. ) );
#57 = EDGE_CURVE ( 'NONE', #1248, #999, #1622, .T. ) ;
#58 =( GEOMETRIC_REPRESENTATION_CONTEXT ( 3 ) GLOBAL_UNCERTAINTY_ASSIGNED_CONTEXT ( ( #1123 ) ) GLOBAL_UNIT_ASSIGNED_CONTEXT ( ( #1181, #938, #950 ) ) REPRESENTATION_CONTEXT ( 'NONE', 'WORKASPACE' ) );
#59 = AXIS2_PLACEMENT_3D ( 'NONE', #1103, #241, #229 ) ;
#60 = EDGE_CURVE ( 'NONE', #9, #480, #1179, .T. ) ;
#61 = MECHANICAL_DESIGN_GEOMETRIC_PRESENTATION_REPRESENTATION (  '', ( #187 ), #234 ) ;
#62 = EDGE_LOOP ( 'NONE', ( #935, #1239, #851, #17 ) ) ;
#63 = DIRECTION ( 'NONE',  ( -8.805702923740138355E-17, 0.000000000000000000, -1.000000000000000000 ) ) ;
#64 = FACE_BOUND ( 'NONE', #358, .T. ) ;
#65 = EDGE_CURVE ( 'NONE', #414, #188, #392, .T. ) ;
#66 = CARTESIAN_POINT ( 'NONE',  ( 2.202376042119126520, 14.94211029276216607, 34.49225867182921235 ) ) ;
#67 = ORIENTED_EDGE ( 'NONE', *, *, #297, .F. ) ;
#68 = CARTESIAN_POINT ( 'NONE',  ( -5.497623957880874102, 14.94211029276216607, 29.47731803654759020 ) ) ;
#69 = UNCERTAINTY_MEASURE_WITH_UNIT (LENGTH_MEASURE( 1.000000000000000082E-05 ), #1262, 'distance_accuracy_value', 'NONE');
#70 = SURFACE_STYLE_USAGE ( .BOTH. , #461 ) ;
#71 =( LENGTH_UNIT ( ) NAMED_UNIT ( * ) SI_UNIT ( .MILLI., .METRE. ) );
#72 = ORIENTED_EDGE ( 'NONE', *, *, #1353, .T. ) ;
#73 = COLOUR_RGB ( '',0.000000000000000000, 1.000000000000000000, 1.000000000000000000 ) ;
#74 = LINE ( 'NONE', #555, #1531 ) ;
#75 = AXIS2_PLACEMENT_3D ( 'NONE', #218, #1136, #772 ) ;
#76 = FILL_AREA_STYLE ('',( #1218 ) ) ;
#77 = AXIS2_PLACEMENT_3D ( 'NONE', #1436, #817, #1308 ) ;
#78 = AXIS2_PLACEMENT_3D ( 'NONE', #643, #1266, #633 ) ;
#79 = DIRECTION ( 'NONE',  ( -1.000000000000000000, 0.000000000000000000, 8.805702923740138355E-17 ) ) ;
#80 = CARTESIAN_POINT ( 'NONE',  ( 18.20237604211912696, 19.19211029276216607, 33.49225867182921235 ) ) ;
#81 = AXIS2_PLACEMENT_3D ( 'NONE', #196, #850, #572 ) ;
#82 = VECTOR ( 'NONE', #790, 1000.000000000000000 ) ;
#83 = EDGE_LOOP ( 'NONE', ( #1290, #89, #766, #1160 ) ) ;
#84 = ORIENTED_EDGE ( 'NONE', *, *, #898, .T. ) ;
#85 = CARTESIAN_POINT ( 'NONE',  ( 3.002376042119125010, 10.69211029276216607, 13.79225867182921483 ) ) ;
#86 =( NAMED_UNIT ( * ) SI_UNIT ( $, .STERADIAN. ) SOLID_ANGLE_UNIT ( ) );
#87 = DIRECTION ( 'NONE',  ( 1.000000000000000000, 0.000000000000000000, 0.000000000000000000 ) ) ;
#88 = ORIENTED_EDGE ( 'NONE', *, *, #1185, .F. ) ;
#89 = ORIENTED_EDGE ( 'NONE', *, *, #1080, .T. ) ;
#90 = DIRECTION ( 'NONE',  ( -1.000000000000000000, 0.000000000000000000, 8.805702923740138355E-17 ) ) ;
#91 = DIRECTION ( 'NONE',  ( -1.000000000000000000, 4.098384217963384960E-28, 8.805702923812621113E-17 ) ) ;
#92 = ORIENTED_EDGE ( 'NONE', *, *, #664, .T. ) ;
#93 = DIRECTION ( 'NONE',  ( 0.000000000000000000, 0.000000000000000000, 1.000000000000000000 ) ) ;
#94 = VERTEX_POINT ( 'NONE', #923 ) ;
#95 = CARTESIAN_POINT ( 'NONE',  ( -5.497623957880874102, 14.94211029276216607, 29.47731803654759020 ) ) ;
#96 = SURFACE_STYLE_FILL_AREA ( #1241 ) ;
#97 = UNCERTAINTY_MEASURE_WITH_UNIT (LENGTH_MEASURE( 1.000000000000000082E-05 ), #1141, 'distance_accuracy_value', 'NONE');
#98 = AXIS2_PLACEMENT_3D ( 'NONE', #26, #1052, #1542 ) ;
#99 = SURFACE_STYLE_USAGE ( .BOTH. , #1620 ) ;
#100 = DIRECTION ( 'NONE',  ( 8.805702923740138355E-17, 0.000000000000000000, 1.000000000000000000 ) ) ;
#101 = ADVANCED_FACE ( 'NONE', ( #46 ), #272, .F. ) ;
#102 = ORIENTED_EDGE ( 'NONE', *, *, #1314, .F. ) ;
#103 = PRESENTATION_LAYER_ASSIGNMENT (  '', '', ( #187 ) ) ;
#104 = EDGE_CURVE ( 'NONE', #746, #245, #201, .T. ) ;
#105 = MECHANICAL_DESIGN_GEOMETRIC_PRESENTATION_REPRESENTATION (  '', ( #1092 ), #1633 ) ;
#106 = CIRCLE ( 'NONE', #1608, 4.250000000000003553 ) ;
#107 = VERTEX_POINT ( 'NONE', #1593 ) ;
#108 =( GEOMETRIC_REPRESENTATION_CONTEXT ( 3 ) GLOBAL_UNCERTAINTY_ASSIGNED_CONTEXT ( ( #707 ) ) GLOBAL_UNIT_ASSIGNED_CONTEXT ( ( #652, #1405, #1287 ) ) REPRESENTATION_CONTEXT ( 'NONE', 'WORKASPACE' ) );
#109 =( GEOMETRIC_REPRESENTATION_CONTEXT ( 3 ) GLOBAL_UNCERTAINTY_ASSIGNED_CONTEXT ( ( #1087 ) ) GLOBAL_UNIT_ASSIGNED_CONTEXT ( ( #861, #1369, #742 ) ) REPRESENTATION_CONTEXT ( 'NONE', 'WORKASPACE' ) );
#110 = SURFACE_STYLE_FILL_AREA ( #212 ) ;
#111 = CARTESIAN_POINT ( 'NONE',  ( -1.797623957880873480, 10.69211029276216607, 33.49225867182921235 ) ) ;
#112 = ADVANCED_FACE ( 'NONE', ( #64, #1444 ), #329, .T. ) ;
#113 = DIRECTION ( 'NONE',  ( 1.000000000000000000, -4.098384217963384960E-28, -8.805702923812621113E-17 ) ) ;
#114 = EDGE_LOOP ( 'NONE', ( #807, #1352, #1342, #1609 ) ) ;
#115 = DIRECTION ( 'NONE',  ( 0.000000000000000000, 0.7381867290042597451, -0.6745964372289491306 ) ) ;
#116 = VERTEX_POINT ( 'NONE', #1437 ) ;
#117 = DIRECTION ( 'NONE',  ( 5.940295819670286978E-17, -0.7381867290042590790, 0.6745964372289499078 ) ) ;
#118 = UNCERTAINTY_MEASURE_WITH_UNIT (LENGTH_MEASURE( 1.000000000000000082E-05 ), #1522, 'distance_accuracy_value', 'NONE');
#119 = FILL_AREA_STYLE_COLOUR ( '', #836 ) ;
#120 = CARTESIAN_POINT ( 'NONE',  ( 3.002376042119126787, 19.19211029276216607, 33.49225867182921235 ) ) ;
#121 = FACE_OUTER_BOUND ( 'NONE', #1566, .T. ) ;
#122 = ADVANCED_FACE ( 'NONE', ( #1563 ), #441, .T. ) ;
#123 = FILL_AREA_STYLE_COLOUR ( '', #1221 ) ;
#124 = ORIENTED_EDGE ( 'NONE', *, *, #651, .F. ) ;
#125 = FACE_OUTER_BOUND ( 'NONE', #1616, .T. ) ;
#126 = EDGE_CURVE ( 'NONE', #1297, #334, #1324, .T. ) ;
#127 = DIRECTION ( 'NONE',  ( 8.805702923740138355E-17, 0.000000000000000000, 1.000000000000000000 ) ) ;
#128 = FILL_AREA_STYLE_COLOUR ( '', #1350 ) ;
#129 = AXIS2_PLACEMENT_3D ( 'NONE', #776, #1514, #160 ) ;
#130 = AXIS2_PLACEMENT_3D ( 'NONE', #1592, #465, #1481 ) ;
#131 = MECHANICAL_DESIGN_GEOMETRIC_PRESENTATION_REPRESENTATION (  '', ( #939 ), #338 ) ;
#132 = EDGE_LOOP ( 'NONE', ( #900, #986 ) ) ;
#133 = ADVANCED_FACE ( 'NONE', ( #578, #323 ), #193, .F. ) ;
#134 = DIRECTION ( 'NONE',  ( -1.000000000000000000, 0.000000000000000000, 8.805702923740138355E-17 ) ) ;
#135 = STYLED_ITEM ( 'NONE', ( #1538 ), #1594 ) ;
#136 = CARTESIAN_POINT ( 'NONE',  ( -7.997623957880874102, 14.94211029276216607, 29.47731803654759020 ) ) ;
#137 =( GEOMETRIC_REPRESENTATION_CONTEXT ( 3 ) GLOBAL_UNCERTAINTY_ASSIGNED_CONTEXT ( ( #368 ) ) GLOBAL_UNIT_ASSIGNED_CONTEXT ( ( #280, #1300, #547 ) ) REPRESENTATION_CONTEXT ( 'NONE', 'WORKASPACE' ) );
#138 =( NAMED_UNIT ( * ) SI_UNIT ( $, .STERADIAN. ) SOLID_ANGLE_UNIT ( ) );
#139 = CARTESIAN_POINT ( 'NONE',  ( -1.797623957880875256, 19.19211029276216607, 15.79225867182921306 ) ) ;
#140 = PLANE ( 'NONE',  #944 ) ;
#141 = EDGE_CURVE ( 'NONE', #233, #1101, #1497, .T. ) ;
#142 = CARTESIAN_POINT ( 'NONE',  ( -7.997623957880874102, 14.94211029276216607, 29.47731803654759020 ) ) ;
#143 = VERTEX_POINT ( 'NONE', #1139 ) ;
#144 = PLANE ( 'NONE',  #941 ) ;
#145 = FACE_OUTER_BOUND ( 'NONE', #894, .T. ) ;
#146 = DIRECTION ( 'NONE',  ( 0.000000000000000000, 0.000000000000000000, -1.000000000000000000 ) ) ;
#147 = FILL_AREA_STYLE_COLOUR ( '', #1094 ) ;
#148 = LINE ( 'NONE', #48, #316 ) ;
#149 = ORIENTED_EDGE ( 'NONE', *, *, #1568, .T. ) ;
#150 = LINE ( 'NONE', #252, #289 ) ;
#151 = DIRECTION ( 'NONE',  ( 1.000000000000000000, -0.000000000000000000, -0.000000000000000000 ) ) ;
#152 = PRESENTATION_STYLE_ASSIGNMENT (( #796 ) ) ;
#153 = EDGE_LOOP ( 'NONE', ( #1614, #177, #49, #622 ) ) ;
#154 = LINE ( 'NONE', #1180, #82 ) ;
#155 =( LENGTH_UNIT ( ) NAMED_UNIT ( * ) SI_UNIT ( .MILLI., .METRE. ) );
#156 = EDGE_CURVE ( 'NONE', #480, #822, #240, .T. ) ;
#157 = EDGE_LOOP ( 'NONE', ( #628, #1223 ) ) ;
#158 = PRESENTATION_LAYER_ASSIGNMENT (  '', '', ( #1472 ) ) ;
#159 =( NAMED_UNIT ( * ) SI_UNIT ( $, .STERADIAN. ) SOLID_ANGLE_UNIT ( ) );
#160 = DIRECTION ( 'NONE',  ( 1.020425574104003260E-16, 0.000000000000000000, 1.000000000000000000 ) ) ;
#161 =( GEOMETRIC_REPRESENTATION_CONTEXT ( 3 ) GLOBAL_UNCERTAINTY_ASSIGNED_CONTEXT ( ( #1470 ) ) GLOBAL_UNIT_ASSIGNED_CONTEXT ( ( #511, #1116, #364 ) ) REPRESENTATION_CONTEXT ( 'NONE', 'WORKASPACE' ) );
#162 = VECTOR ( 'NONE', #1212, 1000.000000000000000 ) ;
#163 = VECTOR ( 'NONE', #890, 1000.000000000000000 ) ;
#164 = CARTESIAN_POINT ( 'NONE',  ( 3.002376042119125010, 10.69211029276216607, 13.79225867182921661 ) ) ;
#165 =( GEOMETRIC_REPRESENTATION_CONTEXT ( 3 ) GLOBAL_UNCERTAINTY_ASSIGNED_CONTEXT ( ( #118 ) ) GLOBAL_UNIT_ASSIGNED_CONTEXT ( ( #1522, #1401, #246 ) ) REPRESENTATION_CONTEXT ( 'NONE', 'WORKASPACE' ) );
#166 = CARTESIAN_POINT ( 'NONE',  ( 11.00237604211912945, 13.34211029276216642, 35.49225867182921945 ) ) ;
#167 =( NAMED_UNIT ( * ) PLANE_ANGLE_UNIT ( ) SI_UNIT ( $, .RADIAN. ) );
#168 = EDGE_LOOP ( 'NONE', ( #592, #1016 ) ) ;
#169 = CARTESIAN_POINT ( 'NONE',  ( -1.797623957880875256, 19.19211029276216607, 13.79225867182921661 ) ) ;
#170 = CARTESIAN_POINT ( 'NONE',  ( 3.002376042119125010, 10.69211029276216607, 13.79225867182921483 ) ) ;
#171 = DIRECTION ( 'NONE',  ( 0.000000000000000000, 1.000000000000000000, 0.000000000000000000 ) ) ;
#172 = FILL_AREA_STYLE ('',( #1312 ) ) ;
#173 = ORIENTED_EDGE ( 'NONE', *, *, #156, .F. ) ;
#174 = ADVANCED_FACE ( 'NONE', ( #858, #351 ), #760, .F. ) ;
#175 =( NAMED_UNIT ( * ) PLANE_ANGLE_UNIT ( ) SI_UNIT ( $, .RADIAN. ) );
#176 =( NAMED_UNIT ( * ) PLANE_ANGLE_UNIT ( ) SI_UNIT ( $, .RADIAN. ) );
#177 = ORIENTED_EDGE ( 'NONE', *, *, #604, .F. ) ;
#178 = EDGE_CURVE ( 'NONE', #534, #1118, #1554, .T. ) ;
#179 = CARTESIAN_POINT ( 'NONE',  ( -7.997623957880875878, 14.94211029276216607, 29.47731803654759375 ) ) ;
#180 = AXIS2_PLACEMENT_3D ( 'NONE', #648, #895, #1504 ) ;
#181 = VECTOR ( 'NONE', #799, 1000.000000000000000 ) ;
#182 = VECTOR ( 'NONE', #599, 1000.000000000000000 ) ;
#183 = CARTESIAN_POINT ( 'NONE',  ( -1.797623957880873480, 19.19211029276216607, 33.49225867182921235 ) ) ;
#184 =( GEOMETRIC_REPRESENTATION_CONTEXT ( 3 ) GLOBAL_UNCERTAINTY_ASSIGNED_CONTEXT ( ( #485 ) ) GLOBAL_UNIT_ASSIGNED_CONTEXT ( ( #308, #949, #301 ) ) REPRESENTATION_CONTEXT ( 'NONE', 'WORKASPACE' ) );
#185 = ADVANCED_FACE ( 'NONE', ( #1122, #1147 ), #984, .F. ) ;
#186 =( NAMED_UNIT ( * ) SI_UNIT ( $, .STERADIAN. ) SOLID_ANGLE_UNIT ( ) );
#187 = STYLED_ITEM ( 'NONE', ( #1562 ), #1068 ) ;
#188 = VERTEX_POINT ( 'NONE', #360 ) ;
#189 = CARTESIAN_POINT ( 'NONE',  ( -1.797623957880875256, 19.19211029276216607, 15.79225867182921306 ) ) ;
#190 = SURFACE_SIDE_STYLE ('',( #1077 ) ) ;
#191 = FACE_OUTER_BOUND ( 'NONE', #736, .T. ) ;
#192 = ORIENTED_EDGE ( 'NONE', *, *, #1033, .T. ) ;
#193 = PLANE ( 'NONE',  #988 ) ;
#194 = UNCERTAINTY_MEASURE_WITH_UNIT (LENGTH_MEASURE( 1.000000000000000082E-05 ), #789, 'distance_accuracy_value', 'NONE');
#195 = SURFACE_STYLE_USAGE ( .BOTH. , #190 ) ;
#196 = CARTESIAN_POINT ( 'NONE',  ( 2.202376042119126520, 14.94211029276216607, 35.49225867182921945 ) ) ;
#197 = SURFACE_SIDE_STYLE ('',( #1457 ) ) ;
#198 = VERTEX_POINT ( 'NONE', #748 ) ;
#199 = ORIENTED_EDGE ( 'NONE', *, *, #952, .F. ) ;
#200 = CARTESIAN_POINT ( 'NONE',  ( -1.797623957880875256, 10.69211029276216607, 13.79225867182921661 ) ) ;
#201 = LINE ( 'NONE', #189, #884 ) ;
#202 = FILL_AREA_STYLE ('',( #119 ) ) ;
#203 = AXIS2_PLACEMENT_3D ( 'NONE', #1518, #551, #1551 ) ;
#204 = DIRECTION ( 'NONE',  ( 1.000000000000000000, 0.000000000000000000, 0.000000000000000000 ) ) ;
#205 = MECHANICAL_DESIGN_GEOMETRIC_PRESENTATION_REPRESENTATION (  '', ( #1402 ), #237 ) ;
#206 =( GEOMETRIC_REPRESENTATION_CONTEXT ( 3 ) GLOBAL_UNCERTAINTY_ASSIGNED_CONTEXT ( ( #605 ) ) GLOBAL_UNIT_ASSIGNED_CONTEXT ( ( #231, #477, #743 ) ) REPRESENTATION_CONTEXT ( 'NONE', 'WORKASPACE' ) );
#207 = CARTESIAN_POINT ( 'NONE',  ( 12.20237604211912696, 13.34211029276216642, 33.49225867182921235 ) ) ;
#208 = VECTOR ( 'NONE', #380, 1000.000000000000000 ) ;
#209 = EDGE_LOOP ( 'NONE', ( #199, #489 ) ) ;
#210 = AXIS2_PLACEMENT_3D ( 'NONE', #1362, #220, #739 ) ;
#211 = ORIENTED_EDGE ( 'NONE', *, *, #762, .F. ) ;
#212 = FILL_AREA_STYLE ('',( #1261 ) ) ;
#213 = CARTESIAN_POINT ( 'NONE',  ( 2.202376042119124744, 10.69211029276216607, 13.79225867182921483 ) ) ;
#214 = UNCERTAINTY_MEASURE_WITH_UNIT (LENGTH_MEASURE( 1.000000000000000082E-05 ), #567, 'distance_accuracy_value', 'NONE');
#215 = DIRECTION ( 'NONE',  ( 0.000000000000000000, -0.7381867290042595231, 0.6745964372289493527 ) ) ;
#216 = PLANE ( 'NONE',  #30 ) ;
#217 = ORIENTED_EDGE ( 'NONE', *, *, #788, .F. ) ;
#218 = CARTESIAN_POINT ( 'NONE',  ( -5.297623957880874812, 14.94211029276216607, 29.47731803654759375 ) ) ;
#219 = ORIENTED_EDGE ( 'NONE', *, *, #775, .F. ) ;
#220 = DIRECTION ( 'NONE',  ( 1.000000000000000000, -0.000000000000000000, -8.805702923740139587E-17 ) ) ;
#221 = EDGE_CURVE ( 'NONE', #1084, #663, #1196, .T. ) ;
#222 = ADVANCED_FACE ( 'NONE', ( #1299 ), #524, .T. ) ;
#223 = PLANE ( 'NONE',  #501 ) ;
#224 = ORIENTED_EDGE ( 'NONE', *, *, #65, .F. ) ;
#225 = EDGE_LOOP ( 'NONE', ( #1571, #973 ) ) ;
#226 = CARTESIAN_POINT ( 'NONE',  ( 12.20237604211912696, 16.54211029276216749, 35.49225867182921945 ) ) ;
#227 = EDGE_CURVE ( 'NONE', #1282, #680, #1530, .T. ) ;
#228 = UNCERTAINTY_MEASURE_WITH_UNIT (LENGTH_MEASURE( 1.000000000000000082E-05 ), #1377, 'distance_accuracy_value', 'NONE');
#229 = DIRECTION ( 'NONE',  ( 0.000000000000000000, 0.000000000000000000, 1.000000000000000000 ) ) ;
#230 = STYLED_ITEM ( 'NONE', ( #490 ), #174 ) ;
#231 =( LENGTH_UNIT ( ) NAMED_UNIT ( * ) SI_UNIT ( .MILLI., .METRE. ) );
#232 = PLANE ( 'NONE',  #644 ) ;
#233 = VERTEX_POINT ( 'NONE', #514 ) ;
#234 =( GEOMETRIC_REPRESENTATION_CONTEXT ( 3 ) GLOBAL_UNCERTAINTY_ASSIGNED_CONTEXT ( ( #557 ) ) GLOBAL_UNIT_ASSIGNED_CONTEXT ( ( #834, #697, #711 ) ) REPRESENTATION_CONTEXT ( 'NONE', 'WORKASPACE' ) );
#235 = AXIS2_PLACEMENT_3D ( 'NONE', #1339, #1484, #753 ) ;
#236 = FACE_OUTER_BOUND ( 'NONE', #1384, .T. ) ;
#237 =( GEOMETRIC_REPRESENTATION_CONTEXT ( 3 ) GLOBAL_UNCERTAINTY_ASSIGNED_CONTEXT ( ( #1253 ) ) GLOBAL_UNIT_ASSIGNED_CONTEXT ( ( #71, #1424, #843 ) ) REPRESENTATION_CONTEXT ( 'NONE', 'WORKASPACE' ) );
#238 = EDGE_LOOP ( 'NONE', ( #540, #1502 ) ) ;
#239 = LINE ( 'NONE', #200, #694 ) ;
#240 = LINE ( 'NONE', #213, #1145 ) ;
#241 = DIRECTION ( 'NONE',  ( -1.000000000000000000, -0.000000000000000000, 8.805702923740137122E-17 ) ) ;
#242 = CARTESIAN_POINT ( 'NONE',  ( 12.20237604211912696, 13.34211029276216642, 35.49225867182921945 ) ) ;
#243 = CARTESIAN_POINT ( 'NONE',  ( 2.202376042119124744, 14.94211029276216607, 10.79225867182921661 ) ) ;
#244 = ORIENTED_EDGE ( 'NONE', *, *, #1572, .T. ) ;
#245 = VERTEX_POINT ( 'NONE', #537 ) ;
#246 =( NAMED_UNIT ( * ) SI_UNIT ( $, .STERADIAN. ) SOLID_ANGLE_UNIT ( ) );
#247 = LINE ( 'NONE', #770, #54 ) ;
#248 = SURFACE_SIDE_STYLE ('',( #763 ) ) ;
#249 = EDGE_CURVE ( 'NONE', #303, #444, #24, .T. ) ;
#250 =( LENGTH_UNIT ( ) NAMED_UNIT ( * ) SI_UNIT ( .MILLI., .METRE. ) );
#251 = ORIENTED_EDGE ( 'NONE', *, *, #1001, .T. ) ;
#252 = CARTESIAN_POINT ( 'NONE',  ( -1.797623957880875256, 10.69211029276216607, 15.79225867182921306 ) ) ;
#253 = SURFACE_STYLE_USAGE ( .BOTH. , #549 ) ;
#254 = VECTOR ( 'NONE', #666, 1000.000000000000000 ) ;
#255 = CARTESIAN_POINT ( 'NONE',  ( 3.002376042119126787, 14.94211029276216607, 35.49225867182921945 ) ) ;
#256 = MECHANICAL_DESIGN_GEOMETRIC_PRESENTATION_REPRESENTATION (  '', ( #230 ), #1042 ) ;
#257 =( LENGTH_UNIT ( ) NAMED_UNIT ( * ) SI_UNIT ( .MILLI., .METRE. ) );
#258 = EDGE_LOOP ( 'NONE', ( #1090, #1202 ) ) ;
#259 = APPLICATION_CONTEXT ( 'automotive_design' ) ;
#260 = PRESENTATION_LAYER_ASSIGNMENT (  '', '', ( #993 ) ) ;
#261 =( GEOMETRIC_REPRESENTATION_CONTEXT ( 3 ) GLOBAL_UNCERTAINTY_ASSIGNED_CONTEXT ( ( #97 ) ) GLOBAL_UNIT_ASSIGNED_CONTEXT ( ( #1141, #1237, #1045 ) ) REPRESENTATION_CONTEXT ( 'NONE', 'WORKASPACE' ) );
#262 = DIRECTION ( 'NONE',  ( -1.000000000000000000, -0.000000000000000000, -0.000000000000000000 ) ) ;
#263 = VECTOR ( 'NONE', #1524, 1000.000000000000000 ) ;
#264 = CARTESIAN_POINT ( 'NONE',  ( -5.497623957880874102, 16.23393706851961937, 28.29677427139693080 ) ) ;
#265 = MECHANICAL_DESIGN_GEOMETRIC_PRESENTATION_REPRESENTATION (  '', ( #620 ), #969 ) ;
#266 = CYLINDRICAL_SURFACE ( 'NONE', #378, 1.900000000000002354 ) ;
#267 = SURFACE_STYLE_FILL_AREA ( #541 ) ;
#268 = LINE ( 'NONE', #393, #263 ) ;
#269 = CYLINDRICAL_SURFACE ( 'NONE', #1606, 4.250000000000003553 ) ;
#270 = VERTEX_POINT ( 'NONE', #1417 ) ;
#271 = PRESENTATION_STYLE_ASSIGNMENT (( #2 ) ) ;
#272 = PLANE ( 'NONE',  #1169 ) ;
#273 = ADVANCED_FACE ( 'NONE', ( #145 ), #908, .T. ) ;
#274 = DIRECTION ( 'NONE',  ( 5.421010862427520198E-16, -1.000000000000000000, -0.000000000000000000 ) ) ;
#275 = EDGE_CURVE ( 'NONE', #1459, #107, #1575, .T. ) ;
#276 = SURFACE_STYLE_FILL_AREA ( #172 ) ;
#277 = VERTEX_POINT ( 'NONE', #928 ) ;
#278 =( LENGTH_UNIT ( ) NAMED_UNIT ( * ) SI_UNIT ( .MILLI., .METRE. ) );
#279 = DIRECTION ( 'NONE',  ( 0.000000000000000000, 0.7381867290042595231, -0.6745964372289493527 ) ) ;
#280 =( LENGTH_UNIT ( ) NAMED_UNIT ( * ) SI_UNIT ( .MILLI., .METRE. ) );
#281 = EDGE_CURVE ( 'NONE', #94, #1064, #795, .T. ) ;
#282 = ORIENTED_EDGE ( 'NONE', *, *, #1078, .T. ) ;
#283 = DIRECTION ( 'NONE',  ( 0.000000000000000000, -0.7381867290042595231, 0.6745964372289493527 ) ) ;
#284 = AXIS2_PLACEMENT_3D ( 'NONE', #683, #1187, #373 ) ;
#285 = DIRECTION ( 'NONE',  ( 1.000000000000000000, 0.000000000000000000, 0.000000000000000000 ) ) ;
#286 = ORIENTED_EDGE ( 'NONE', *, *, #576, .T. ) ;
#287 = MECHANICAL_DESIGN_GEOMETRIC_PRESENTATION_REPRESENTATION (  '', ( #425 ), #1302 ) ;
#288 = CARTESIAN_POINT ( 'NONE',  ( 18.20337604211912819, 14.94211029276216607, 11.79225867182921483 ) ) ;
#289 = VECTOR ( 'NONE', #1161, 1000.000000000000114 ) ;
#290 = AXIS2_PLACEMENT_3D ( 'NONE', #346, #1511, #893 ) ;
#291 =( NAMED_UNIT ( * ) PLANE_ANGLE_UNIT ( ) SI_UNIT ( $, .RADIAN. ) );
#292 = CIRCLE ( 'NONE', #451, 1.749999999999999556 ) ;
#293 = ORIENTED_EDGE ( 'NONE', *, *, #825, .F. ) ;
#294 = CIRCLE ( 'NONE', #1306, 1.000000000000000888 ) ;
#295 = FACE_OUTER_BOUND ( 'NONE', #1534, .T. ) ;
#296 = ORIENTED_EDGE ( 'NONE', *, *, #484, .T. ) ;
#297 = EDGE_CURVE ( 'NONE', #1114, #1248, #1039, .T. ) ;
#298 = PRESENTATION_STYLE_ASSIGNMENT (( #709 ) ) ;
#299 = DIRECTION ( 'NONE',  ( 0.000000000000000000, 0.000000000000000000, -1.000000000000000000 ) ) ;
#300 = PRESENTATION_STYLE_ASSIGNMENT (( #722 ) ) ;
#301 =( NAMED_UNIT ( * ) SI_UNIT ( $, .STERADIAN. ) SOLID_ANGLE_UNIT ( ) );
#302 =( NAMED_UNIT ( * ) PLANE_ANGLE_UNIT ( ) SI_UNIT ( $, .RADIAN. ) );
#303 = VERTEX_POINT ( 'NONE', #675 ) ;
#304 = ADVANCED_FACE ( 'NONE', ( #1028, #902 ), #401, .T. ) ;
#305 = SURFACE_SIDE_STYLE ('',( #954 ) ) ;
#306 = FILL_AREA_STYLE ('',( #586 ) ) ;
#307 = ADVANCED_FACE ( 'NONE', ( #1129 ), #1615, .T. ) ;
#308 =( LENGTH_UNIT ( ) NAMED_UNIT ( * ) SI_UNIT ( .MILLI., .METRE. ) );
#309 = DIRECTION ( 'NONE',  ( -1.000000000000000000, -0.000000000000000000, 8.805702923740137122E-17 ) ) ;
#310 =( NAMED_UNIT ( * ) SI_UNIT ( $, .STERADIAN. ) SOLID_ANGLE_UNIT ( ) );
#311 = ORIENTED_EDGE ( 'NONE', *, *, #227, .T. ) ;
#312 = VECTOR ( 'NONE', #1171, 1000.000000000000000 ) ;
#313 = MECHANICAL_DESIGN_GEOMETRIC_PRESENTATION_REPRESENTATION (  '', ( #1472 ), #498 ) ;
#314 = DIRECTION ( 'NONE',  ( -1.000000000000000000, 0.000000000000000000, 8.805702923740138355E-17 ) ) ;
#315 = DIRECTION ( 'NONE',  ( 8.805702923740138355E-17, 0.000000000000000000, 1.000000000000000000 ) ) ;
#316 = VECTOR ( 'NONE', #1182, 1000.000000000000000 ) ;
#317 = COLOUR_RGB ( '',0.000000000000000000, 1.000000000000000000, 1.000000000000000000 ) ;
#318 = SURFACE_STYLE_FILL_AREA ( #1446 ) ;
#319 = AXIS2_PLACEMENT_3D ( 'NONE', #516, #509, #650 ) ;
#320 = DIRECTION ( 'NONE',  ( 0.000000000000000000, 0.000000000000000000, 1.000000000000000000 ) ) ;
#321 = ORIENTED_EDGE ( 'NONE', *, *, #1338, .F. ) ;
#322 = CARTESIAN_POINT ( 'NONE',  ( -5.297623957880874812, 14.94211029276216607, 29.47731803654759375 ) ) ;
#323 = FACE_OUTER_BOUND ( 'NONE', #209, .T. ) ;
#324 = PLANE ( 'NONE',  #235 ) ;
#325 = FILL_AREA_STYLE_COLOUR ( '', #535 ) ;
#326 = ORIENTED_EDGE ( 'NONE', *, *, #730, .T. ) ;
#327 = VERTEX_POINT ( 'NONE', #1387 ) ;
#328 = PRESENTATION_STYLE_ASSIGNMENT (( #1367 ) ) ;
#329 = PLANE ( 'NONE',  #804 ) ;
#330 = DIRECTION ( 'NONE',  ( 1.080167575040077906E-16, 0.000000000000000000, 1.000000000000000000 ) ) ;
#331 = SHAPE_DEFINITION_REPRESENTATION ( #810, #1063 ) ;
#332 = CARTESIAN_POINT ( 'NONE',  ( 3.002376042119126787, 14.94211029276216607, 33.49225867182921235 ) ) ;
#333 = ORIENTED_EDGE ( 'NONE', *, *, #104, .F. ) ;
#334 = VERTEX_POINT ( 'NONE', #8 ) ;
#335 = DIRECTION ( 'NONE',  ( -0.7071067811865474617, -0.000000000000000000, 0.7071067811865474617 ) ) ;
#336 = DIRECTION ( 'NONE',  ( -1.000000000000000000, 0.000000000000000000, 8.805702923740138355E-17 ) ) ;
#337 = SURFACE_STYLE_USAGE ( .BOTH. , #631 ) ;
#338 =( GEOMETRIC_REPRESENTATION_CONTEXT ( 3 ) GLOBAL_UNCERTAINTY_ASSIGNED_CONTEXT ( ( #741 ) ) GLOBAL_UNIT_ASSIGNED_CONTEXT ( ( #670, #167, #573 ) ) REPRESENTATION_CONTEXT ( 'NONE', 'WORKASPACE' ) );
#339 =( GEOMETRIC_REPRESENTATION_CONTEXT ( 3 ) GLOBAL_UNCERTAINTY_ASSIGNED_CONTEXT ( ( #587 ) ) GLOBAL_UNIT_ASSIGNED_CONTEXT ( ( #500, #1112, #1006 ) ) REPRESENTATION_CONTEXT ( 'NONE', 'WORKASPACE' ) );
#340 = AXIS2_PLACEMENT_3D ( 'NONE', #486, #1493, #371 ) ;
#341 = LINE ( 'NONE', #1298, #671 ) ;
#342 = MECHANICAL_DESIGN_GEOMETRIC_PRESENTATION_REPRESENTATION (  '', ( #784 ), #58 ) ;
#343 = STYLED_ITEM ( 'NONE', ( #152 ), #1021 ) ;
#344 = ORIENTED_EDGE ( 'NONE', *, *, #13, .T. ) ;
#345 = STYLED_ITEM ( 'NONE', ( #1416 ), #1288 ) ;
#346 = CARTESIAN_POINT ( 'NONE',  ( -5.297623957880873036, 14.94211029276216607, 29.47731803654759020 ) ) ;
#347 = EDGE_LOOP ( 'NONE', ( #1598, #396, #655, #333 ) ) ;
#348 = ADVANCED_FACE ( 'NONE', ( #236 ), #1607, .F. ) ;
#349 = ADVANCED_FACE ( 'NONE', ( #882 ), #375, .T. ) ;
#350 =( NAMED_UNIT ( * ) PLANE_ANGLE_UNIT ( ) SI_UNIT ( $, .RADIAN. ) );
#351 = FACE_OUTER_BOUND ( 'NONE', #964, .T. ) ;
#352 = UNCERTAINTY_MEASURE_WITH_UNIT (LENGTH_MEASURE( 1.000000000000000082E-05 ), #155, 'distance_accuracy_value', 'NONE');
#353 = CARTESIAN_POINT ( 'NONE',  ( 3.002376042119125010, 14.94211029276216607, 13.79225867182921483 ) ) ;
#354 = LINE ( 'NONE', #1013, #163 ) ;
#355 = SURFACE_STYLE_USAGE ( .BOTH. , #248 ) ;
#356 = VERTEX_POINT ( 'NONE', #627 ) ;
#357 = ADVANCED_FACE ( 'NONE', ( #494 ), #1269, .T. ) ;
#358 = EDGE_LOOP ( 'NONE', ( #23, #251 ) ) ;
#359 = DIRECTION ( 'NONE',  ( 1.000000000000000000, -4.098384217963384960E-28, -8.805702923812621113E-17 ) ) ;
#360 = CARTESIAN_POINT ( 'NONE',  ( -7.997623957880874102, 16.34466507787026046, 28.19558480581258664 ) ) ;
#361 = FACE_OUTER_BOUND ( 'NONE', #1581, .T. ) ;
#362 = DIRECTION ( 'NONE',  ( -1.000000000000000000, 0.000000000000000000, 8.805702923740138355E-17 ) ) ;
#363 = VERTEX_POINT ( 'NONE', #1383 ) ;
#364 =( NAMED_UNIT ( * ) SI_UNIT ( $, .STERADIAN. ) SOLID_ANGLE_UNIT ( ) );
#365 = ORIENTED_EDGE ( 'NONE', *, *, #529, .F. ) ;
#366 = DIRECTION ( 'NONE',  ( 0.000000000000000000, 1.000000000000000000, 0.000000000000000000 ) ) ;
#367 = DIRECTION ( 'NONE',  ( 1.141265444721583264E-16, -0.7381867290042595231, 0.6745964372289493527 ) ) ;
#368 = UNCERTAINTY_MEASURE_WITH_UNIT (LENGTH_MEASURE( 1.000000000000000082E-05 ), #280, 'distance_accuracy_value', 'NONE');
#369 = CARTESIAN_POINT ( 'NONE',  ( -1.797623957880875256, 14.94211029276216607, 29.47731803654759375 ) ) ;
#370 = COLOUR_RGB ( '',0.000000000000000000, 1.000000000000000000, 1.000000000000000000 ) ;
#371 = DIRECTION ( 'NONE',  ( 1.141265444721583264E-16, -0.7381867290042595231, 0.6745964372289493527 ) ) ;
#372 = FACE_OUTER_BOUND ( 'NONE', #729, .T. ) ;
#373 = DIRECTION ( 'NONE',  ( 0.000000000000000000, -0.7381867290042595231, 0.6745964372289493527 ) ) ;
#374 = AXIS2_PLACEMENT_3D ( 'NONE', #765, #481, #93 ) ;
#375 = CYLINDRICAL_SURFACE ( 'NONE', #1148, 1.749999999999999556 ) ;
#376 =( GEOMETRIC_REPRESENTATION_CONTEXT ( 3 ) GLOBAL_UNCERTAINTY_ASSIGNED_CONTEXT ( ( #1330 ) ) GLOBAL_UNIT_ASSIGNED_CONTEXT ( ( #419, #175, #55 ) ) REPRESENTATION_CONTEXT ( 'NONE', 'WORKASPACE' ) );
#377 = ORIENTED_EDGE ( 'NONE', *, *, #576, .F. ) ;
#378 = AXIS2_PLACEMENT_3D ( 'NONE', #1284, #769, #146 ) ;
#379 = FILL_AREA_STYLE_COLOUR ( '', #370 ) ;
#380 = DIRECTION ( 'NONE',  ( 1.000000000000000000, -0.000000000000000000, -8.805702923740139587E-17 ) ) ;
#381 = CARTESIAN_POINT ( 'NONE',  ( -5.297623957880874812, 14.94211029276216607, 31.37731803654759233 ) ) ;
#382 = CARTESIAN_POINT ( 'NONE',  ( 3.002376042119125010, 14.94211029276216607, 13.79225867182921483 ) ) ;
#383 = ORIENTED_EDGE ( 'NONE', *, *, #1192, .F. ) ;
#384 = SURFACE_SIDE_STYLE ('',( #1146 ) ) ;
#385 = CARTESIAN_POINT ( 'NONE',  ( -7.997623957880874102, 14.94211029276216607, 29.47731803654759020 ) ) ;
#386 = DIRECTION ( 'NONE',  ( -1.000000000000000000, 0.000000000000000000, 8.673617379884035472E-17 ) ) ;
#387 = CARTESIAN_POINT ( 'NONE',  ( 12.20237604211912696, 16.54211029276216749, 35.49225867182921945 ) ) ;
#388 = CARTESIAN_POINT ( 'NONE',  ( 3.002376042119126787, 19.19211029276216607, 33.49225867182921235 ) ) ;
#389 = EDGE_LOOP ( 'NONE', ( #1519, #408, #1557, #1079, #1365 ) ) ;
#390 = CARTESIAN_POINT ( 'NONE',  ( -5.497623957880874102, 16.23393706851961937, 28.29677427139693080 ) ) ;
#391 = FACE_OUTER_BOUND ( 'NONE', #1496, .T. ) ;
#392 = CIRCLE ( 'NONE', #284, 1.900000000000000577 ) ;
#393 = CARTESIAN_POINT ( 'NONE',  ( 2.202376042119126520, 19.19211029276216607, 33.49225867182921235 ) ) ;
#394 = CARTESIAN_POINT ( 'NONE',  ( 18.20237604211912696, 19.19211029276216607, 13.79225867182921661 ) ) ;
#395 = AXIS2_PLACEMENT_3D ( 'NONE', #1355, #458, #1095 ) ;
#396 = ORIENTED_EDGE ( 'NONE', *, *, #1082, .F. ) ;
#397 = MECHANICAL_DESIGN_GEOMETRIC_PRESENTATION_REPRESENTATION (  '', ( #1428 ), #339 ) ;
#398 = CIRCLE ( 'NONE', #340, 1.900000000000000577 ) ;
#399 =( LENGTH_UNIT ( ) NAMED_UNIT ( * ) SI_UNIT ( .MILLI., .METRE. ) );
#400 = EDGE_CURVE ( 'NONE', #822, #480, #1427, .T. ) ;
#401 = PLANE ( 'NONE',  #98 ) ;
#402 = AXIS2_PLACEMENT_3D ( 'NONE', #750, #91, #215 ) ;
#403 = EDGE_CURVE ( 'NONE', #621, #107, #1025, .T. ) ;
#404 = CIRCLE ( 'NONE', #433, 1.899999999999999023 ) ;
#405 = FACE_OUTER_BOUND ( 'NONE', #456, .T. ) ;
#406 = EDGE_LOOP ( 'NONE', ( #1100, #470 ) ) ;
#407 = SURFACE_STYLE_USAGE ( .BOTH. , #1539 ) ;
#408 = ORIENTED_EDGE ( 'NONE', *, *, #1567, .F. ) ;
#409 = EDGE_CURVE ( 'NONE', #143, #94, #1325, .T. ) ;
#410 = CARTESIAN_POINT ( 'NONE',  ( 11.00237604211912945, 13.34211029276216642, 33.49225867182921235 ) ) ;
#411 = DIRECTION ( 'NONE',  ( 1.000000000000000000, -0.000000000000000000, -8.805702923740139587E-17 ) ) ;
#412 = CARTESIAN_POINT ( 'NONE',  ( 12.20237604211912696, 13.34211029276216642, 35.49225867182921945 ) ) ;
#413 = CARTESIAN_POINT ( 'NONE',  ( 3.002376042119126787, 14.94211029276216607, 33.49225867182921235 ) ) ;
#414 = VERTEX_POINT ( 'NONE', #22 ) ;
#415 = SURFACE_SIDE_STYLE ('',( #1232 ) ) ;
#416 = EDGE_CURVE ( 'NONE', #686, #943, #531, .T. ) ;
#417 = SURFACE_STYLE_USAGE ( .BOTH. , #1309 ) ;
#418 = ORIENTED_EDGE ( 'NONE', *, *, #1115, .T. ) ;
#419 =( LENGTH_UNIT ( ) NAMED_UNIT ( * ) SI_UNIT ( .MILLI., .METRE. ) );
#420 = EDGE_CURVE ( 'NONE', #327, #845, #654, .T. ) ;
#421 = VECTOR ( 'NONE', #1544, 1000.000000000000000 ) ;
#422 = CARTESIAN_POINT ( 'NONE',  ( 2.202376042119126520, 19.19211029276216607, 33.49225867182921235 ) ) ;
#423 = EDGE_LOOP ( 'NONE', ( #1488, #710, #634, #593 ) ) ;
#424 = MECHANICAL_DESIGN_GEOMETRIC_PRESENTATION_REPRESENTATION (  '', ( #937 ), #161 ) ;
#425 = STYLED_ITEM ( 'NONE', ( #1055 ), #435 ) ;
#426 = CARTESIAN_POINT ( 'NONE',  ( 12.20237604211912696, 13.34211029276216642, 33.49225867182921235 ) ) ;
#427 = VECTOR ( 'NONE', #728, 1000.000000000000000 ) ;
#428 = STYLED_ITEM ( 'NONE', ( #607 ), #609 ) ;
#429 = SURFACE_STYLE_FILL_AREA ( #1186 ) ;
#430 = PRESENTATION_LAYER_ASSIGNMENT (  '', '', ( #784 ) ) ;
#431 = VECTOR ( 'NONE', #1318, 1000.000000000000000 ) ;
#432 = ORIENTED_EDGE ( 'NONE', *, *, #1617, .T. ) ;
#433 = AXIS2_PLACEMENT_3D ( 'NONE', #179, #314, #577 ) ;
#434 = CYLINDRICAL_SURFACE ( 'NONE', #785, 4.250000000000000000 ) ;
#435 = ADVANCED_FACE ( 'NONE', ( #295 ), #1037, .T. ) ;
#436 = PRESENTATION_STYLE_ASSIGNMENT (( #1083 ) ) ;
#437 = ORIENTED_EDGE ( 'NONE', *, *, #1168, .T. ) ;
#438 = FACE_OUTER_BOUND ( 'NONE', #1423, .T. ) ;
#439 = DIRECTION ( 'NONE',  ( 0.000000000000000000, 0.000000000000000000, 1.000000000000000000 ) ) ;
#440 = EDGE_LOOP ( 'NONE', ( #1435, #719, #88, #951, #1128, #1341, #1026, #717, #464 ) ) ;
#441 = PLANE ( 'NONE',  #583 ) ;
#442 = CARTESIAN_POINT ( 'NONE',  ( 2.202376042119126520, 14.94211029276216607, 33.49225867182921235 ) ) ;
#443 = DIRECTION ( 'NONE',  ( 1.000000000000000000, -4.098384217963384960E-28, -8.805702923812621113E-17 ) ) ;
#444 = VERTEX_POINT ( 'NONE', #422 ) ;
#445 =( GEOMETRIC_REPRESENTATION_CONTEXT ( 3 ) GLOBAL_UNCERTAINTY_ASSIGNED_CONTEXT ( ( #1619 ) ) GLOBAL_UNIT_ASSIGNED_CONTEXT ( ( #603, #1490, #994 ) ) REPRESENTATION_CONTEXT ( 'NONE', 'WORKASPACE' ) );
#446 = CARTESIAN_POINT ( 'NONE',  ( -5.297623957880874812, 14.94211029276216607, 27.57731803654759162 ) ) ;
#447 = AXIS2_PLACEMENT_3D ( 'NONE', #288, #1473, #591 ) ;
#448 = DIRECTION ( 'NONE',  ( 0.000000000000000000, -1.000000000000000000, 0.000000000000000000 ) ) ;
#449 = MECHANICAL_DESIGN_GEOMETRIC_PRESENTATION_REPRESENTATION (  '', ( #615 ), #52 ) ;
#450 = AXIS2_PLACEMENT_3D ( 'NONE', #618, #880, #1516 ) ;
#451 = AXIS2_PLACEMENT_3D ( 'NONE', #1294, #20, #932 ) ;
#452 =( NAMED_UNIT ( * ) SI_UNIT ( $, .STERADIAN. ) SOLID_ANGLE_UNIT ( ) );
#453 = CARTESIAN_POINT ( 'NONE',  ( -5.297623957880873036, 13.53955550765407523, 30.75905126728259376 ) ) ;
#454 = PLANE ( 'NONE',  #1326 ) ;
#455 = ORIENTED_EDGE ( 'NONE', *, *, #522, .F. ) ;
#456 = EDGE_LOOP ( 'NONE', ( #505, #1056, #568, #488 ) ) ;
#457 = EDGE_CURVE ( 'NONE', #686, #444, #1190, .T. ) ;
#458 = DIRECTION ( 'NONE',  ( -1.000000000000000000, 4.098384217963384960E-28, 8.805702923812621113E-17 ) ) ;
#459 = DIRECTION ( 'NONE',  ( -1.000000000000000000, 4.098378921656037895E-28, 8.805702923812619881E-17 ) ) ;
#460 = DIRECTION ( 'NONE',  ( 1.020425574104003260E-16, 0.000000000000000000, 1.000000000000000000 ) ) ;
#461 = SURFACE_SIDE_STYLE ('',( #1200 ) ) ;
#462 = SURFACE_STYLE_USAGE ( .BOTH. , #197 ) ;
#463 = VERTEX_POINT ( 'NONE', #1281 ) ;
#464 = ORIENTED_EDGE ( 'NONE', *, *, #141, .F. ) ;
#465 = DIRECTION ( 'NONE',  ( -1.000000000000000000, 4.098384217963384960E-28, 8.805702923812621113E-17 ) ) ;
#466 = SURFACE_STYLE_FILL_AREA ( #472 ) ;
#467 = PRESENTATION_STYLE_ASSIGNMENT (( #99 ) ) ;
#468 = EDGE_CURVE ( 'NONE', #188, #414, #831, .T. ) ;
#469 = ORIENTED_EDGE ( 'NONE', *, *, #297, .T. ) ;
#470 = ORIENTED_EDGE ( 'NONE', *, *, #156, .T. ) ;
#471 = CARTESIAN_POINT ( 'NONE',  ( 0.2023760421191195813, 19.19211029276216607, 13.79225867182921661 ) ) ;
#472 = FILL_AREA_STYLE ('',( #636 ) ) ;
#473 = FILL_AREA_STYLE ('',( #1110 ) ) ;
#474 =( GEOMETRIC_REPRESENTATION_CONTEXT ( 3 ) GLOBAL_UNCERTAINTY_ASSIGNED_CONTEXT ( ( #688 ) ) GLOBAL_UNIT_ASSIGNED_CONTEXT ( ( #278, #1, #1626 ) ) REPRESENTATION_CONTEXT ( 'NONE', 'WORKASPACE' ) );
#475 = MECHANICAL_DESIGN_GEOMETRIC_PRESENTATION_REPRESENTATION (  '', ( #1558 ), #1174 ) ;
#476 = EDGE_CURVE ( 'NONE', #943, #363, #148, .T. ) ;
#477 =( NAMED_UNIT ( * ) PLANE_ANGLE_UNIT ( ) SI_UNIT ( $, .RADIAN. ) );
#478 = DIRECTION ( 'NONE',  ( -1.000000000000000000, 0.000000000000000000, 8.805702923740138355E-17 ) ) ;
#479 = STYLED_ITEM ( 'NONE', ( #1255 ), #953 ) ;
#480 = VERTEX_POINT ( 'NONE', #662 ) ;
#481 = DIRECTION ( 'NONE',  ( -1.000000000000000000, 0.000000000000000000, 0.000000000000000000 ) ) ;
#482 = VERTEX_POINT ( 'NONE', #394 ) ;
#483 = DIRECTION ( 'NONE',  ( 0.000000000000000000, -0.7381867290042597451, 0.6745964372289491306 ) ) ;
#484 = EDGE_CURVE ( 'NONE', #686, #1371, #1433, .T. ) ;
#485 = UNCERTAINTY_MEASURE_WITH_UNIT (LENGTH_MEASURE( 1.000000000000000082E-05 ), #308, 'distance_accuracy_value', 'NONE');
#486 = CARTESIAN_POINT ( 'NONE',  ( -1.797623957880873036, 14.94211029276216607, 29.47731803654759020 ) ) ;
#487 = FILL_AREA_STYLE ('',( #128 ) ) ;
#488 = ORIENTED_EDGE ( 'NONE', *, *, #281, .F. ) ;
#489 = ORIENTED_EDGE ( 'NONE', *, *, #126, .F. ) ;
#490 = PRESENTATION_STYLE_ASSIGNMENT (( #886 ) ) ;
#491 = DIRECTION ( 'NONE',  ( -1.000000000000000000, 0.000000000000000000, 8.805702923740138355E-17 ) ) ;
#492 = FACE_OUTER_BOUND ( 'NONE', #440, .T. ) ;
#493 = PRESENTATION_STYLE_ASSIGNMENT (( #556 ) ) ;
#494 = FACE_OUTER_BOUND ( 'NONE', #1561, .T. ) ;
#495 = ORIENTED_EDGE ( 'NONE', *, *, #959, .T. ) ;
#496 = COLOUR_RGB ( '',0.000000000000000000, 1.000000000000000000, 1.000000000000000000 ) ;
#497 = CYLINDRICAL_SURFACE ( 'NONE', #59, 1.000000000000000888 ) ;
#498 =( GEOMETRIC_REPRESENTATION_CONTEXT ( 3 ) GLOBAL_UNCERTAINTY_ASSIGNED_CONTEXT ( ( #194 ) ) GLOBAL_UNIT_ASSIGNED_CONTEXT ( ( #789, #1398, #1162 ) ) REPRESENTATION_CONTEXT ( 'NONE', 'WORKASPACE' ) );
#499 = VECTOR ( 'NONE', #1526, 1000.000000000000000 ) ;
#500 =( LENGTH_UNIT ( ) NAMED_UNIT ( * ) SI_UNIT ( .MILLI., .METRE. ) );
#501 = AXIS2_PLACEMENT_3D ( 'NONE', #242, #1386, #1243 ) ;
#502 =( NAMED_UNIT ( * ) SI_UNIT ( $, .STERADIAN. ) SOLID_ANGLE_UNIT ( ) );
#503 = AXIS2_PLACEMENT_3D ( 'NONE', #580, #309, #1088 ) ;
#504 = AXIS2_PLACEMENT_3D ( 'NONE', #1337, #1455, #713 ) ;
#505 = ORIENTED_EDGE ( 'NONE', *, *, #409, .F. ) ;
#506 = STYLED_ITEM ( 'NONE', ( #1344 ), #910 ) ;
#507 = DIRECTION ( 'NONE',  ( -0.000000000000000000, -1.000000000000000000, -0.000000000000000000 ) ) ;
#508 = CARTESIAN_POINT ( 'NONE',  ( 12.20237604211912696, 13.34211029276216642, 35.49225867182921945 ) ) ;
#509 = DIRECTION ( 'NONE',  ( -1.000000000000000000, 4.098384217963384960E-28, 8.805702923812621113E-17 ) ) ;
#510 =( NAMED_UNIT ( * ) SI_UNIT ( $, .STERADIAN. ) SOLID_ANGLE_UNIT ( ) );
#511 =( LENGTH_UNIT ( ) NAMED_UNIT ( * ) SI_UNIT ( .MILLI., .METRE. ) );
#512 = ORIENTED_EDGE ( 'NONE', *, *, #275, .F. ) ;
#513 = SURFACE_STYLE_USAGE ( .BOTH. , #384 ) ;
#514 = CARTESIAN_POINT ( 'NONE',  ( -1.797623957880873480, 10.69211029276216607, 33.49225867182921235 ) ) ;
#515 = MANIFOLD_SOLID_BREP ( 'Boss-Extrude1', #802 ) ;
#516 = CARTESIAN_POINT ( 'NONE',  ( -5.297623957880873036, 14.94211029276216607, 29.47731803654759020 ) ) ;
#517 = MANIFOLD_SOLID_BREP ( 'Gear-1-solid1', #1629 ) ;
#518 = CARTESIAN_POINT ( 'NONE',  ( -1.797623957880875256, 19.19211029276216607, 13.79225867182921661 ) ) ;
#519 = DIRECTION ( 'NONE',  ( 0.000000000000000000, -1.000000000000000000, 0.000000000000000000 ) ) ;
#520 = ADVANCED_FACE ( 'NONE', ( #827 ), #269, .T. ) ;
#521 = ORIENTED_EDGE ( 'NONE', *, *, #604, .T. ) ;
#522 = EDGE_CURVE ( 'NONE', #188, #334, #703, .T. ) ;
#523 = LINE ( 'NONE', #656, #1070 ) ;
#524 = PLANE ( 'NONE',  #778 ) ;
#525 = CARTESIAN_POINT ( 'NONE',  ( 12.20237604211912696, 16.54211029276216749, 35.49225867182921945 ) ) ;
#526 = ORIENTED_EDGE ( 'NONE', *, *, #227, .F. ) ;
#527 = DIRECTION ( 'NONE',  ( -1.000000000000000000, 4.098384217963384960E-28, 8.805702923812621113E-17 ) ) ;
#528 = SURFACE_STYLE_FILL_AREA ( #21 ) ;
#529 = EDGE_CURVE ( 'NONE', #482, #1214, #1456, .T. ) ;
#530 = AXIS2_PLACEMENT_3D ( 'NONE', #68, #848, #1076 ) ;
#531 = LINE ( 'NONE', #388, #1020 ) ;
#532 = VECTOR ( 'NONE', #1250, 1000.000000000000000 ) ;
#533 = COLOUR_RGB ( '',0.000000000000000000, 1.000000000000000000, 1.000000000000000000 ) ;
#534 = VERTEX_POINT ( 'NONE', #66 ) ;
#535 = COLOUR_RGB ( '',0.000000000000000000, 1.000000000000000000, 1.000000000000000000 ) ;
#536 = DIRECTION ( 'NONE',  ( 1.000000000000000000, 0.000000000000000000, -0.000000000000000000 ) ) ;
#537 = CARTESIAN_POINT ( 'NONE',  ( -1.797623957880875256, 10.69211029276216607, 15.79225867182921306 ) ) ;
#538 = CIRCLE ( 'NONE', #1582, 1.000000000000000888 ) ;
#539 = CARTESIAN_POINT ( 'NONE',  ( 2.202376042119124744, 14.94211029276216607, 13.79225867182921483 ) ) ;
#540 = ORIENTED_EDGE ( 'NONE', *, *, #659, .F. ) ;
#541 = FILL_AREA_STYLE ('',( #1430 ) ) ;
#542 = PRESENTATION_STYLE_ASSIGNMENT (( #805 ) ) ;
#543 = DIRECTION ( 'NONE',  ( 0.000000000000000000, -1.000000000000000000, 0.000000000000000000 ) ) ;
#544 = VERTEX_POINT ( 'NONE', #1578 ) ;
#545 = CYLINDRICAL_SURFACE ( 'NONE', #77, 1.900000000000000577 ) ;
#546 = FILL_AREA_STYLE_COLOUR ( '', #911 ) ;
#547 =( NAMED_UNIT ( * ) SI_UNIT ( $, .STERADIAN. ) SOLID_ANGLE_UNIT ( ) );
#548 =( NAMED_UNIT ( * ) SI_UNIT ( $, .STERADIAN. ) SOLID_ANGLE_UNIT ( ) );
#549 = SURFACE_SIDE_STYLE ('',( #1391 ) ) ;
#550 = DIRECTION ( 'NONE',  ( -1.761140584748027671E-16, -0.000000000000000000, -1.000000000000000000 ) ) ;
#551 = DIRECTION ( 'NONE',  ( 0.000000000000000000, -0.000000000000000000, 1.000000000000000000 ) ) ;
#552 = ORIENTED_EDGE ( 'NONE', *, *, #522, .T. ) ;
#553 = CARTESIAN_POINT ( 'NONE',  ( 18.20237604211912696, 19.19211029276216607, 13.79225867182921661 ) ) ;
#554 = EDGE_CURVE ( 'NONE', #626, #1064, #1119, .T. ) ;
#555 = CARTESIAN_POINT ( 'NONE',  ( 11.00237604211912767, 16.54211029276216749, 35.49225867182921945 ) ) ;
#556 = SURFACE_STYLE_USAGE ( .BOTH. , #31 ) ;
#557 = UNCERTAINTY_MEASURE_WITH_UNIT (LENGTH_MEASURE( 1.000000000000000082E-05 ), #834, 'distance_accuracy_value', 'NONE');
#558 = DIRECTION ( 'NONE',  ( 1.020425574104003260E-16, 0.000000000000000000, 1.000000000000000000 ) ) ;
#559 = FACE_OUTER_BOUND ( 'NONE', #1137, .T. ) ;
#560 = EDGE_LOOP ( 'NONE', ( #1373, #1054, #1415, #1548 ) ) ;
#561 = VECTOR ( 'NONE', #1177, 1000.000000000000000 ) ;
#562 = MECHANICAL_DESIGN_GEOMETRIC_PRESENTATION_REPRESENTATION (  '', ( #1075 ), #700 ) ;
#563 = AXIS2_PLACEMENT_3D ( 'NONE', #1370, #478, #100 ) ;
#564 = VECTOR ( 'NONE', #1164, 1000.000000000000000 ) ;
#565 = AXIS2_PLACEMENT_3D ( 'NONE', #183, #571, #1574 ) ;
#566 = PRESENTATION_LAYER_ASSIGNMENT (  '', '', ( #345 ) ) ;
#567 =( LENGTH_UNIT ( ) NAMED_UNIT ( * ) SI_UNIT ( .MILLI., .METRE. ) );
#568 = ORIENTED_EDGE ( 'NONE', *, *, #554, .T. ) ;
#569 = FILL_AREA_STYLE_COLOUR ( '', #1448 ) ;
#570 = UNCERTAINTY_MEASURE_WITH_UNIT (LENGTH_MEASURE( 1.000000000000000082E-05 ), #732, 'distance_accuracy_value', 'NONE');
#571 = DIRECTION ( 'NONE',  ( 0.000000000000000000, 0.000000000000000000, -1.000000000000000000 ) ) ;
#572 = DIRECTION ( 'NONE',  ( 0.000000000000000000, 0.000000000000000000, 1.000000000000000000 ) ) ;
#573 =( NAMED_UNIT ( * ) SI_UNIT ( $, .STERADIAN. ) SOLID_ANGLE_UNIT ( ) );
#574 = ORIENTED_EDGE ( 'NONE', *, *, #6, .T. ) ;
#575 = PRODUCT_DEFINITION ( 'General', '', #1505, #1379 ) ;
#576 = EDGE_CURVE ( 'NONE', #1412, #1084, #1346, .T. ) ;
#577 = DIRECTION ( 'NONE',  ( 0.000000000000000000, 0.000000000000000000, 1.000000000000000000 ) ) ;
#578 = FACE_BOUND ( 'NONE', #1494, .T. ) ;
#579 = DIRECTION ( 'NONE',  ( -1.000000000000000000, 0.000000000000000000, 8.805702923740138355E-17 ) ) ;
#580 = CARTESIAN_POINT ( 'NONE',  ( 18.20337604211913174, 14.94211029276216607, 35.49225867182921945 ) ) ;
#581 = ORIENTED_EDGE ( 'NONE', *, *, #974, .T. ) ;
#582 = ADVANCED_FACE ( 'NONE', ( #1231, #191 ), #324, .T. ) ;
#583 = AXIS2_PLACEMENT_3D ( 'NONE', #1336, #1585, #315 ) ;
#584 = DIRECTION ( 'NONE',  ( -0.000000000000000000, -0.000000000000000000, -1.000000000000000000 ) ) ;
#585 = AXIS2_PLACEMENT_3D ( 'NONE', #632, #1613, #735 ) ;
#586 = FILL_AREA_STYLE_COLOUR ( '', #1394 ) ;
#587 = UNCERTAINTY_MEASURE_WITH_UNIT (LENGTH_MEASURE( 1.000000000000000082E-05 ), #500, 'distance_accuracy_value', 'NONE');
#588 = VECTOR ( 'NONE', #113, 1000.000000000000000 ) ;
#589 = CARTESIAN_POINT ( 'NONE',  ( -5.297623957880874812, 14.94211029276216607, 29.47731803654759375 ) ) ;
#590 = CIRCLE ( 'NONE', #402, 1.900000000000000577 ) ;
#591 = DIRECTION ( 'NONE',  ( 0.000000000000000000, 0.000000000000000000, 1.000000000000000000 ) ) ;
#592 = ORIENTED_EDGE ( 'NONE', *, *, #1285, .F. ) ;
#593 = ORIENTED_EDGE ( 'NONE', *, *, #484, .F. ) ;
#594 = LINE ( 'NONE', #759, #1556 ) ;
#595 = CARTESIAN_POINT ( 'NONE',  ( 3.002376042119125010, 14.94211029276216607, 13.79225867182921483 ) ) ;
#596 = EDGE_CURVE ( 'NONE', #482, #356, #354, .T. ) ;
#597 = DIRECTION ( 'NONE',  ( 1.020425574104004122E-16, 0.000000000000000000, 1.000000000000000000 ) ) ;
#598 = CARTESIAN_POINT ( 'NONE',  ( -5.297623957880874812, 14.94211029276216607, 29.47731803654759375 ) ) ;
#599 = DIRECTION ( 'NONE',  ( -0.000000000000000000, -0.000000000000000000, -1.000000000000000000 ) ) ;
#600 = ORIENTED_EDGE ( 'NONE', *, *, #403, .T. ) ;
#601 = ORIENTED_EDGE ( 'NONE', *, *, #1082, .T. ) ;
#602 = CARTESIAN_POINT ( 'NONE',  ( -0.7226239578808756336, 19.19211029276216607, 14.71725867182921377 ) ) ;
#603 =( LENGTH_UNIT ( ) NAMED_UNIT ( * ) SI_UNIT ( .MILLI., .METRE. ) );
#604 = EDGE_CURVE ( 'NONE', #356, #822, #1628, .T. ) ;
#605 = UNCERTAINTY_MEASURE_WITH_UNIT (LENGTH_MEASURE( 1.000000000000000082E-05 ), #231, 'distance_accuracy_value', 'NONE');
#606 = CARTESIAN_POINT ( 'NONE',  ( 3.002376042119126787, 10.69211029276216607, 33.49225867182921235 ) ) ;
#607 = PRESENTATION_STYLE_ASSIGNMENT (( #863 ) ) ;
#608 = EDGE_LOOP ( 'NONE', ( #377, #1591, #418, #92 ) ) ;
#609 = ADVANCED_FACE ( 'NONE', ( #1596 ), #223, .F. ) ;
#610 = ORIENTED_EDGE ( 'NONE', *, *, #1113, .T. ) ;
#611 =( GEOMETRIC_REPRESENTATION_CONTEXT ( 3 ) GLOBAL_UNCERTAINTY_ASSIGNED_CONTEXT ( ( #1364 ) ) GLOBAL_UNIT_ASSIGNED_CONTEXT ( ( #1419, #1382, #548 ) ) REPRESENTATION_CONTEXT ( 'NONE', 'WORKASPACE' ) );
#612 = MECHANICAL_DESIGN_GEOMETRIC_PRESENTATION_REPRESENTATION (  '', ( #1631 ), #445 ) ;
#613 = SURFACE_STYLE_USAGE ( .BOTH. , #869 ) ;
#614 = CIRCLE ( 'NONE', #130, 1.749999999999999556 ) ;
#615 = STYLED_ITEM ( 'NONE', ( #436 ), #517 ) ;
#616 = MECHANICAL_DESIGN_GEOMETRIC_PRESENTATION_REPRESENTATION (  '', ( #641 ), #1275 ) ;
#617 = VECTOR ( 'NONE', #639, 1000.000000000000000 ) ;
#618 = CARTESIAN_POINT ( 'NONE',  ( -5.497623957880874102, 14.94211029276216607, 29.47731803654759020 ) ) ;
#619 = VECTOR ( 'NONE', #1036, 1000.000000000000000 ) ;
#620 = STYLED_ITEM ( 'NONE', ( #878 ), #905 ) ;
#621 = VERTEX_POINT ( 'NONE', #985 ) ;
#622 = ORIENTED_EDGE ( 'NONE', *, *, #60, .T. ) ;
#623 = UNCERTAINTY_MEASURE_WITH_UNIT (LENGTH_MEASURE( 1.000000000000000082E-05 ), #1492, 'distance_accuracy_value', 'NONE');
#624 = CARTESIAN_POINT ( 'NONE',  ( -1.797623957880873258, 16.34466507787026046, 28.19558480581258664 ) ) ;
#625 = DIRECTION ( 'NONE',  ( 0.000000000000000000, 1.000000000000000000, 0.000000000000000000 ) ) ;
#626 = VERTEX_POINT ( 'NONE', #381 ) ;
#627 = CARTESIAN_POINT ( 'NONE',  ( 3.002376042119125010, 19.19211029276216607, 13.79225867182921661 ) ) ;
#628 = ORIENTED_EDGE ( 'NONE', *, *, #1168, .F. ) ;
#629 = CARTESIAN_POINT ( 'NONE',  ( -1.797623957880873036, 14.94211029276216607, 29.47731803654759020 ) ) ;
#630 = DIRECTION ( 'NONE',  ( 0.000000000000000000, 1.000000000000000000, 0.000000000000000000 ) ) ;
#631 = SURFACE_SIDE_STYLE ('',( #1140 ) ) ;
#632 = CARTESIAN_POINT ( 'NONE',  ( -1.797623957880875256, 14.94211029276216607, 29.47731803654759375 ) ) ;
#633 = DIRECTION ( 'NONE',  ( -1.020425574104004122E-16, 0.000000000000000000, -1.000000000000000000 ) ) ;
#634 = ORIENTED_EDGE ( 'NONE', *, *, #1242, .F. ) ;
#635 = FILL_AREA_STYLE_COLOUR ( '', #862 ) ;
#636 = FILL_AREA_STYLE_COLOUR ( '', #852 ) ;
#637 = FILL_AREA_STYLE ('',( #1509 ) ) ;
#638 = VECTOR ( 'NONE', #1235, 1000.000000000000000 ) ;
#639 = DIRECTION ( 'NONE',  ( 5.421010862427520198E-16, -1.000000000000000000, -0.000000000000000000 ) ) ;
#640 = PRESENTATION_STYLE_ASSIGNMENT (( #355 ) ) ;
#641 = STYLED_ITEM ( 'NONE', ( #640 ), #1461 ) ;
#642 = MECHANICAL_DESIGN_GEOMETRIC_PRESENTATION_REPRESENTATION (  '', ( #1432 ), #184 ) ;
#643 = CARTESIAN_POINT ( 'NONE',  ( 2.202376042119124744, 14.94211029276216607, 13.79225867182921483 ) ) ;
#644 = AXIS2_PLACEMENT_3D ( 'NONE', #661, #171, #42 ) ;
#645 = STYLED_ITEM ( 'NONE', ( #1411 ), #1009 ) ;
#646 = ORIENTED_EDGE ( 'NONE', *, *, #13, .F. ) ;
#647 = PRESENTATION_LAYER_ASSIGNMENT (  '', '', ( #343 ) ) ;
#648 = CARTESIAN_POINT ( 'NONE',  ( 3.002376042119126787, 14.94211029276216607, 35.49225867182921945 ) ) ;
#649 = DIRECTION ( 'NONE',  ( 5.940295819670286978E-17, -0.7381867290042590790, 0.6745964372289499078 ) ) ;
#650 = DIRECTION ( 'NONE',  ( 0.000000000000000000, -0.7381867290042595231, 0.6745964372289493527 ) ) ;
#651 = EDGE_CURVE ( 'NONE', #414, #1297, #1023, .T. ) ;
#652 =( LENGTH_UNIT ( ) NAMED_UNIT ( * ) SI_UNIT ( .MILLI., .METRE. ) );
#653 = EDGE_CURVE ( 'NONE', #1452, #444, #247, .T. ) ;
#654 = LINE ( 'NONE', #1547, #181 ) ;
#655 = ORIENTED_EDGE ( 'NONE', *, *, #1332, .F. ) ;
#656 = CARTESIAN_POINT ( 'NONE',  ( 3.002376042119126787, 10.69211029276216607, 33.49225867182921235 ) ) ;
#657 = DIRECTION ( 'NONE',  ( 1.000000000000000000, -4.098384217963384960E-28, -8.805702923812621113E-17 ) ) ;
#658 = FILL_AREA_STYLE_COLOUR ( '', #917 ) ;
#659 = EDGE_CURVE ( 'NONE', #1064, #626, #1403, .T. ) ;
#660 = CARTESIAN_POINT ( 'NONE',  ( -5.297623957880873036, 14.94211029276216607, 29.47731803654759020 ) ) ;
#661 = CARTESIAN_POINT ( 'NONE',  ( 8.202376042119126964, 10.69211029276216607, 23.64225867182921803 ) ) ;
#662 = CARTESIAN_POINT ( 'NONE',  ( 2.202376042119124744, 10.69211029276216607, 13.79225867182921483 ) ) ;
#663 = VERTEX_POINT ( 'NONE', #624 ) ;
#664 = EDGE_CURVE ( 'NONE', #663, #1084, #398, .T. ) ;
#665 = LINE ( 'NONE', #1040, #725 ) ;
#666 = DIRECTION ( 'NONE',  ( -0.000000000000000000, -0.000000000000000000, -1.000000000000000000 ) ) ;
#667 = DIRECTION ( 'NONE',  ( 0.000000000000000000, 0.000000000000000000, 1.000000000000000000 ) ) ;
#668 = FILL_AREA_STYLE ('',( #1295 ) ) ;
#669 = AXIS2_PLACEMENT_3D ( 'NONE', #385, #657, #279 ) ;
#670 =( LENGTH_UNIT ( ) NAMED_UNIT ( * ) SI_UNIT ( .MILLI., .METRE. ) );
#671 = VECTOR ( 'NONE', #681, 1000.000000000000000 ) ;
#672 = PRESENTATION_LAYER_ASSIGNMENT (  '', '', ( #1374 ) ) ;
#673 = ORIENTED_EDGE ( 'NONE', *, *, #596, .T. ) ;
#674 = LINE ( 'NONE', #1061, #182 ) ;
#675 = CARTESIAN_POINT ( 'NONE',  ( 2.202376042119126964, 14.94211029276216607, 37.74225867182921945 ) ) ;
#676 = AXIS2_PLACEMENT_3D ( 'NONE', #369, #1627, #330 ) ;
#677 = CARTESIAN_POINT ( 'NONE',  ( 3.002376042119127231, 14.94211029276216607, 37.74225867182921945 ) ) ;
#678 = LINE ( 'NONE', #904, #617 ) ;
#679 = FACE_OUTER_BOUND ( 'NONE', #40, .T. ) ;
#680 = VERTEX_POINT ( 'NONE', #1263 ) ;
#681 = DIRECTION ( 'NONE',  ( 8.805702923740138355E-17, 0.000000000000000000, 1.000000000000000000 ) ) ;
#682 = FILL_AREA_STYLE_COLOUR ( '', #966 ) ;
#683 = CARTESIAN_POINT ( 'NONE',  ( -7.997623957880874102, 14.94211029276216607, 29.47731803654759020 ) ) ;
#684 = CARTESIAN_POINT ( 'NONE',  ( 0.2023760421191195813, 19.19211029276216607, 13.79225867182921661 ) ) ;
#685 = CARTESIAN_POINT ( 'NONE',  ( 18.20237604211912696, 19.19211029276216607, 13.79225867182921661 ) ) ;
#686 = VERTEX_POINT ( 'NONE', #120 ) ;
#687 = DIRECTION ( 'NONE',  ( 1.000000000000000000, 5.421010862427520198E-16, -0.000000000000000000 ) ) ;
#688 = UNCERTAINTY_MEASURE_WITH_UNIT (LENGTH_MEASURE( 1.000000000000000082E-05 ), #278, 'distance_accuracy_value', 'NONE');
#689 = CARTESIAN_POINT ( 'NONE',  ( -1.797623957880875256, 14.94211029276216607, 33.49225867182921235 ) ) ;
#690 = PRESENTATION_LAYER_ASSIGNMENT (  '', '', ( #1322 ) ) ;
#691 = PRESENTATION_STYLE_ASSIGNMENT (( #70 ) ) ;
#692 = EDGE_LOOP ( 'NONE', ( #1176, #512 ) ) ;
#693 =( GEOMETRIC_REPRESENTATION_CONTEXT ( 3 ) GLOBAL_UNCERTAINTY_ASSIGNED_CONTEXT ( ( #1570 ) ) GLOBAL_UNIT_ASSIGNED_CONTEXT ( ( #1210, #1193, #86 ) ) REPRESENTATION_CONTEXT ( 'NONE', 'WORKASPACE' ) );
#694 = VECTOR ( 'NONE', #983, 1000.000000000000000 ) ;
#695 = VECTOR ( 'NONE', #443, 1000.000000000000000 ) ;
#696 = AXIS2_PLACEMENT_3D ( 'NONE', #553, #716, #45 ) ;
#697 =( NAMED_UNIT ( * ) PLANE_ANGLE_UNIT ( ) SI_UNIT ( $, .RADIAN. ) );
#698 = AXIS2_PLACEMENT_3D ( 'NONE', #539, #12, #922 ) ;
#699 = DIRECTION ( 'NONE',  ( 0.000000000000000000, -1.000000000000000000, 0.000000000000000000 ) ) ;
#700 =( GEOMETRIC_REPRESENTATION_CONTEXT ( 3 ) GLOBAL_UNCERTAINTY_ASSIGNED_CONTEXT ( ( #1491 ) ) GLOBAL_UNIT_ASSIGNED_CONTEXT ( ( #1425, #291, #818 ) ) REPRESENTATION_CONTEXT ( 'NONE', 'WORKASPACE' ) );
#701 = ADVANCED_FACE ( 'NONE', ( #361 ), #216, .F. ) ;
#702 = ADVANCED_FACE ( 'NONE', ( #391 ), #936, .F. ) ;
#703 = LINE ( 'NONE', #821, #695 ) ;
#704 = ORIENTED_EDGE ( 'NONE', *, *, #1175, .F. ) ;
#705 = FACE_OUTER_BOUND ( 'NONE', #1260, .T. ) ;
#706 =( NAMED_UNIT ( * ) SI_UNIT ( $, .STERADIAN. ) SOLID_ANGLE_UNIT ( ) );
#707 = UNCERTAINTY_MEASURE_WITH_UNIT (LENGTH_MEASURE( 1.000000000000000082E-05 ), #652, 'distance_accuracy_value', 'NONE');
#708 = EDGE_CURVE ( 'NONE', #943, #1527, #106, .T. ) ;
#709 = SURFACE_STYLE_USAGE ( .BOTH. , #415 ) ;
#710 = ORIENTED_EDGE ( 'NONE', *, *, #476, .T. ) ;
#711 =( NAMED_UNIT ( * ) SI_UNIT ( $, .STERADIAN. ) SOLID_ANGLE_UNIT ( ) );
#712 = CARTESIAN_POINT ( 'NONE',  ( -5.497623957880874102, 14.94211029276216607, 29.47731803654759020 ) ) ;
#713 = DIRECTION ( 'NONE',  ( 1.020425574104003260E-16, 0.000000000000000000, 1.000000000000000000 ) ) ;
#714 = APPLICATION_PROTOCOL_DEFINITION ( 'draft international standard', 'automotive_design', 1998, #1476 ) ;
#715 = EDGE_CURVE ( 'NONE', #198, #1282, #292, .T. ) ;
#716 = DIRECTION ( 'NONE',  ( -1.000000000000000000, 0.000000000000000000, 1.761140584748027671E-16 ) ) ;
#717 = ORIENTED_EDGE ( 'NONE', *, *, #1314, .T. ) ;
#718 = AXIS2_PLACEMENT_3D ( 'NONE', #1357, #336, #127 ) ;
#719 = ORIENTED_EDGE ( 'NONE', *, *, #1332, .T. ) ;
#720 = EDGE_CURVE ( 'NONE', #1248, #1361, #1404, .T. ) ;
#721 = LINE ( 'NONE', #226, #990 ) ;
#722 = SURFACE_STYLE_USAGE ( .BOTH. , #819 ) ;
#723 = PRESENTATION_LAYER_ASSIGNMENT (  '', '', ( #428 ) ) ;
#724 = PRESENTATION_LAYER_ASSIGNMENT (  '', '', ( #135 ) ) ;
#725 = VECTOR ( 'NONE', #29, 1000.000000000000000 ) ;
#726 = DIRECTION ( 'NONE',  ( -1.000000000000000000, 0.000000000000000000, 8.805702923740138355E-17 ) ) ;
#727 =( LENGTH_UNIT ( ) NAMED_UNIT ( * ) SI_UNIT ( .MILLI., .METRE. ) );
#728 = DIRECTION ( 'NONE',  ( -0.000000000000000000, -1.000000000000000000, -0.000000000000000000 ) ) ;
#729 = EDGE_LOOP ( 'NONE', ( #84, #1366, #989 ) ) ;
#730 = EDGE_CURVE ( 'NONE', #1412, #1319, #1327, .T. ) ;
#731 = ORIENTED_EDGE ( 'NONE', *, *, #221, .F. ) ;
#732 =( LENGTH_UNIT ( ) NAMED_UNIT ( * ) SI_UNIT ( .MILLI., .METRE. ) );
#733 = DIRECTION ( 'NONE',  ( 0.000000000000000000, 0.000000000000000000, 1.000000000000000000 ) ) ;
#734 = FACE_BOUND ( 'NONE', #692, .T. ) ;
#735 = DIRECTION ( 'NONE',  ( 1.080167575040077906E-16, 0.000000000000000000, 1.000000000000000000 ) ) ;
#736 = EDGE_LOOP ( 'NONE', ( #1478, #326 ) ) ;
#737 = PRESENTATION_STYLE_ASSIGNMENT (( #1495 ) ) ;
#738 = ORIENTED_EDGE ( 'NONE', *, *, #730, .F. ) ;
#739 = DIRECTION ( 'NONE',  ( 0.000000000000000000, 0.000000000000000000, -1.000000000000000000 ) ) ;
#740 = DIRECTION ( 'NONE',  ( -1.000000000000000000, 0.000000000000000000, -0.000000000000000000 ) ) ;
#741 = UNCERTAINTY_MEASURE_WITH_UNIT (LENGTH_MEASURE( 1.000000000000000082E-05 ), #670, 'distance_accuracy_value', 'NONE');
#742 =( NAMED_UNIT ( * ) SI_UNIT ( $, .STERADIAN. ) SOLID_ANGLE_UNIT ( ) );
#743 =( NAMED_UNIT ( * ) SI_UNIT ( $, .STERADIAN. ) SOLID_ANGLE_UNIT ( ) );
#744 = ORIENTED_EDGE ( 'NONE', *, *, #1078, .F. ) ;
#745 = FILL_AREA_STYLE ('',( #123 ) ) ;
#746 = VERTEX_POINT ( 'NONE', #139 ) ;
#747 = CARTESIAN_POINT ( 'NONE',  ( 2.202376042119126520, 10.69211029276216607, 33.49225867182921235 ) ) ;
#748 = CARTESIAN_POINT ( 'NONE',  ( -5.497623957880874102, 13.65028351700471454, 30.65786180169825315 ) ) ;
#749 = AXIS2_PLACEMENT_3D ( 'NONE', #1011, #875, #740 ) ;
#750 = CARTESIAN_POINT ( 'NONE',  ( -5.497623957880874102, 14.94211029276216607, 29.47731803654759020 ) ) ;
#751 = VECTOR ( 'NONE', #366, 1000.000000000000000 ) ;
#752 = CIRCLE ( 'NONE', #585, 4.014940635281620374 ) ;
#753 = DIRECTION ( 'NONE',  ( 5.940295819670286978E-17, -0.7381867290042590790, 0.6745964372289499078 ) ) ;
#754 = CARTESIAN_POINT ( 'NONE',  ( 8.202376042119126964, 19.19211029276216607, 23.64225867182921803 ) ) ;
#755 = PRESENTATION_LAYER_ASSIGNMENT (  '', '', ( #479 ) ) ;
#756 = EDGE_LOOP ( 'NONE', ( #124, #883, #552, #1467 ) ) ;
#757 = CARTESIAN_POINT ( 'NONE',  ( -5.497623957880874102, 14.94211029276216607, 29.47731803654759020 ) ) ;
#758 = EDGE_LOOP ( 'NONE', ( #581, #1000 ) ) ;
#759 = CARTESIAN_POINT ( 'NONE',  ( -5.297623957880873036, 16.34466507787026046, 28.19558480581258664 ) ) ;
#760 = PLANE ( 'NONE',  #718 ) ;
#761 = UNCERTAINTY_MEASURE_WITH_UNIT (LENGTH_MEASURE( 1.000000000000000082E-05 ), #948, 'distance_accuracy_value', 'NONE');
#762 = EDGE_CURVE ( 'NONE', #1050, #1114, #1413, .T. ) ;
#763 = SURFACE_STYLE_FILL_AREA ( #487 ) ;
#764 = CARTESIAN_POINT ( 'NONE',  ( 12.20237604211912696, 16.54211029276216749, 35.49225867182921945 ) ) ;
#765 = CARTESIAN_POINT ( 'NONE',  ( 12.20237604211912696, 13.34211029276216642, 35.49225867182921945 ) ) ;
#766 = ORIENTED_EDGE ( 'NONE', *, *, #596, .F. ) ;
#767 = CARTESIAN_POINT ( 'NONE',  ( 12.20237604211912696, 13.34211029276216642, 35.49225867182921945 ) ) ;
#768 = SURFACE_SIDE_STYLE ('',( #96 ) ) ;
#769 = DIRECTION ( 'NONE',  ( 1.000000000000000000, -0.000000000000000000, -8.805702923740139587E-17 ) ) ;
#770 = CARTESIAN_POINT ( 'NONE',  ( -1.797623957880873480, 19.19211029276216607, 33.49225867182921235 ) ) ;
#771 = CARTESIAN_POINT ( 'NONE',  ( -1.797623957880875256, 10.69211029276216607, 13.79225867182921661 ) ) ;
#772 = DIRECTION ( 'NONE',  ( 0.000000000000000000, 0.000000000000000000, -1.000000000000000000 ) ) ;
#773 = ORIENTED_EDGE ( 'NONE', *, *, #1215, .F. ) ;
#774 = CARTESIAN_POINT ( 'NONE',  ( -1.797623957880875256, 19.19211029276216607, 13.79225867182921661 ) ) ;
#775 = EDGE_CURVE ( 'NONE', #1458, #44, #154, .T. ) ;
#776 = CARTESIAN_POINT ( 'NONE',  ( 2.202376042119126520, 14.94211029276216607, 33.49225867182921235 ) ) ;
#777 = VECTOR ( 'NONE', #1041, 1000.000000000000000 ) ;
#778 = AXIS2_PLACEMENT_3D ( 'NONE', #136, #11, #649 ) ;
#779 = PRESENTATION_LAYER_ASSIGNMENT (  '', '', ( #615 ) ) ;
#780 = CARTESIAN_POINT ( 'NONE',  ( 12.20237604211912696, 13.34211029276216642, 35.49225867182921945 ) ) ;
#781 = AXIS2_PLACEMENT_3D ( 'NONE', #382, #362, #1264 ) ;
#782 = COLOUR_RGB ( '',0.000000000000000000, 1.000000000000000000, 1.000000000000000000 ) ;
#783 = CARTESIAN_POINT ( 'NONE',  ( 3.002376042119126787, 19.19211029276216607, 33.49225867182921235 ) ) ;
#784 = STYLED_ITEM ( 'NONE', ( #542 ), #1612 ) ;
#785 = AXIS2_PLACEMENT_3D ( 'NONE', #353, #726, #597 ) ;
#786 = ORIENTED_EDGE ( 'NONE', *, *, #1236, .F. ) ;
#787 = AXIS2_PLACEMENT_3D ( 'NONE', #95, #1120, #483 ) ;
#788 = EDGE_CURVE ( 'NONE', #44, #1270, #678, .T. ) ;
#789 =( LENGTH_UNIT ( ) NAMED_UNIT ( * ) SI_UNIT ( .MILLI., .METRE. ) );
#790 = DIRECTION ( 'NONE',  ( -1.000000000000000000, 0.000000000000000000, 0.000000000000000000 ) ) ;
#791 = FILL_AREA_STYLE_COLOUR ( '', #1049 ) ;
#792 = FILL_AREA_STYLE ('',( #1414 ) ) ;
#793 = EDGE_LOOP ( 'NONE', ( #704, #1604, #600, #1590 ) ) ;
#794 = SURFACE_STYLE_USAGE ( .BOTH. , #920 ) ;
#795 = LINE ( 'NONE', #1034, #1529 ) ;
#796 = SURFACE_STYLE_USAGE ( .BOTH. , #5 ) ;
#797 = SURFACE_STYLE_FILL_AREA ( #1135 ) ;
#798 = DIRECTION ( 'NONE',  ( 1.020425574104003260E-16, 0.000000000000000000, 1.000000000000000000 ) ) ;
#799 = DIRECTION ( 'NONE',  ( 1.000000000000000000, -0.000000000000000000, -8.673617379884036705E-17 ) ) ;
#800 = ORIENTED_EDGE ( 'NONE', *, *, #720, .F. ) ;
#801 = PLANE ( 'NONE',  #696 ) ;
#802 = CLOSED_SHELL ( 'NONE', ( #1009, #702, #1400, #823, #307, #185, #701, #1333, #1288, #1021, #833, #1443, #1517, #1068, #304, #520, #174, #1461, #905, #112, #953, #101, #910, #1612, #1199, #122, #348, #1594, #1057, #609, #435 ) ) ;
#803 = DIRECTION ( 'NONE',  ( -1.000000000000000000, 0.000000000000000000, 8.805702923740138355E-17 ) ) ;
#804 = AXIS2_PLACEMENT_3D ( 'NONE', #595, #977, #955 ) ;
#805 = SURFACE_STYLE_USAGE ( .BOTH. , #34 ) ;
#806 = VECTOR ( 'NONE', #43, 1000.000000000000000 ) ;
#807 = ORIENTED_EDGE ( 'NONE', *, *, #1002, .F. ) ;
#808 = COLOUR_RGB ( '',0.000000000000000000, 1.000000000000000000, 1.000000000000000000 ) ;
#809 = CARTESIAN_POINT ( 'NONE',  ( -5.297623957880873036, 13.53955550765407345, 30.75905126728259376 ) ) ;
#810 = PRODUCT_DEFINITION_SHAPE ( 'NONE', 'NONE',  #575 ) ;
#811 = VECTOR ( 'NONE', #978, 1000.000000000000000 ) ;
#812 = PLANE ( 'NONE',  #1280 ) ;
#813 = ORIENTED_EDGE ( 'NONE', *, *, #57, .F. ) ;
#814 = CARTESIAN_POINT ( 'NONE',  ( 3.002376042119127231, 14.94211029276216607, 37.74225867182921945 ) ) ;
#815 = DIRECTION ( 'NONE',  ( 0.000000000000000000, 0.000000000000000000, 1.000000000000000000 ) ) ;
#816 = ORIENTED_EDGE ( 'NONE', *, *, #409, .T. ) ;
#817 = DIRECTION ( 'NONE',  ( 1.000000000000000000, -4.098384217963384960E-28, -8.805702923812621113E-17 ) ) ;
#818 =( NAMED_UNIT ( * ) SI_UNIT ( $, .STERADIAN. ) SOLID_ANGLE_UNIT ( ) );
#819 = SURFACE_SIDE_STYLE ('',( #1573 ) ) ;
#820 = DIRECTION ( 'NONE',  ( 0.000000000000000000, 0.000000000000000000, 1.000000000000000000 ) ) ;
#821 = CARTESIAN_POINT ( 'NONE',  ( -7.997623957880874102, 16.34466507787026046, 28.19558480581258664 ) ) ;
#822 = VERTEX_POINT ( 'NONE', #1515 ) ;
#823 = ADVANCED_FACE ( 'NONE', ( #41 ), #1158, .T. ) ;
#824 = DIRECTION ( 'NONE',  ( 1.000000000000000000, 0.000000000000000000, -8.805702923740138355E-17 ) ) ;
#825 = EDGE_CURVE ( 'NONE', #1527, #686, #1429, .T. ) ;
#826 = DIRECTION ( 'NONE',  ( 0.000000000000000000, 0.7381867290042595231, -0.6745964372289493527 ) ) ;
#827 = FACE_OUTER_BOUND ( 'NONE', #62, .T. ) ;
#828 = ORIENTED_EDGE ( 'NONE', *, *, #846, .T. ) ;
#829 = VECTOR ( 'NONE', #151, 1000.000000000000000 ) ;
#830 = PRESENTATION_LAYER_ASSIGNMENT (  '', '', ( #27 ) ) ;
#831 = CIRCLE ( 'NONE', #1399, 1.900000000000000577 ) ;
#832 = STYLED_ITEM ( 'NONE', ( #467 ), #701 ) ;
#833 = ADVANCED_FACE ( 'NONE', ( #1211 ), #1207, .F. ) ;
#834 =( LENGTH_UNIT ( ) NAMED_UNIT ( * ) SI_UNIT ( .MILLI., .METRE. ) );
#835 = CIRCLE ( 'NONE', #81, 1.000000000000000888 ) ;
#836 = COLOUR_RGB ( '',0.000000000000000000, 1.000000000000000000, 1.000000000000000000 ) ;
#837 = DIRECTION ( 'NONE',  ( 1.000000000000000000, -4.098384217963384960E-28, -8.805702923812621113E-17 ) ) ;
#838 = ORIENTED_EDGE ( 'NONE', *, *, #720, .T. ) ;
#839 = DIRECTION ( 'NONE',  ( 1.000000000000000000, -0.000000000000000000, -8.673617379884036705E-17 ) ) ;
#840 = DIRECTION ( 'NONE',  ( 0.7071067811865475727, 0.000000000000000000, 0.7071067811865475727 ) ) ;
#841 = UNCERTAINTY_MEASURE_WITH_UNIT (LENGTH_MEASURE( 1.000000000000000082E-05 ), #399, 'distance_accuracy_value', 'NONE');
#842 = FILL_AREA_STYLE_COLOUR ( '', #28 ) ;
#843 =( NAMED_UNIT ( * ) SI_UNIT ( $, .STERADIAN. ) SOLID_ANGLE_UNIT ( ) );
#844 = VERTEX_POINT ( 'NONE', #684 ) ;
#845 = VERTEX_POINT ( 'NONE', #689 ) ;
#846 = EDGE_CURVE ( 'NONE', #1361, #1458, #1098, .T. ) ;
#847 = CARTESIAN_POINT ( 'NONE',  ( -5.297623957880874812, 14.94211029276216607, 25.46237740126596805 ) ) ;
#848 = DIRECTION ( 'NONE',  ( -1.000000000000000000, 4.098384217963384960E-28, 8.805702923812621113E-17 ) ) ;
#849 = FACE_OUTER_BOUND ( 'NONE', #793, .T. ) ;
#850 = DIRECTION ( 'NONE',  ( -1.000000000000000000, 0.000000000000000000, 8.805702923740138355E-17 ) ) ;
#851 = ORIENTED_EDGE ( 'NONE', *, *, #457, .T. ) ;
#852 = COLOUR_RGB ( '',0.000000000000000000, 1.000000000000000000, 1.000000000000000000 ) ;
#853 = ORIENTED_EDGE ( 'NONE', *, *, #876, .T. ) ;
#854 = VECTOR ( 'NONE', #335, 1000.000000000000114 ) ;
#855 = COLOUR_RGB ( '',0.000000000000000000, 1.000000000000000000, 1.000000000000000000 ) ;
#856 = LINE ( 'NONE', #471, #532 ) ;
#857 = PRESENTATION_LAYER_ASSIGNMENT (  '', '', ( #641 ) ) ;
#858 = FACE_BOUND ( 'NONE', #168, .T. ) ;
#859 = UNCERTAINTY_MEASURE_WITH_UNIT (LENGTH_MEASURE( 1.000000000000000082E-05 ), #727, 'distance_accuracy_value', 'NONE');
#860 = AXIS2_PLACEMENT_3D ( 'NONE', #255, #1165, #1279 ) ;
#861 =( LENGTH_UNIT ( ) NAMED_UNIT ( * ) SI_UNIT ( .MILLI., .METRE. ) );
#862 = COLOUR_RGB ( '',0.000000000000000000, 1.000000000000000000, 1.000000000000000000 ) ;
#863 = SURFACE_STYLE_USAGE ( .BOTH. , #1256 ) ;
#864 = PRESENTATION_STYLE_ASSIGNMENT (( #1024 ) ) ;
#865 = ORIENTED_EDGE ( 'NONE', *, *, #1246, .F. ) ;
#866 = SURFACE_SIDE_STYLE ('',( #1500 ) ) ;
#867 = ORIENTED_EDGE ( 'NONE', *, *, #1285, .T. ) ;
#868 = CYLINDRICAL_SURFACE ( 'NONE', #210, 1.900000000000002354 ) ;
#869 = SURFACE_SIDE_STYLE ('',( #1483 ) ) ;
#870 = CARTESIAN_POINT ( 'NONE',  ( 3.002376042119125010, 19.19211029276216607, 13.79225867182921483 ) ) ;
#871 = EDGE_LOOP ( 'NONE', ( #192, #816 ) ) ;
#872 = SURFACE_STYLE_USAGE ( .BOTH. , #866 ) ;
#873 = ORIENTED_EDGE ( 'NONE', *, *, #416, .F. ) ;
#874 = DIRECTION ( 'NONE',  ( -1.000000000000000000, 0.000000000000000000, 0.000000000000000000 ) ) ;
#875 = DIRECTION ( 'NONE',  ( 0.000000000000000000, 0.000000000000000000, -1.000000000000000000 ) ) ;
#876 = EDGE_CURVE ( 'NONE', #363, #1214, #1441, .T. ) ;
#877 = UNCERTAINTY_MEASURE_WITH_UNIT (LENGTH_MEASURE( 1.000000000000000082E-05 ), #1151, 'distance_accuracy_value', 'NONE');
#878 = PRESENTATION_STYLE_ASSIGNMENT (( #1595 ) ) ;
#879 = EDGE_CURVE ( 'NONE', #107, #1459, #294, .T. ) ;
#880 = DIRECTION ( 'NONE',  ( 1.000000000000000000, -4.098384217963384960E-28, -8.805702923812621113E-17 ) ) ;
#881 = VERTEX_POINT ( 'NONE', #1065 ) ;
#882 = FACE_OUTER_BOUND ( 'NONE', #1032, .T. ) ;
#883 = ORIENTED_EDGE ( 'NONE', *, *, #468, .F. ) ;
#884 = VECTOR ( 'NONE', #448, 1000.000000000000000 ) ;
#885 = LINE ( 'NONE', #85, #751 ) ;
#886 = SURFACE_STYLE_USAGE ( .BOTH. , #768 ) ;
#887 = ADVANCED_FACE ( 'NONE', ( #1195 ), #956, .T. ) ;
#888 =( NAMED_UNIT ( * ) SI_UNIT ( $, .STERADIAN. ) SOLID_ANGLE_UNIT ( ) );
#889 = COLOUR_RGB ( '',0.000000000000000000, 1.000000000000000000, 1.000000000000000000 ) ;
#890 = DIRECTION ( 'NONE',  ( -1.000000000000000000, -0.000000000000000000, -0.000000000000000000 ) ) ;
#891 = FILL_AREA_STYLE ('',( #1134 ) ) ;
#892 = CIRCLE ( 'NONE', #1329, 4.250000000000003553 ) ;
#893 = DIRECTION ( 'NONE',  ( 0.000000000000000000, 0.7381867290042595231, -0.6745964372289493527 ) ) ;
#894 = EDGE_LOOP ( 'NONE', ( #224, #1625, #1267, #455 ) ) ;
#895 = DIRECTION ( 'NONE',  ( 1.000000000000000000, -0.000000000000000000, -8.805702923740138355E-17 ) ) ;
#896 = SURFACE_STYLE_FILL_AREA ( #1035 ) ;
#897 = FILL_AREA_STYLE ('',( #1104 ) ) ;
#898 = EDGE_CURVE ( 'NONE', #1101, #303, #892, .T. ) ;
#899 = FILL_AREA_STYLE_COLOUR ( '', #1066 ) ;
#900 = ORIENTED_EDGE ( 'NONE', *, *, #1466, .F. ) ;
#901 = FACE_OUTER_BOUND ( 'NONE', #906, .T. ) ;
#902 = FACE_OUTER_BOUND ( 'NONE', #758, .T. ) ;
#903 = DIRECTION ( 'NONE',  ( 0.000000000000000000, 0.000000000000000000, 1.000000000000000000 ) ) ;
#904 = CARTESIAN_POINT ( 'NONE',  ( 11.00237604211912945, 13.34211029276216642, 33.49225867182921235 ) ) ;
#905 = ADVANCED_FACE ( 'NONE', ( #1559 ), #434, .T. ) ;
#906 = EDGE_LOOP ( 'NONE', ( #1310, #731 ) ) ;
#907 = CARTESIAN_POINT ( 'NONE',  ( -5.297623957880873036, 16.34466507787026046, 28.19558480581258664 ) ) ;
#908 = CYLINDRICAL_SURFACE ( 'NONE', #669, 1.900000000000000577 ) ;
#909 = PRESENTATION_LAYER_ASSIGNMENT (  '', '', ( #1601 ) ) ;
#910 = ADVANCED_FACE ( 'NONE', ( #849 ), #497, .F. ) ;
#911 = COLOUR_RGB ( '',0.000000000000000000, 1.000000000000000000, 1.000000000000000000 ) ;
#912 = VECTOR ( 'NONE', #507, 1000.000000000000000 ) ;
#913 = VECTOR ( 'NONE', #1089, 1000.000000000000000 ) ;
#914 = DIRECTION ( 'NONE',  ( 0.000000000000000000, -0.000000000000000000, -1.000000000000000000 ) ) ;
#915 = VECTOR ( 'NONE', #274, 1000.000000000000000 ) ;
#916 =( NAMED_UNIT ( * ) SI_UNIT ( $, .STERADIAN. ) SOLID_ANGLE_UNIT ( ) );
#917 = COLOUR_RGB ( '',0.000000000000000000, 1.000000000000000000, 1.000000000000000000 ) ;
#918 = ORIENTED_EDGE ( 'NONE', *, *, #178, .T. ) ;
#919 = MECHANICAL_DESIGN_GEOMETRIC_PRESENTATION_REPRESENTATION (  '', ( #345 ), #474 ) ;
#920 = SURFACE_SIDE_STYLE ('',( #1385 ) ) ;
#921 = FILL_AREA_STYLE ('',( #546 ) ) ;
#922 = DIRECTION ( 'NONE',  ( -8.805702923740138355E-17, 0.000000000000000000, -1.000000000000000000 ) ) ;
#923 = CARTESIAN_POINT ( 'NONE',  ( -7.997623957880875878, 14.94211029276216607, 27.57731803654759162 ) ) ;
#924 = DIRECTION ( 'NONE',  ( 0.000000000000000000, 0.000000000000000000, 1.000000000000000000 ) ) ;
#925 = CARTESIAN_POINT ( 'NONE',  ( 18.20337604211912819, 14.94211029276216607, 12.79225867182921661 ) ) ;
#926 = ORIENTED_EDGE ( 'NONE', *, *, #1338, .T. ) ;
#927 = DIRECTION ( 'NONE',  ( -1.000000000000000000, 4.098378921656037895E-28, 8.805702923812619881E-17 ) ) ;
#928 = CARTESIAN_POINT ( 'NONE',  ( 0.2023760421191195813, 10.69211029276216607, 13.79225867182921661 ) ) ;
#929 = DIRECTION ( 'NONE',  ( -1.000000000000000000, 0.000000000000000000, 8.805702923740138355E-17 ) ) ;
#930 = FILL_AREA_STYLE_COLOUR ( '', #73 ) ;
#931 = EDGE_CURVE ( 'NONE', #270, #845, #1124, .T. ) ;
#932 = DIRECTION ( 'NONE',  ( 0.000000000000000000, -0.7381867290042597451, 0.6745964372289491306 ) ) ;
#933 = CYLINDRICAL_SURFACE ( 'NONE', #503, 1.000000000000000888 ) ;
#934 = ORIENTED_EDGE ( 'NONE', *, *, #1166, .T. ) ;
#935 = ORIENTED_EDGE ( 'NONE', *, *, #6, .F. ) ;
#936 = CYLINDRICAL_SURFACE ( 'NONE', #1351, 1.000000000000000888 ) ;
#937 = STYLED_ITEM ( 'NONE', ( #737 ), #348 ) ;
#938 =( NAMED_UNIT ( * ) PLANE_ANGLE_UNIT ( ) SI_UNIT ( $, .RADIAN. ) );
#939 = STYLED_ITEM ( 'NONE', ( #1296 ), #515 ) ;
#940 = SURFACE_STYLE_USAGE ( .BOTH. , #16 ) ;
#941 = AXIS2_PLACEMENT_3D ( 'NONE', #629, #927, #25 ) ;
#942 = MECHANICAL_DESIGN_GEOMETRIC_PRESENTATION_REPRESENTATION (  '', ( #1227 ), #376 ) ;
#943 = VERTEX_POINT ( 'NONE', #606 ) ;
#944 = AXIS2_PLACEMENT_3D ( 'NONE', #387, #519, #914 ) ;
#945 = CIRCLE ( 'NONE', #319, 1.900000000000000577 ) ;
#946 = FACE_OUTER_BOUND ( 'NONE', #560, .T. ) ;
#947 =( GEOMETRIC_REPRESENTATION_CONTEXT ( 3 ) GLOBAL_UNCERTAINTY_ASSIGNED_CONTEXT ( ( #570 ) ) GLOBAL_UNIT_ASSIGNED_CONTEXT ( ( #732, #350, #1108 ) ) REPRESENTATION_CONTEXT ( 'NONE', 'WORKASPACE' ) );
#948 =( LENGTH_UNIT ( ) NAMED_UNIT ( * ) SI_UNIT ( .MILLI., .METRE. ) );
#949 =( NAMED_UNIT ( * ) PLANE_ANGLE_UNIT ( ) SI_UNIT ( $, .RADIAN. ) );
#950 =( NAMED_UNIT ( * ) SI_UNIT ( $, .STERADIAN. ) SOLID_ANGLE_UNIT ( ) );
#951 = ORIENTED_EDGE ( 'NONE', *, *, #60, .F. ) ;
#952 = EDGE_CURVE ( 'NONE', #334, #1297, #590, .T. ) ;
#953 = ADVANCED_FACE ( 'NONE', ( #734, #1125 ), #1600, .F. ) ;
#954 = SURFACE_STYLE_FILL_AREA ( #1569 ) ;
#955 = DIRECTION ( 'NONE',  ( -8.805702923740138355E-17, 0.000000000000000000, -1.000000000000000000 ) ) ;
#956 = CYLINDRICAL_SURFACE ( 'NONE', #1480, 1.900000000000000577 ) ;
#957 = FILL_AREA_STYLE ('',( #842 ) ) ;
#958 = ORIENTED_EDGE ( 'NONE', *, *, #57, .T. ) ;
#959 = EDGE_CURVE ( 'NONE', #245, #233, #665, .T. ) ;
#960 = EDGE_CURVE ( 'NONE', #1319, #1412, #945, .T. ) ;
#961 = CARTESIAN_POINT ( 'NONE',  ( -7.997623957880874102, 14.94211029276216607, 29.47731803654759020 ) ) ;
#962 = MECHANICAL_DESIGN_GEOMETRIC_PRESENTATION_REPRESENTATION (  '', ( #1322 ), #1220 ) ;
#963 = CARTESIAN_POINT ( 'NONE',  ( -5.297623957880874812, 14.94211029276216607, 29.47731803654759375 ) ) ;
#964 = EDGE_LOOP ( 'NONE', ( #1130, #873, #293 ) ) ;
#965 = PRESENTATION_LAYER_ASSIGNMENT (  '', '', ( #1247 ) ) ;
#966 = COLOUR_RGB ( '',0.000000000000000000, 1.000000000000000000, 1.000000000000000000 ) ;
#967 = VECTOR ( 'NONE', #837, 1000.000000000000000 ) ;
#968 = COLOUR_RGB ( '',0.000000000000000000, 1.000000000000000000, 1.000000000000000000 ) ;
#969 =( GEOMETRIC_REPRESENTATION_CONTEXT ( 3 ) GLOBAL_UNCERTAINTY_ASSIGNED_CONTEXT ( ( #69 ) ) GLOBAL_UNIT_ASSIGNED_CONTEXT ( ( #1262, #1230, #888 ) ) REPRESENTATION_CONTEXT ( 'NONE', 'WORKASPACE' ) );
#970 = DIRECTION ( 'NONE',  ( -1.000000000000000000, 0.000000000000000000, 8.805702923740138355E-17 ) ) ;
#971 = CARTESIAN_POINT ( 'NONE',  ( 18.20337604211913174, 14.94211029276216607, 36.49225867182921945 ) ) ;
#972 = FACE_OUTER_BOUND ( 'NONE', #608, .T. ) ;
#973 = ORIENTED_EDGE ( 'NONE', *, *, #178, .F. ) ;
#974 = EDGE_CURVE ( 'NONE', #881, #327, #1254, .T. ) ;
#975 = ORIENTED_EDGE ( 'NONE', *, *, #1397, .F. ) ;
#976 = CARTESIAN_POINT ( 'NONE',  ( 11.00237604211912945, 13.34211029276216642, 35.49225867182921945 ) ) ;
#977 = DIRECTION ( 'NONE',  ( 1.000000000000000000, 0.000000000000000000, -8.805702923740138355E-17 ) ) ;
#978 = DIRECTION ( 'NONE',  ( -1.761140584748027671E-16, -0.000000000000000000, -1.000000000000000000 ) ) ;
#979 = PRODUCT_CONTEXT ( 'NONE', #1476, 'mechanical' ) ;
#980 = PRESENTATION_STYLE_ASSIGNMENT (( #462 ) ) ;
#981 = VERTEX_POINT ( 'NONE', #1149 ) ;
#982 = EDGE_LOOP ( 'NONE', ( #1583, #800, #67, #926 ) ) ;
#983 = DIRECTION ( 'NONE',  ( -1.000000000000000000, -0.000000000000000000, -0.000000000000000000 ) ) ;
#984 = PLANE ( 'NONE',  #749 ) ;
#985 = CARTESIAN_POINT ( 'NONE',  ( 3.002376042119125010, 14.94211029276216607, 12.79225867182921839 ) ) ;
#986 = ORIENTED_EDGE ( 'NONE', *, *, #1080, .F. ) ;
#987 = STYLED_ITEM ( 'NONE', ( #493 ), #101 ) ;
#988 = AXIS2_PLACEMENT_3D ( 'NONE', #712, #459, #117 ) ;
#989 = ORIENTED_EDGE ( 'NONE', *, *, #1567, .T. ) ;
#990 = VECTOR ( 'NONE', #874, 1000.000000000000000 ) ;
#991 = COLOUR_RGB ( '',0.000000000000000000, 1.000000000000000000, 1.000000000000000000 ) ;
#992 = CARTESIAN_POINT ( 'NONE',  ( 2.202376042119126520, 14.94211029276216607, 36.49225867182921945 ) ) ;
#993 = STYLED_ITEM ( 'NONE', ( #864 ), #1517 ) ;
#994 =( NAMED_UNIT ( * ) SI_UNIT ( $, .STERADIAN. ) SOLID_ANGLE_UNIT ( ) );
#995 = PRESENTATION_LAYER_ASSIGNMENT (  '', '', ( #832 ) ) ;
#996 = UNCERTAINTY_MEASURE_WITH_UNIT (LENGTH_MEASURE( 1.000000000000000082E-05 ), #250, 'distance_accuracy_value', 'NONE');
#997 = CIRCLE ( 'NONE', #180, 1.000000000000000888 ) ;
#998 = FILL_AREA_STYLE ('',( #1380 ) ) ;
#999 = VERTEX_POINT ( 'NONE', #525 ) ;
#1000 = ORIENTED_EDGE ( 'NONE', *, *, #1618, .T. ) ;
#1001 = EDGE_CURVE ( 'NONE', #463, #621, #538, .T. ) ;
#1002 = EDGE_CURVE ( 'NONE', #143, #626, #1157, .T. ) ;
#1003 = LINE ( 'NONE', #1489, #1560 ) ;
#1004 = CARTESIAN_POINT ( 'NONE',  ( 2.202376042119126520, 14.94211029276216607, 35.49225867182921945 ) ) ;
#1005 = CARTESIAN_POINT ( 'NONE',  ( -7.997623957880874102, 13.53955550765407523, 30.75905126728259376 ) ) ;
#1006 =( NAMED_UNIT ( * ) SI_UNIT ( $, .STERADIAN. ) SOLID_ANGLE_UNIT ( ) );
#1007 = EDGE_LOOP ( 'NONE', ( #1191, #1442, #1106, #1313, #1010, #296, #244, #673, #521 ) ) ;
#1008 = SURFACE_STYLE_FILL_AREA ( #745 ) ;
#1009 = ADVANCED_FACE ( 'NONE', ( #405 ), #266, .T. ) ;
#1010 = ORIENTED_EDGE ( 'NONE', *, *, #457, .F. ) ;
#1011 = CARTESIAN_POINT ( 'NONE',  ( -1.797623957880873480, 19.19211029276216607, 33.49225867182921235 ) ) ;
#1012 = UNCERTAINTY_MEASURE_WITH_UNIT (LENGTH_MEASURE( 1.000000000000000082E-05 ), #257, 'distance_accuracy_value', 'NONE');
#1013 = CARTESIAN_POINT ( 'NONE',  ( -1.797623957880875256, 19.19211029276216607, 13.79225867182921661 ) ) ;
#1014 = LINE ( 'NONE', #771, #1451 ) ;
#1015 = FILL_AREA_STYLE ('',( #899 ) ) ;
#1016 = ORIENTED_EDGE ( 'NONE', *, *, #1568, .F. ) ;
#1017 =( GEOMETRIC_REPRESENTATION_CONTEXT ( 3 ) GLOBAL_UNCERTAINTY_ASSIGNED_CONTEXT ( ( #996 ) ) GLOBAL_UNIT_ASSIGNED_CONTEXT ( ( #250, #1153, #502 ) ) REPRESENTATION_CONTEXT ( 'NONE', 'WORKASPACE' ) );
#1018 = FILL_AREA_STYLE ('',( #635 ) ) ;
#1019 = SURFACE_SIDE_STYLE ('',( #466 ) ) ;
#1020 = VECTOR ( 'NONE', #543, 1000.000000000000000 ) ;
#1021 = ADVANCED_FACE ( 'NONE', ( #1163 ), #1170, .F. ) ;
#1022 = VECTOR ( 'NONE', #491, 1000.000000000000000 ) ;
#1023 = LINE ( 'NONE', #1005, #588 ) ;
#1024 = SURFACE_STYLE_USAGE ( .BOTH. , #1630 ) ;
#1025 = LINE ( 'NONE', #925, #806 ) ;
#1026 = ORIENTED_EDGE ( 'NONE', *, *, #476, .F. ) ;
#1027 = LINE ( 'NONE', #10, #912 ) ;
#1028 = FACE_BOUND ( 'NONE', #238, .T. ) ;
#1029 = SURFACE_STYLE_FILL_AREA ( #637 ) ;
#1030 = EDGE_CURVE ( 'NONE', #621, #463, #1482, .T. ) ;
#1031 = SURFACE_STYLE_USAGE ( .BOTH. , #1545 ) ;
#1032 = EDGE_LOOP ( 'NONE', ( #1154, #72, #934, #526 ) ) ;
#1033 = EDGE_CURVE ( 'NONE', #94, #143, #404, .T. ) ;
#1034 = CARTESIAN_POINT ( 'NONE',  ( -7.997623957880875878, 14.94211029276216607, 27.57731803654759162 ) ) ;
#1035 = FILL_AREA_STYLE ('',( #658 ) ) ;
#1036 = DIRECTION ( 'NONE',  ( -1.000000000000000000, -0.000000000000000000, 8.805702923740137122E-17 ) ) ;
#1037 = PLANE ( 'NONE',  #203 ) ;
#1038 = ORIENTED_EDGE ( 'NONE', *, *, #1453, .F. ) ;
#1039 = LINE ( 'NONE', #508, #829 ) ;
#1040 = CARTESIAN_POINT ( 'NONE',  ( -1.797623957880875256, 10.69211029276216607, 13.79225867182921661 ) ) ;
#1041 = DIRECTION ( 'NONE',  ( 0.000000000000000000, 1.000000000000000000, 0.000000000000000000 ) ) ;
#1042 =( GEOMETRIC_REPRESENTATION_CONTEXT ( 3 ) GLOBAL_UNCERTAINTY_ASSIGNED_CONTEXT ( ( #228 ) ) GLOBAL_UNIT_ASSIGNED_CONTEXT ( ( #1377, #1368, #1109 ) ) REPRESENTATION_CONTEXT ( 'NONE', 'WORKASPACE' ) );
#1043 = MECHANICAL_DESIGN_GEOMETRIC_PRESENTATION_REPRESENTATION (  '', ( #27 ), #947 ) ;
#1044 = AXIS2_PLACEMENT_3D ( 'NONE', #963, #1588, #320 ) ;
#1045 =( NAMED_UNIT ( * ) SI_UNIT ( $, .STERADIAN. ) SOLID_ANGLE_UNIT ( ) );
#1046 = SURFACE_SIDE_STYLE ('',( #528 ) ) ;
#1047 = AXIS2_PLACEMENT_3D ( 'NONE', #774, #1283, #536 ) ;
#1048 = SURFACE_STYLE_FILL_AREA ( #792 ) ;
#1049 = COLOUR_RGB ( '',0.000000000000000000, 1.000000000000000000, 1.000000000000000000 ) ;
#1050 = VERTEX_POINT ( 'NONE', #1555 ) ;
#1051 = PRODUCT_RELATED_PRODUCT_CATEGORY ( 'part', '', ( #1305 ) ) ;
#1052 = DIRECTION ( 'NONE',  ( -1.000000000000000000, 0.000000000000000000, 8.673617379884035472E-17 ) ) ;
#1053 = CARTESIAN_POINT ( 'NONE',  ( -5.297623957880874812, 14.94211029276216607, 29.47731803654759375 ) ) ;
#1054 = ORIENTED_EDGE ( 'NONE', *, *, #1175, .T. ) ;
#1055 = PRESENTATION_STYLE_ASSIGNMENT (( #940 ) ) ;
#1056 = ORIENTED_EDGE ( 'NONE', *, *, #1002, .T. ) ;
#1057 = ADVANCED_FACE ( 'NONE', ( #705 ), #812, .F. ) ;
#1058 = FILL_AREA_STYLE ('',( #325 ) ) ;
#1059 = PRESENTATION_STYLE_ASSIGNMENT (( #1320 ) ) ;
#1060 = ORIENTED_EDGE ( 'NONE', *, *, #931, .T. ) ;
#1061 = CARTESIAN_POINT ( 'NONE',  ( 11.00237604211912945, 13.34211029276216642, 35.49225867182921945 ) ) ;
#1062 = DIRECTION ( 'NONE',  ( -5.421010862427520198E-16, 1.000000000000000000, 0.000000000000000000 ) ) ;
#1063 = ADVANCED_BREP_SHAPE_REPRESENTATION ( 'PTK 7350', ( #517, #515, #1073 ), #1277 ) ;
#1064 = VERTEX_POINT ( 'NONE', #446 ) ;
#1065 = CARTESIAN_POINT ( 'NONE',  ( -5.297623957880874812, 14.94211029276216607, 25.46237740126596805 ) ) ;
#1066 = COLOUR_RGB ( '',0.000000000000000000, 1.000000000000000000, 1.000000000000000000 ) ;
#1067 =( NAMED_UNIT ( * ) PLANE_ANGLE_UNIT ( ) SI_UNIT ( $, .RADIAN. ) );
#1068 = ADVANCED_FACE ( 'NONE', ( #438 ), #1085, .T. ) ;
#1069 = COLOUR_RGB ( '',0.000000000000000000, 1.000000000000000000, 1.000000000000000000 ) ;
#1070 = VECTOR ( 'NONE', #134, 1000.000000000000000 ) ;
#1071 = MECHANICAL_DESIGN_GEOMETRIC_PRESENTATION_REPRESENTATION (  '', ( #832 ), #261 ) ;
#1072 = EDGE_LOOP ( 'NONE', ( #19, #574, #1597, #102 ) ) ;
#1073 = AXIS2_PLACEMENT_3D ( 'NONE', #1099, #1464, #204 ) ;
#1074 = COLOUR_RGB ( '',0.000000000000000000, 1.000000000000000000, 1.000000000000000000 ) ;
#1075 = STYLED_ITEM ( 'NONE', ( #1059 ), #1057 ) ;
#1076 = DIRECTION ( 'NONE',  ( 0.000000000000000000, -0.7381867290042595231, 0.6745964372289493527 ) ) ;
#1077 = SURFACE_STYLE_FILL_AREA ( #76 ) ;
#1078 = EDGE_CURVE ( 'NONE', #1050, #44, #74, .T. ) ;
#1079 = ORIENTED_EDGE ( 'NONE', *, *, #1397, .T. ) ;
#1080 = EDGE_CURVE ( 'NONE', #9, #356, #885, .T. ) ;
#1081 = CARTESIAN_POINT ( 'NONE',  ( 12.20237604211912696, 13.34211029276216642, 33.49225867182921235 ) ) ;
#1082 = EDGE_CURVE ( 'NONE', #277, #844, #856, .T. ) ;
#1083 = SURFACE_STYLE_USAGE ( .BOTH. , #1213 ) ;
#1084 = VERTEX_POINT ( 'NONE', #1375 ) ;
#1085 = CYLINDRICAL_SURFACE ( 'NONE', #1475, 4.014940635281623926 ) ;
#1086 = SURFACE_STYLE_FILL_AREA ( #306 ) ;
#1087 = UNCERTAINTY_MEASURE_WITH_UNIT (LENGTH_MEASURE( 1.000000000000000082E-05 ), #861, 'distance_accuracy_value', 'NONE');
#1088 = DIRECTION ( 'NONE',  ( 0.000000000000000000, 0.000000000000000000, 1.000000000000000000 ) ) ;
#1089 = DIRECTION ( 'NONE',  ( -0.000000000000000000, -1.000000000000000000, -0.000000000000000000 ) ) ;
#1090 = ORIENTED_EDGE ( 'NONE', *, *, #468, .T. ) ;
#1091 = VECTOR ( 'NONE', #1363, 1000.000000000000000 ) ;
#1092 = STYLED_ITEM ( 'NONE', ( #1272 ), #1333 ) ;
#1093 =( GEOMETRIC_REPRESENTATION_CONTEXT ( 3 ) GLOBAL_UNCERTAINTY_ASSIGNED_CONTEXT ( ( #352 ) ) GLOBAL_UNIT_ASSIGNED_CONTEXT ( ( #155, #1067, #1431 ) ) REPRESENTATION_CONTEXT ( 'NONE', 'WORKASPACE' ) );
#1094 = COLOUR_RGB ( '',0.000000000000000000, 1.000000000000000000, 1.000000000000000000 ) ;
#1095 = DIRECTION ( 'NONE',  ( 0.000000000000000000, -0.7381867290042597451, 0.6745964372289491306 ) ) ;
#1096 = MECHANICAL_DESIGN_GEOMETRIC_PRESENTATION_REPRESENTATION (  '', ( #645 ), #165 ) ;
#1097 = FILL_AREA_STYLE_COLOUR ( '', #496 ) ;
#1098 = LINE ( 'NONE', #1081, #431 ) ;
#1099 = CARTESIAN_POINT ( 'NONE',  ( 0.000000000000000000, 0.000000000000000000, 0.000000000000000000 ) ) ;
#1100 = ORIENTED_EDGE ( 'NONE', *, *, #400, .T. ) ;
#1101 = VERTEX_POINT ( 'NONE', #747 ) ;
#1102 = LINE ( 'NONE', #847, #638 ) ;
#1103 = CARTESIAN_POINT ( 'NONE',  ( 18.20337604211912819, 14.94211029276216607, 11.79225867182921483 ) ) ;
#1104 = FILL_AREA_STYLE_COLOUR ( '', #808 ) ;
#1105 = DIRECTION ( 'NONE',  ( 1.000000000000000000, -0.000000000000000000, -0.000000000000000000 ) ) ;
#1106 = ORIENTED_EDGE ( 'NONE', *, *, #1418, .T. ) ;
#1107 = ORIENTED_EDGE ( 'NONE', *, *, #1525, .F. ) ;
#1108 =( NAMED_UNIT ( * ) SI_UNIT ( $, .STERADIAN. ) SOLID_ANGLE_UNIT ( ) );
#1109 =( NAMED_UNIT ( * ) SI_UNIT ( $, .STERADIAN. ) SOLID_ANGLE_UNIT ( ) );
#1110 = FILL_AREA_STYLE_COLOUR ( '', #1204 ) ;
#1111 = SURFACE_STYLE_FILL_AREA ( #998 ) ;
#1112 =( NAMED_UNIT ( * ) PLANE_ANGLE_UNIT ( ) SI_UNIT ( $, .RADIAN. ) );
#1113 = EDGE_CURVE ( 'NONE', #881, #270, #1102, .T. ) ;
#1114 = VERTEX_POINT ( 'NONE', #976 ) ;
#1115 = EDGE_CURVE ( 'NONE', #1319, #663, #594, .T. ) ;
#1116 =( NAMED_UNIT ( * ) PLANE_ANGLE_UNIT ( ) SI_UNIT ( $, .RADIAN. ) );
#1117 = PRESENTATION_LAYER_ASSIGNMENT (  '', '', ( #937 ) ) ;
#1118 = VERTEX_POINT ( 'NONE', #992 ) ;
#1119 = CIRCLE ( 'NONE', #1044, 1.899999999999999023 ) ;
#1120 = DIRECTION ( 'NONE',  ( -1.000000000000000000, 4.098384217963384960E-28, 8.805702923812621113E-17 ) ) ;
#1121 = VECTOR ( 'NONE', #1105, 1000.000000000000000 ) ;
#1122 = FACE_OUTER_BOUND ( 'NONE', #423, .T. ) ;
#1123 = UNCERTAINTY_MEASURE_WITH_UNIT (LENGTH_MEASURE( 1.000000000000000082E-05 ), #1181, 'distance_accuracy_value', 'NONE');
#1124 = CIRCLE ( 'NONE', #676, 4.014940635281620374 ) ;
#1125 = FACE_OUTER_BOUND ( 'NONE', #406, .T. ) ;
#1126 = EDGE_CURVE ( 'NONE', #844, #746, #1131, .T. ) ;
#1127 = DIRECTION ( 'NONE',  ( -1.000000000000000000, -0.000000000000000000, -0.000000000000000000 ) ) ;
#1128 = ORIENTED_EDGE ( 'NONE', *, *, #1445, .F. ) ;
#1129 = FACE_OUTER_BOUND ( 'NONE', #1408, .T. ) ;
#1130 = ORIENTED_EDGE ( 'NONE', *, *, #708, .F. ) ;
#1131 = LINE ( 'NONE', #602, #854 ) ;
#1132 = DIRECTION ( 'NONE',  ( -1.000000000000000000, 4.098384217963384960E-28, 8.805702923812621113E-17 ) ) ;
#1133 =( NAMED_UNIT ( * ) PLANE_ANGLE_UNIT ( ) SI_UNIT ( $, .RADIAN. ) );
#1134 = FILL_AREA_STYLE_COLOUR ( '', #53 ) ;
#1135 = FILL_AREA_STYLE ('',( #930 ) ) ;
#1136 = DIRECTION ( 'NONE',  ( 1.000000000000000000, -0.000000000000000000, -8.673617379884036705E-17 ) ) ;
#1137 = EDGE_LOOP ( 'NONE', ( #1474, #744, #383, #344 ) ) ;
#1138 = FILL_AREA_STYLE_COLOUR ( '', #317 ) ;
#1139 = CARTESIAN_POINT ( 'NONE',  ( -7.997623957880875878, 14.94211029276216607, 31.37731803654759233 ) ) ;
#1140 = SURFACE_STYLE_FILL_AREA ( #202 ) ;
#1141 =( LENGTH_UNIT ( ) NAMED_UNIT ( * ) SI_UNIT ( .MILLI., .METRE. ) );
#1142 = CYLINDRICAL_SURFACE ( 'NONE', #450, 1.749999999999999556 ) ;
#1143 = ORIENTED_EDGE ( 'NONE', *, *, #715, .T. ) ;
#1144 = ORIENTED_EDGE ( 'NONE', *, *, #1453, .T. ) ;
#1145 = VECTOR ( 'NONE', #630, 1000.000000000000000 ) ;
#1146 = SURFACE_STYLE_FILL_AREA ( #1018 ) ;
#1147 = FACE_BOUND ( 'NONE', #1183, .T. ) ;
#1148 = AXIS2_PLACEMENT_3D ( 'NONE', #757, #1259, #115 ) ;
#1149 = CARTESIAN_POINT ( 'NONE',  ( 3.002376042119126787, 14.94211029276216607, 36.49225867182921945 ) ) ;
#1150 = COLOUR_RGB ( '',0.000000000000000000, 1.000000000000000000, 1.000000000000000000 ) ;
#1151 =( LENGTH_UNIT ( ) NAMED_UNIT ( * ) SI_UNIT ( .MILLI., .METRE. ) );
#1152 = CIRCLE ( 'NONE', #787, 1.749999999999999556 ) ;
#1153 =( NAMED_UNIT ( * ) PLANE_ANGLE_UNIT ( ) SI_UNIT ( $, .RADIAN. ) );
#1154 = ORIENTED_EDGE ( 'NONE', *, *, #715, .F. ) ;
#1155 = FACE_OUTER_BOUND ( 'NONE', #83, .T. ) ;
#1156 = DIRECTION ( 'NONE',  ( 0.000000000000000000, 0.000000000000000000, 1.000000000000000000 ) ) ;
#1157 = LINE ( 'NONE', #1532, #208 ) ;
#1158 = CYLINDRICAL_SURFACE ( 'NONE', #1378, 4.250000000000003553 ) ;
#1159 = DIRECTION ( 'NONE',  ( 0.000000000000000000, -0.7381867290042595231, 0.6745964372289493527 ) ) ;
#1160 = ORIENTED_EDGE ( 'NONE', *, *, #529, .T. ) ;
#1161 = DIRECTION ( 'NONE',  ( 0.7071067811865474617, -0.000000000000000000, -0.7071067811865474617 ) ) ;
#1162 =( NAMED_UNIT ( * ) SI_UNIT ( $, .STERADIAN. ) SOLID_ANGLE_UNIT ( ) );
#1163 = FACE_OUTER_BOUND ( 'NONE', #1335, .T. ) ;
#1164 = DIRECTION ( 'NONE',  ( -0.000000000000000000, -0.000000000000000000, -1.000000000000000000 ) ) ;
#1165 = DIRECTION ( 'NONE',  ( 1.000000000000000000, -0.000000000000000000, -8.805702923740138355E-17 ) ) ;
#1166 = EDGE_CURVE ( 'NONE', #116, #680, #1605, .T. ) ;
#1167 = ORIENTED_EDGE ( 'NONE', *, *, #788, .T. ) ;
#1168 = EDGE_CURVE ( 'NONE', #680, #116, #614, .T. ) ;
#1169 = AXIS2_PLACEMENT_3D ( 'NONE', #1462, #840, #699 ) ;
#1170 = PLANE ( 'NONE',  #51 ) ;
#1171 = DIRECTION ( 'NONE',  ( -1.000000000000000000, 0.000000000000000000, 8.805702923740138355E-17 ) ) ;
#1172 = PRESENTATION_LAYER_ASSIGNMENT (  '', '', ( #1092 ) ) ;
#1173 = PRESENTATION_LAYER_ASSIGNMENT (  '', '', ( #425 ) ) ;
#1174 =( GEOMETRIC_REPRESENTATION_CONTEXT ( 3 ) GLOBAL_UNCERTAINTY_ASSIGNED_CONTEXT ( ( #1599 ) ) GLOBAL_UNIT_ASSIGNED_CONTEXT ( ( #1523, #1420, #510 ) ) REPRESENTATION_CONTEXT ( 'NONE', 'WORKASPACE' ) );
#1175 = EDGE_CURVE ( 'NONE', #463, #1459, #1584, .T. ) ;
#1176 = ORIENTED_EDGE ( 'NONE', *, *, #879, .F. ) ;
#1177 = DIRECTION ( 'NONE',  ( 1.000000000000000000, -4.098384217963384960E-28, -8.805702923812621113E-17 ) ) ;
#1178 = DIRECTION ( 'NONE',  ( 0.000000000000000000, 0.000000000000000000, -1.000000000000000000 ) ) ;
#1179 = LINE ( 'NONE', #170, #312 ) ;
#1180 = CARTESIAN_POINT ( 'NONE',  ( 12.20237604211912696, 16.54211029276216749, 33.49225867182921235 ) ) ;
#1181 =( LENGTH_UNIT ( ) NAMED_UNIT ( * ) SI_UNIT ( .MILLI., .METRE. ) );
#1182 = DIRECTION ( 'NONE',  ( 1.000000000000000000, 0.000000000000000000, 0.000000000000000000 ) ) ;
#1183 = EDGE_LOOP ( 'NONE', ( #1307, #1233, #217, #219 ) ) ;
#1184 = FILL_AREA_STYLE ('',( #1340 ) ) ;
#1185 = EDGE_CURVE ( 'NONE', #480, #277, #239, .T. ) ;
#1186 = FILL_AREA_STYLE ('',( #569 ) ) ;
#1187 = DIRECTION ( 'NONE',  ( -1.000000000000000000, 4.098384217963384960E-28, 8.805702923812621113E-17 ) ) ;
#1188 = DIRECTION ( 'NONE',  ( 1.000000000000000000, -4.098384217963384960E-28, -8.805702923812621113E-17 ) ) ;
#1189 = SURFACE_STYLE_USAGE ( .BOTH. , #1046 ) ;
#1190 = LINE ( 'NONE', #783, #499 ) ;
#1191 = ORIENTED_EDGE ( 'NONE', *, *, #1236, .T. ) ;
#1192 = EDGE_CURVE ( 'NONE', #999, #1050, #721, .T. ) ;
#1193 =( NAMED_UNIT ( * ) PLANE_ANGLE_UNIT ( ) SI_UNIT ( $, .RADIAN. ) );
#1194 = PRESENTATION_LAYER_ASSIGNMENT (  '', '', ( #987 ) ) ;
#1195 = FACE_OUTER_BOUND ( 'NONE', #756, .T. ) ;
#1196 = CIRCLE ( 'NONE', #1271, 1.900000000000000577 ) ;
#1197 = VECTOR ( 'NONE', #1396, 1000.000000000000000 ) ;
#1198 = VECTOR ( 'NONE', #285, 1000.000000000000000 ) ;
#1199 = ADVANCED_FACE ( 'NONE', ( #1228 ), #868, .T. ) ;
#1200 = SURFACE_STYLE_FILL_AREA ( #1450 ) ;
#1201 = MECHANICAL_DESIGN_GEOMETRIC_PRESENTATION_REPRESENTATION (  '', ( #993 ), #108 ) ;
#1202 = ORIENTED_EDGE ( 'NONE', *, *, #65, .T. ) ;
#1203 = CIRCLE ( 'NONE', #860, 1.000000000000000888 ) ;
#1204 = COLOUR_RGB ( '',0.000000000000000000, 1.000000000000000000, 1.000000000000000000 ) ;
#1205 = CARTESIAN_POINT ( 'NONE',  ( 3.002376042119125010, 14.94211029276216607, 11.79225867182921661 ) ) ;
#1206 = FILL_AREA_STYLE ('',( #1097 ) ) ;
#1207 = PLANE ( 'NONE',  #565 ) ;
#1208 = CARTESIAN_POINT ( 'NONE',  ( 18.20237604211912696, 19.19211029276216607, 13.79225867182921661 ) ) ;
#1209 = ORIENTED_EDGE ( 'NONE', *, *, #104, .T. ) ;
#1210 =( LENGTH_UNIT ( ) NAMED_UNIT ( * ) SI_UNIT ( .MILLI., .METRE. ) );
#1211 = FACE_OUTER_BOUND ( 'NONE', #389, .T. ) ;
#1212 = DIRECTION ( 'NONE',  ( -1.000000000000000000, -0.000000000000000000, 8.805702923740137122E-17 ) ) ;
#1213 = SURFACE_SIDE_STYLE ('',( #1565 ) ) ;
#1214 = VERTEX_POINT ( 'NONE', #1240 ) ;
#1215 = EDGE_CURVE ( 'NONE', #1282, #198, #1152, .T. ) ;
#1216 = DIRECTION ( 'NONE',  ( 0.000000000000000000, 0.000000000000000000, -1.000000000000000000 ) ) ;
#1217 = SURFACE_SIDE_STYLE ('',( #1086 ) ) ;
#1218 = FILL_AREA_STYLE_COLOUR ( '', #1507 ) ;
#1219 = APPLICATION_PROTOCOL_DEFINITION ( 'draft international standard', 'automotive_design', 1998, #259 ) ;
#1220 =( GEOMETRIC_REPRESENTATION_CONTEXT ( 3 ) GLOBAL_UNCERTAINTY_ASSIGNED_CONTEXT ( ( #761 ) ) GLOBAL_UNIT_ASSIGNED_CONTEXT ( ( #948, #1317, #706 ) ) REPRESENTATION_CONTEXT ( 'NONE', 'WORKASPACE' ) );
#1221 = COLOUR_RGB ( '',0.000000000000000000, 1.000000000000000000, 1.000000000000000000 ) ;
#1222 = CARTESIAN_POINT ( 'NONE',  ( -5.497623957880874102, 13.65028351700471276, 30.65786180169825315 ) ) ;
#1223 = ORIENTED_EDGE ( 'NONE', *, *, #1166, .F. ) ;
#1224 = AXIS2_PLACEMENT_3D ( 'NONE', #35, #1422, #815 ) ;
#1225 = VECTOR ( 'NONE', #1549, 1000.000000000000000 ) ;
#1226 = ORIENTED_EDGE ( 'NONE', *, *, #1617, .F. ) ;
#1227 = STYLED_ITEM ( 'NONE', ( #1286 ), #823 ) ;
#1228 = FACE_OUTER_BOUND ( 'NONE', #114, .T. ) ;
#1229 = COLOUR_RGB ( '',0.000000000000000000, 1.000000000000000000, 1.000000000000000000 ) ;
#1230 =( NAMED_UNIT ( * ) PLANE_ANGLE_UNIT ( ) SI_UNIT ( $, .RADIAN. ) );
#1231 = FACE_BOUND ( 'NONE', #157, .T. ) ;
#1232 = SURFACE_STYLE_FILL_AREA ( #1058 ) ;
#1233 = ORIENTED_EDGE ( 'NONE', *, *, #1360, .F. ) ;
#1234 = ORIENTED_EDGE ( 'NONE', *, *, #1618, .F. ) ;
#1235 = DIRECTION ( 'NONE',  ( 1.000000000000000000, -0.000000000000000000, -8.673617379884036705E-17 ) ) ;
#1236 = EDGE_CURVE ( 'NONE', #822, #844, #1003, .T. ) ;
#1237 =( NAMED_UNIT ( * ) PLANE_ANGLE_UNIT ( ) SI_UNIT ( $, .RADIAN. ) );
#1238 = ORIENTED_EDGE ( 'NONE', *, *, #1185, .T. ) ;
#1239 = ORIENTED_EDGE ( 'NONE', *, *, #825, .T. ) ;
#1240 = CARTESIAN_POINT ( 'NONE',  ( 18.20237604211912696, 10.69211029276216607, 13.79225867182921661 ) ) ;
#1241 = FILL_AREA_STYLE ('',( #379 ) ) ;
#1242 = EDGE_CURVE ( 'NONE', #1371, #363, #1513, .T. ) ;
#1243 = DIRECTION ( 'NONE',  ( 0.000000000000000000, 0.000000000000000000, 1.000000000000000000 ) ) ;
#1244 = PLANE ( 'NONE',  #563 ) ;
#1245 = ORIENTED_EDGE ( 'NONE', *, *, #974, .F. ) ;
#1246 = EDGE_CURVE ( 'NONE', #845, #233, #1027, .T. ) ;
#1247 = STYLED_ITEM ( 'NONE', ( #1487 ), #307 ) ;
#1248 = VERTEX_POINT ( 'NONE', #767 ) ;
#1249 = VECTOR ( 'NONE', #1460, 1000.000000000000000 ) ;
#1250 = DIRECTION ( 'NONE',  ( -0.000000000000000000, 1.000000000000000000, 0.000000000000000000 ) ) ;
#1251 = CARTESIAN_POINT ( 'NONE',  ( -1.797623957880873036, 14.94211029276216607, 29.47731803654759020 ) ) ;
#1252 = MECHANICAL_DESIGN_GEOMETRIC_PRESENTATION_REPRESENTATION (  '', ( #428 ), #206 ) ;
#1253 = UNCERTAINTY_MEASURE_WITH_UNIT (LENGTH_MEASURE( 1.000000000000000082E-05 ), #71, 'distance_accuracy_value', 'NONE');
#1254 = CIRCLE ( 'NONE', #1508, 4.014940635281620374 ) ;
#1255 = PRESENTATION_STYLE_ASSIGNMENT (( #613 ) ) ;
#1256 = SURFACE_SIDE_STYLE ('',( #1510 ) ) ;
#1257 = CARTESIAN_POINT ( 'NONE',  ( 12.20237604211912696, 16.54211029276216749, 33.49225867182921235 ) ) ;
#1258 = CARTESIAN_POINT ( 'NONE',  ( 11.00237604211912767, 16.54211029276216749, 33.49225867182921235 ) ) ;
#1259 = DIRECTION ( 'NONE',  ( 1.000000000000000000, -4.098384217963384960E-28, -8.805702923812621113E-17 ) ) ;
#1260 = EDGE_LOOP ( 'NONE', ( #1167, #321, #211, #282 ) ) ;
#1261 = FILL_AREA_STYLE_COLOUR ( '', #1069 ) ;
#1262 =( LENGTH_UNIT ( ) NAMED_UNIT ( * ) SI_UNIT ( .MILLI., .METRE. ) );
#1263 = CARTESIAN_POINT ( 'NONE',  ( -5.297623957880873036, 16.23393706851961937, 28.29677427139693080 ) ) ;
#1264 = DIRECTION ( 'NONE',  ( -1.020425574104004122E-16, 0.000000000000000000, -1.000000000000000000 ) ) ;
#1265 = ORIENTED_EDGE ( 'NONE', *, *, #1215, .T. ) ;
#1266 = DIRECTION ( 'NONE',  ( -1.000000000000000000, 0.000000000000000000, 8.805702923740138355E-17 ) ) ;
#1267 = ORIENTED_EDGE ( 'NONE', *, *, #126, .T. ) ;
#1268 = FACE_BOUND ( 'NONE', #225, .T. ) ;
#1269 = CYLINDRICAL_SURFACE ( 'NONE', #290, 1.900000000000000577 ) ;
#1270 = VERTEX_POINT ( 'NONE', #410 ) ;
#1271 = AXIS2_PLACEMENT_3D ( 'NONE', #1251, #1132, #367 ) ;
#1272 = PRESENTATION_STYLE_ASSIGNMENT (( #794 ) ) ;
#1273 = AXIS2_PLACEMENT_3D ( 'NONE', #1205, #1550, #299 ) ;
#1274 = SURFACE_SIDE_STYLE ('',( #896 ) ) ;
#1275 =( GEOMETRIC_REPRESENTATION_CONTEXT ( 3 ) GLOBAL_UNCERTAINTY_ASSIGNED_CONTEXT ( ( #877 ) ) GLOBAL_UNIT_ASSIGNED_CONTEXT ( ( #1151, #1621, #7 ) ) REPRESENTATION_CONTEXT ( 'NONE', 'WORKASPACE' ) );
#1276 = AXIS2_PLACEMENT_3D ( 'NONE', #660, #527, #283 ) ;
#1277 =( GEOMETRIC_REPRESENTATION_CONTEXT ( 3 ) GLOBAL_UNCERTAINTY_ASSIGNED_CONTEXT ( ( #1454 ) ) GLOBAL_UNIT_ASSIGNED_CONTEXT ( ( #1345, #56, #452 ) ) REPRESENTATION_CONTEXT ( 'NONE', 'WORKASPACE' ) );
#1278 = DIRECTION ( 'NONE',  ( -1.000000000000000000, -0.000000000000000000, 8.805702923740137122E-17 ) ) ;
#1279 = DIRECTION ( 'NONE',  ( 0.000000000000000000, 0.000000000000000000, 1.000000000000000000 ) ) ;
#1280 = AXIS2_PLACEMENT_3D ( 'NONE', #1316, #687, #1062 ) ;
#1281 = CARTESIAN_POINT ( 'NONE',  ( 3.002376042119125010, 14.94211029276216607, 10.79225867182921661 ) ) ;
#1282 = VERTEX_POINT ( 'NONE', #390 ) ;
#1283 = DIRECTION ( 'NONE',  ( 0.000000000000000000, 0.000000000000000000, 1.000000000000000000 ) ) ;
#1284 = CARTESIAN_POINT ( 'NONE',  ( -7.997623957880875878, 14.94211029276216607, 29.47731803654759375 ) ) ;
#1285 = EDGE_CURVE ( 'NONE', #981, #544, #997, .T. ) ;
#1286 = PRESENTATION_STYLE_ASSIGNMENT (( #253 ) ) ;
#1287 =( NAMED_UNIT ( * ) SI_UNIT ( $, .STERADIAN. ) SOLID_ANGLE_UNIT ( ) );
#1288 = ADVANCED_FACE ( 'NONE', ( #1155 ), #1541, .F. ) ;
#1289 = DIRECTION ( 'NONE',  ( -1.000000000000000000, 4.098384217963384960E-28, 8.805702923812621113E-17 ) ) ;
#1290 = ORIENTED_EDGE ( 'NONE', *, *, #1445, .T. ) ;
#1291 =( NAMED_UNIT ( * ) PLANE_ANGLE_UNIT ( ) SI_UNIT ( $, .RADIAN. ) );
#1292 = ADVANCED_FACE ( 'NONE', ( #901 ), #144, .F. ) ;
#1293 = LINE ( 'NONE', #764, #254 ) ;
#1294 = CARTESIAN_POINT ( 'NONE',  ( -5.497623957880874102, 14.94211029276216607, 29.47731803654759020 ) ) ;
#1295 = FILL_AREA_STYLE_COLOUR ( '', #1150 ) ;
#1296 = PRESENTATION_STYLE_ASSIGNMENT (( #407 ) ) ;
#1297 = VERTEX_POINT ( 'NONE', #1389 ) ;
#1298 = CARTESIAN_POINT ( 'NONE',  ( -1.797623957880875256, 19.19211029276216607, 13.79225867182921661 ) ) ;
#1299 = FACE_OUTER_BOUND ( 'NONE', #258, .T. ) ;
#1300 =( NAMED_UNIT ( * ) PLANE_ANGLE_UNIT ( ) SI_UNIT ( $, .RADIAN. ) );
#1301 = PRESENTATION_LAYER_ASSIGNMENT (  '', '', ( #1428 ) ) ;
#1302 =( GEOMETRIC_REPRESENTATION_CONTEXT ( 3 ) GLOBAL_UNCERTAINTY_ASSIGNED_CONTEXT ( ( #1012 ) ) GLOBAL_UNIT_ASSIGNED_CONTEXT ( ( #257, #1392, #916 ) ) REPRESENTATION_CONTEXT ( 'NONE', 'WORKASPACE' ) );
#1303 = CARTESIAN_POINT ( 'NONE',  ( 18.20337604211913174, 14.94211029276216607, 35.49225867182921945 ) ) ;
#1304 = AXIS2_PLACEMENT_3D ( 'NONE', #598, #1358, #1498 ) ;
#1305 = PRODUCT ( 'PTK 7350', 'PTK 7350', '', ( #979 ) ) ;
#1306 = AXIS2_PLACEMENT_3D ( 'NONE', #1463, #579, #439 ) ;
#1307 = ORIENTED_EDGE ( 'NONE', *, *, #846, .F. ) ;
#1308 = DIRECTION ( 'NONE',  ( 0.000000000000000000, 0.7381867290042595231, -0.6745964372289493527 ) ) ;
#1309 = SURFACE_SIDE_STYLE ('',( #429 ) ) ;
#1310 = ORIENTED_EDGE ( 'NONE', *, *, #664, .F. ) ;
#1311 = LINE ( 'NONE', #685, #1354 ) ;
#1312 = FILL_AREA_STYLE_COLOUR ( '', #855 ) ;
#1313 = ORIENTED_EDGE ( 'NONE', *, *, #653, .T. ) ;
#1314 = EDGE_CURVE ( 'NONE', #943, #1101, #523, .T. ) ;
#1315 = LINE ( 'NONE', #1589, #427 ) ;
#1316 = CARTESIAN_POINT ( 'NONE',  ( 11.00237604211912945, 13.34211029276216642, 35.49225867182921945 ) ) ;
#1317 =( NAMED_UNIT ( * ) PLANE_ANGLE_UNIT ( ) SI_UNIT ( $, .RADIAN. ) );
#1318 = DIRECTION ( 'NONE',  ( 0.000000000000000000, 1.000000000000000000, 0.000000000000000000 ) ) ;
#1319 = VERTEX_POINT ( 'NONE', #907 ) ;
#1320 = SURFACE_STYLE_USAGE ( .BOTH. , #305 ) ;
#1321 = SURFACE_STYLE_USAGE ( .BOTH. , #1217 ) ;
#1322 = STYLED_ITEM ( 'NONE', ( #1440 ), #112 ) ;
#1323 = FILL_AREA_STYLE_COLOUR ( '', #1229 ) ;
#1324 = CIRCLE ( 'NONE', #530, 1.900000000000000577 ) ;
#1325 = CIRCLE ( 'NONE', #1224, 1.899999999999999023 ) ;
#1326 = AXIS2_PLACEMENT_3D ( 'NONE', #754, #625, #1603 ) ;
#1327 = CIRCLE ( 'NONE', #1276, 1.900000000000000577 ) ;
#1328 = ORIENTED_EDGE ( 'NONE', *, *, #1113, .F. ) ;
#1329 = AXIS2_PLACEMENT_3D ( 'NONE', #442, #47, #558 ) ;
#1330 = UNCERTAINTY_MEASURE_WITH_UNIT (LENGTH_MEASURE( 1.000000000000000082E-05 ), #419, 'distance_accuracy_value', 'NONE');
#1331 = SURFACE_SIDE_STYLE ('',( #318 ) ) ;
#1332 = EDGE_CURVE ( 'NONE', #245, #277, #150, .T. ) ;
#1333 = ADVANCED_FACE ( 'NONE', ( #125 ), #801, .F. ) ;
#1334 = DIRECTION ( 'NONE',  ( 1.020425574104003260E-16, 0.000000000000000000, 1.000000000000000000 ) ) ;
#1335 = EDGE_LOOP ( 'NONE', ( #1499, #1209, #495, #865, #1540, #1038, #975 ) ) ;
#1336 = CARTESIAN_POINT ( 'NONE',  ( -7.997623957880875878, 14.94211029276216607, 29.47731803654759375 ) ) ;
#1337 = CARTESIAN_POINT ( 'NONE',  ( 3.002376042119126787, 14.94211029276216607, 33.49225867182921235 ) ) ;
#1338 = EDGE_CURVE ( 'NONE', #1114, #1270, #674, .T. ) ;
#1339 = CARTESIAN_POINT ( 'NONE',  ( -5.297623957880873036, 14.94211029276216607, 29.47731803654759020 ) ) ;
#1340 = FILL_AREA_STYLE_COLOUR ( '', #889 ) ;
#1341 = ORIENTED_EDGE ( 'NONE', *, *, #876, .F. ) ;
#1342 = ORIENTED_EDGE ( 'NONE', *, *, #281, .T. ) ;
#1343 = CARTESIAN_POINT ( 'NONE',  ( 18.20337604211912819, 14.94211029276216607, 10.79225867182921483 ) ) ;
#1344 = PRESENTATION_STYLE_ASSIGNMENT (( #337 ) ) ;
#1345 =( LENGTH_UNIT ( ) NAMED_UNIT ( * ) SI_UNIT ( .MILLI., .METRE. ) );
#1346 = LINE ( 'NONE', #453, #967 ) ;
#1347 = FACE_OUTER_BOUND ( 'NONE', #1007, .T. ) ;
#1348 = ORIENTED_EDGE ( 'NONE', *, *, #1525, .T. ) ;
#1349 = PRESENTATION_LAYER_ASSIGNMENT (  '', '', ( #939 ) ) ;
#1350 = COLOUR_RGB ( '',0.000000000000000000, 1.000000000000000000, 1.000000000000000000 ) ;
#1351 = AXIS2_PLACEMENT_3D ( 'NONE', #1303, #1278, #924 ) ;
#1352 = ORIENTED_EDGE ( 'NONE', *, *, #1033, .F. ) ;
#1353 = EDGE_CURVE ( 'NONE', #198, #116, #1553, .T. ) ;
#1354 = VECTOR ( 'NONE', #550, 1000.000000000000000 ) ;
#1355 = CARTESIAN_POINT ( 'NONE',  ( -5.297623957880873036, 14.94211029276216607, 29.47731803654759020 ) ) ;
#1356 = MECHANICAL_DESIGN_GEOMETRIC_PRESENTATION_REPRESENTATION (  '', ( #343 ), #137 ) ;
#1357 = CARTESIAN_POINT ( 'NONE',  ( 3.002376042119126787, 14.94211029276216607, 33.49225867182921235 ) ) ;
#1358 = DIRECTION ( 'NONE',  ( -1.000000000000000000, 0.000000000000000000, 8.673617379884035472E-17 ) ) ;
#1359 = ORIENTED_EDGE ( 'NONE', *, *, #1242, .T. ) ;
#1360 = EDGE_CURVE ( 'NONE', #1270, #1361, #37, .T. ) ;
#1361 = VERTEX_POINT ( 'NONE', #207 ) ;
#1362 = CARTESIAN_POINT ( 'NONE',  ( -7.997623957880875878, 14.94211029276216607, 29.47731803654759375 ) ) ;
#1363 = DIRECTION ( 'NONE',  ( 1.000000000000000000, 0.000000000000000000, 0.000000000000000000 ) ) ;
#1364 = UNCERTAINTY_MEASURE_WITH_UNIT (LENGTH_MEASURE( 1.000000000000000082E-05 ), #1419, 'distance_accuracy_value', 'NONE');
#1365 = ORIENTED_EDGE ( 'NONE', *, *, #1246, .T. ) ;
#1366 = ORIENTED_EDGE ( 'NONE', *, *, #249, .T. ) ;
#1367 = SURFACE_STYLE_USAGE ( .BOTH. , #1469 ) ;
#1368 =( NAMED_UNIT ( * ) PLANE_ANGLE_UNIT ( ) SI_UNIT ( $, .RADIAN. ) );
#1369 =( NAMED_UNIT ( * ) PLANE_ANGLE_UNIT ( ) SI_UNIT ( $, .RADIAN. ) );
#1370 = CARTESIAN_POINT ( 'NONE',  ( 2.202376042119126520, 14.94211029276216607, 33.49225867182921235 ) ) ;
#1371 = VERTEX_POINT ( 'NONE', #80 ) ;
#1372 = MECHANICAL_DESIGN_GEOMETRIC_PRESENTATION_REPRESENTATION (  '', ( #987 ), #611 ) ;
#1373 = ORIENTED_EDGE ( 'NONE', *, *, #1001, .F. ) ;
#1374 = STYLED_ITEM ( 'NONE', ( #691 ), #520 ) ;
#1375 = CARTESIAN_POINT ( 'NONE',  ( -1.797623957880872814, 13.53955550765407345, 30.75905126728259376 ) ) ;
#1376 = CIRCLE ( 'NONE', #1535, 4.014940635281620374 ) ;
#1377 =( LENGTH_UNIT ( ) NAMED_UNIT ( * ) SI_UNIT ( .MILLI., .METRE. ) );
#1378 = AXIS2_PLACEMENT_3D ( 'NONE', #1564, #970, #460 ) ;
#1379 = PRODUCT_DEFINITION_CONTEXT ( 'detailed design', #259, 'design' ) ;
#1380 = FILL_AREA_STYLE_COLOUR ( '', #968 ) ;
#1381 = SURFACE_STYLE_FILL_AREA ( #891 ) ;
#1382 =( NAMED_UNIT ( * ) PLANE_ANGLE_UNIT ( ) SI_UNIT ( $, .RADIAN. ) );
#1383 = CARTESIAN_POINT ( 'NONE',  ( 18.20237604211912696, 10.69211029276216607, 33.49225867182921235 ) ) ;
#1384 = EDGE_LOOP ( 'NONE', ( #828, #646, #813, #838 ) ) ;
#1385 = SURFACE_STYLE_FILL_AREA ( #18 ) ;
#1386 = DIRECTION ( 'NONE',  ( 0.000000000000000000, 1.000000000000000000, -0.000000000000000000 ) ) ;
#1387 = CARTESIAN_POINT ( 'NONE',  ( -5.297623957880874812, 14.94211029276216607, 33.49225867182921235 ) ) ;
#1388 = ORIENTED_EDGE ( 'NONE', *, *, #1624, .T. ) ;
#1389 = CARTESIAN_POINT ( 'NONE',  ( -5.497623957880874102, 13.53955550765407523, 30.75905126728259376 ) ) ;
#1390 = SURFACE_STYLE_FILL_AREA ( #921 ) ;
#1391 = SURFACE_STYLE_FILL_AREA ( #1537 ) ;
#1392 =( NAMED_UNIT ( * ) PLANE_ANGLE_UNIT ( ) SI_UNIT ( $, .RADIAN. ) );
#1393 = ORIENTED_EDGE ( 'NONE', *, *, #1115, .F. ) ;
#1394 = COLOUR_RGB ( '',0.000000000000000000, 1.000000000000000000, 1.000000000000000000 ) ;
#1395 = AXIS2_PLACEMENT_3D ( 'NONE', #1004, #90, #733 ) ;
#1396 = DIRECTION ( 'NONE',  ( -0.000000000000000000, -1.000000000000000000, -0.000000000000000000 ) ) ;
#1397 = EDGE_CURVE ( 'NONE', #1452, #845, #1315, .T. ) ;
#1398 =( NAMED_UNIT ( * ) PLANE_ANGLE_UNIT ( ) SI_UNIT ( $, .RADIAN. ) );
#1399 = AXIS2_PLACEMENT_3D ( 'NONE', #142, #1289, #1159 ) ;
#1400 = ADVANCED_FACE ( 'NONE', ( #946 ), #1579, .F. ) ;
#1401 =( NAMED_UNIT ( * ) PLANE_ANGLE_UNIT ( ) SI_UNIT ( $, .RADIAN. ) );
#1402 = STYLED_ITEM ( 'NONE', ( #298 ), #1400 ) ;
#1403 = CIRCLE ( 'NONE', #1304, 1.899999999999999023 ) ;
#1404 = LINE ( 'NONE', #780, #564 ) ;
#1405 =( NAMED_UNIT ( * ) PLANE_ANGLE_UNIT ( ) SI_UNIT ( $, .RADIAN. ) );
#1406 = PRESENTATION_LAYER_ASSIGNMENT (  '', '', ( #1075 ) ) ;
#1407 = CARTESIAN_POINT ( 'NONE',  ( -1.797623957880873480, 19.19211029276216607, 33.49225867182921235 ) ) ;
#1408 = EDGE_LOOP ( 'NONE', ( #1234, #1468, #1144, #1328 ) ) ;
#1409 = ADVANCED_FACE ( 'NONE', ( #972 ), #545, .T. ) ;
#1410 = SURFACE_SIDE_STYLE ('',( #1390 ) ) ;
#1411 = PRESENTATION_STYLE_ASSIGNMENT (( #39 ) ) ;
#1412 = VERTEX_POINT ( 'NONE', #809 ) ;
#1413 = LINE ( 'NONE', #166, #915 ) ;
#1414 = FILL_AREA_STYLE_COLOUR ( '', #533 ) ;
#1415 = ORIENTED_EDGE ( 'NONE', *, *, #275, .T. ) ;
#1416 = PRESENTATION_STYLE_ASSIGNMENT (( #513 ) ) ;
#1417 = CARTESIAN_POINT ( 'NONE',  ( -1.797623957880875700, 14.94211029276216607, 25.46237740126596805 ) ) ;
#1418 = EDGE_CURVE ( 'NONE', #746, #1452, #341, .T. ) ;
#1419 =( LENGTH_UNIT ( ) NAMED_UNIT ( * ) SI_UNIT ( .MILLI., .METRE. ) );
#1420 =( NAMED_UNIT ( * ) PLANE_ANGLE_UNIT ( ) SI_UNIT ( $, .RADIAN. ) );
#1421 = SURFACE_STYLE_FILL_AREA ( #668 ) ;
#1422 = DIRECTION ( 'NONE',  ( -1.000000000000000000, 0.000000000000000000, 8.805702923740138355E-17 ) ) ;
#1423 = EDGE_LOOP ( 'NONE', ( #1632, #1245, #610, #1060 ) ) ;
#1424 =( NAMED_UNIT ( * ) PLANE_ANGLE_UNIT ( ) SI_UNIT ( $, .RADIAN. ) );
#1425 =( LENGTH_UNIT ( ) NAMED_UNIT ( * ) SI_UNIT ( .MILLI., .METRE. ) );
#1426 = LINE ( 'NONE', #677, #421 ) ;
#1427 = CIRCLE ( 'NONE', #78, 4.250000000000000000 ) ;
#1428 = STYLED_ITEM ( 'NONE', ( #980 ), #1443 ) ;
#1429 = CIRCLE ( 'NONE', #504, 4.250000000000003553 ) ;
#1430 = FILL_AREA_STYLE_COLOUR ( '', #782 ) ;
#1431 =( NAMED_UNIT ( * ) SI_UNIT ( $, .STERADIAN. ) SOLID_ANGLE_UNIT ( ) );
#1432 = STYLED_ITEM ( 'NONE', ( #1438 ), #833 ) ;
#1433 = LINE ( 'NONE', #1407, #1198 ) ;
#1434 = PRESENTATION_LAYER_ASSIGNMENT (  '', '', ( #506 ) ) ;
#1435 = ORIENTED_EDGE ( 'NONE', *, *, #959, .F. ) ;
#1436 = CARTESIAN_POINT ( 'NONE',  ( -5.297623957880873036, 14.94211029276216607, 29.47731803654759020 ) ) ;
#1437 = CARTESIAN_POINT ( 'NONE',  ( -5.297623957880873036, 13.65028351700471454, 30.65786180169825315 ) ) ;
#1438 = PRESENTATION_STYLE_ASSIGNMENT (( #195 ) ) ;
#1439 = ORIENTED_EDGE ( 'NONE', *, *, #1572, .F. ) ;
#1440 = PRESENTATION_STYLE_ASSIGNMENT (( #1321 ) ) ;
#1441 = LINE ( 'NONE', #1586, #811 ) ;
#1442 = ORIENTED_EDGE ( 'NONE', *, *, #1126, .T. ) ;
#1443 = ADVANCED_FACE ( 'NONE', ( #1347 ), #454, .T. ) ;
#1444 = FACE_OUTER_BOUND ( 'NONE', #132, .T. ) ;
#1445 = EDGE_CURVE ( 'NONE', #1214, #9, #1014, .T. ) ;
#1446 = FILL_AREA_STYLE ('',( #1323 ) ) ;
#1447 = PRESENTATION_LAYER_ASSIGNMENT (  '', '', ( #1631 ) ) ;
#1448 = COLOUR_RGB ( '',0.000000000000000000, 1.000000000000000000, 1.000000000000000000 ) ;
#1449 =( GEOMETRIC_REPRESENTATION_CONTEXT ( 3 ) GLOBAL_UNCERTAINTY_ASSIGNED_CONTEXT ( ( #214 ) ) GLOBAL_UNIT_ASSIGNED_CONTEXT ( ( #567, #302, #186 ) ) REPRESENTATION_CONTEXT ( 'NONE', 'WORKASPACE' ) );
#1450 = FILL_AREA_STYLE ('',( #1465 ) ) ;
#1451 = VECTOR ( 'NONE', #1127, 1000.000000000000000 ) ;
#1452 = VERTEX_POINT ( 'NONE', #1485 ) ;
#1453 = EDGE_CURVE ( 'NONE', #845, #270, #752, .T. ) ;
#1454 = UNCERTAINTY_MEASURE_WITH_UNIT (LENGTH_MEASURE( 1.000000000000000082E-05 ), #1345, 'distance_accuracy_value', 'NONE');
#1455 = DIRECTION ( 'NONE',  ( -1.000000000000000000, 0.000000000000000000, 8.805702923740138355E-17 ) ) ;
#1456 = LINE ( 'NONE', #1208, #913 ) ;
#1457 = SURFACE_STYLE_FILL_AREA ( #1184 ) ;
#1458 = VERTEX_POINT ( 'NONE', #1257 ) ;
#1459 = VERTEX_POINT ( 'NONE', #243 ) ;
#1460 = DIRECTION ( 'NONE',  ( -1.000000000000000000, -0.000000000000000000, 8.805702923740137122E-17 ) ) ;
#1461 = ADVANCED_FACE ( 'NONE', ( #1268, #372 ), #1244, .T. ) ;
#1462 = CARTESIAN_POINT ( 'NONE',  ( -1.797623957880875256, 19.19211029276216607, 15.79225867182921306 ) ) ;
#1463 = CARTESIAN_POINT ( 'NONE',  ( 2.202376042119124744, 14.94211029276216607, 11.79225867182921661 ) ) ;
#1464 = DIRECTION ( 'NONE',  ( 0.000000000000000000, 0.000000000000000000, 1.000000000000000000 ) ) ;
#1465 = FILL_AREA_STYLE_COLOUR ( '', #991 ) ;
#1466 = EDGE_CURVE ( 'NONE', #356, #9, #1477, .T. ) ;
#1467 = ORIENTED_EDGE ( 'NONE', *, *, #952, .T. ) ;
#1468 = ORIENTED_EDGE ( 'NONE', *, *, #420, .T. ) ;
#1469 = SURFACE_SIDE_STYLE ('',( #110 ) ) ;
#1470 = UNCERTAINTY_MEASURE_WITH_UNIT (LENGTH_MEASURE( 1.000000000000000082E-05 ), #511, 'distance_accuracy_value', 'NONE');
#1471 = ADVANCED_FACE ( 'NONE', ( #121 ), #1142, .T. ) ;
#1472 = STYLED_ITEM ( 'NONE', ( #271 ), #304 ) ;
#1473 = DIRECTION ( 'NONE',  ( -1.000000000000000000, -0.000000000000000000, 8.805702923740137122E-17 ) ) ;
#1474 = ORIENTED_EDGE ( 'NONE', *, *, #775, .T. ) ;
#1475 = AXIS2_PLACEMENT_3D ( 'NONE', #322, #839, #1216 ) ;
#1476 = APPLICATION_CONTEXT ( 'automotive_design' ) ;
#1477 = CIRCLE ( 'NONE', #781, 4.250000000000000000 ) ;
#1478 = ORIENTED_EDGE ( 'NONE', *, *, #960, .T. ) ;
#1479 = MECHANICAL_DESIGN_GEOMETRIC_PRESENTATION_REPRESENTATION (  '', ( #135 ), #1093 ) ;
#1480 = AXIS2_PLACEMENT_3D ( 'NONE', #961, #1188, #826 ) ;
#1481 = DIRECTION ( 'NONE',  ( 0.000000000000000000, -0.7381867290042597451, 0.6745964372289491306 ) ) ;
#1482 = CIRCLE ( 'NONE', #1273, 1.000000000000000888 ) ;
#1483 = SURFACE_STYLE_FILL_AREA ( #473 ) ;
#1484 = DIRECTION ( 'NONE',  ( -1.000000000000000000, 4.098378921656037895E-28, 8.805702923812619881E-17 ) ) ;
#1485 = CARTESIAN_POINT ( 'NONE',  ( -1.797623957880873480, 19.19211029276216607, 33.49225867182921235 ) ) ;
#1486 = ORIENTED_EDGE ( 'NONE', *, *, #221, .T. ) ;
#1487 = PRESENTATION_STYLE_ASSIGNMENT (( #872 ) ) ;
#1488 = ORIENTED_EDGE ( 'NONE', *, *, #416, .T. ) ;
#1489 = CARTESIAN_POINT ( 'NONE',  ( -1.797623957880875256, 19.19211029276216607, 13.79225867182921661 ) ) ;
#1490 =( NAMED_UNIT ( * ) PLANE_ANGLE_UNIT ( ) SI_UNIT ( $, .RADIAN. ) );
#1491 = UNCERTAINTY_MEASURE_WITH_UNIT (LENGTH_MEASURE( 1.000000000000000082E-05 ), #1425, 'distance_accuracy_value', 'NONE');
#1492 =( LENGTH_UNIT ( ) NAMED_UNIT ( * ) SI_UNIT ( .MILLI., .METRE. ) );
#1493 = DIRECTION ( 'NONE',  ( -1.000000000000000000, 4.098384217963384960E-28, 8.805702923812621113E-17 ) ) ;
#1494 = EDGE_LOOP ( 'NONE', ( #1265, #1143 ) ) ;
#1495 = SURFACE_STYLE_USAGE ( .BOTH. , #1623 ) ;
#1496 = EDGE_LOOP ( 'NONE', ( #867, #1348, #918, #1226 ) ) ;
#1497 = LINE ( 'NONE', #111, #1091 ) ;
#1498 = DIRECTION ( 'NONE',  ( 0.000000000000000000, 0.000000000000000000, 1.000000000000000000 ) ) ;
#1499 = ORIENTED_EDGE ( 'NONE', *, *, #1418, .F. ) ;
#1500 = SURFACE_STYLE_FILL_AREA ( #1015 ) ;
#1501 = AXIS2_PLACEMENT_3D ( 'NONE', #38, #1521, #1156 ) ;
#1502 = ORIENTED_EDGE ( 'NONE', *, *, #554, .F. ) ;
#1503 = PRESENTATION_LAYER_ASSIGNMENT (  '', '', ( #1402 ) ) ;
#1504 = DIRECTION ( 'NONE',  ( 0.000000000000000000, 0.000000000000000000, 1.000000000000000000 ) ) ;
#1505 = PRODUCT_DEFINITION_FORMATION_WITH_SPECIFIED_SOURCE ( 'Symmetric', '', #1305, .NOT_KNOWN. ) ;
#1506 = PRESENTATION_STYLE_ASSIGNMENT (( #1611 ) ) ;
#1507 = COLOUR_RGB ( '',0.000000000000000000, 1.000000000000000000, 1.000000000000000000 ) ;
#1508 = AXIS2_PLACEMENT_3D ( 'NONE', #1053, #386, #903 ) ;
#1509 = FILL_AREA_STYLE_COLOUR ( '', #1074 ) ;
#1510 = SURFACE_STYLE_FILL_AREA ( #897 ) ;
#1511 = DIRECTION ( 'NONE',  ( 1.000000000000000000, -4.098384217963384960E-28, -8.805702923812621113E-17 ) ) ;
#1512 = ORIENTED_EDGE ( 'NONE', *, *, #1353, .F. ) ;
#1513 = LINE ( 'NONE', #1520, #1197 ) ;
#1514 = DIRECTION ( 'NONE',  ( -1.000000000000000000, 0.000000000000000000, 8.805702923740138355E-17 ) ) ;
#1515 = CARTESIAN_POINT ( 'NONE',  ( 2.202376042119124744, 19.19211029276216607, 13.79225867182921661 ) ) ;
#1516 = DIRECTION ( 'NONE',  ( 0.000000000000000000, 0.7381867290042597451, -0.6745964372289491306 ) ) ;
#1517 = ADVANCED_FACE ( 'NONE', ( #492 ), #232, .F. ) ;
#1518 = CARTESIAN_POINT ( 'NONE',  ( 0.000000000000000000, 0.000000000000000000, 35.49225867182921945 ) ) ;
#1519 = ORIENTED_EDGE ( 'NONE', *, *, #141, .T. ) ;
#1520 = CARTESIAN_POINT ( 'NONE',  ( 18.20237604211912696, 19.19211029276216607, 33.49225867182921235 ) ) ;
#1521 = DIRECTION ( 'NONE',  ( -1.000000000000000000, 0.000000000000000000, 8.805702923740138355E-17 ) ) ;
#1522 =( LENGTH_UNIT ( ) NAMED_UNIT ( * ) SI_UNIT ( .MILLI., .METRE. ) );
#1523 =( LENGTH_UNIT ( ) NAMED_UNIT ( * ) SI_UNIT ( .MILLI., .METRE. ) );
#1524 = DIRECTION ( 'NONE',  ( 0.000000000000000000, -1.000000000000000000, 0.000000000000000000 ) ) ;
#1525 = EDGE_CURVE ( 'NONE', #544, #534, #1546, .T. ) ;
#1526 = DIRECTION ( 'NONE',  ( -1.000000000000000000, 0.000000000000000000, 8.805702923740138355E-17 ) ) ;
#1527 = VERTEX_POINT ( 'NONE', #814 ) ;
#1528 = MECHANICAL_DESIGN_GEOMETRIC_PRESENTATION_REPRESENTATION (  '', ( #1601 ), #693 ) ;
#1529 = VECTOR ( 'NONE', #411, 1000.000000000000000 ) ;
#1530 = LINE ( 'NONE', #264, #561 ) ;
#1531 = VECTOR ( 'NONE', #584, 1000.000000000000000 ) ;
#1532 = CARTESIAN_POINT ( 'NONE',  ( -7.997623957880875878, 14.94211029276216607, 31.37731803654759233 ) ) ;
#1533 = PRESENTATION_LAYER_ASSIGNMENT (  '', '', ( #1432 ) ) ;
#1534 = EDGE_LOOP ( 'NONE', ( #958, #1552, #36, #469 ) ) ;
#1535 = AXIS2_PLACEMENT_3D ( 'NONE', #589, #1587, #820 ) ;
#1536 = PRESENTATION_LAYER_ASSIGNMENT (  '', '', ( #620 ) ) ;
#1537 = FILL_AREA_STYLE ('',( #147 ) ) ;
#1538 = PRESENTATION_STYLE_ASSIGNMENT (( #1189 ) ) ;
#1539 = SURFACE_SIDE_STYLE ('',( #1048 ) ) ;
#1540 = ORIENTED_EDGE ( 'NONE', *, *, #931, .F. ) ;
#1541 = PLANE ( 'NONE',  #1047 ) ;
#1542 = DIRECTION ( 'NONE',  ( 8.673617379884035472E-17, 0.000000000000000000, 1.000000000000000000 ) ) ;
#1543 = CARTESIAN_POINT ( 'NONE',  ( 3.002376042119125010, 14.94211029276216607, 11.79225867182921661 ) ) ;
#1544 = DIRECTION ( 'NONE',  ( -1.000000000000000000, 0.000000000000000000, 8.805702923740138355E-17 ) ) ;
#1545 = SURFACE_SIDE_STYLE ('',( #267 ) ) ;
#1546 = LINE ( 'NONE', #15, #619 ) ;
#1547 = CARTESIAN_POINT ( 'NONE',  ( -5.297623957880874812, 14.94211029276216607, 33.49225867182921235 ) ) ;
#1548 = ORIENTED_EDGE ( 'NONE', *, *, #403, .F. ) ;
#1549 = DIRECTION ( 'NONE',  ( 1.000000000000000000, -4.098384217963384960E-28, -8.805702923812621113E-17 ) ) ;
#1550 = DIRECTION ( 'NONE',  ( -1.000000000000000000, 0.000000000000000000, 8.805702923740138355E-17 ) ) ;
#1551 = DIRECTION ( 'NONE',  ( 1.000000000000000000, 0.000000000000000000, -0.000000000000000000 ) ) ;
#1552 = ORIENTED_EDGE ( 'NONE', *, *, #1192, .T. ) ;
#1553 = LINE ( 'NONE', #1222, #1225 ) ;
#1554 = CIRCLE ( 'NONE', #1395, 1.000000000000000888 ) ;
#1555 = CARTESIAN_POINT ( 'NONE',  ( 11.00237604211912767, 16.54211029276216749, 35.49225867182921945 ) ) ;
#1556 = VECTOR ( 'NONE', #359, 1000.000000000000000 ) ;
#1557 = ORIENTED_EDGE ( 'NONE', *, *, #653, .F. ) ;
#1558 = STYLED_ITEM ( 'NONE', ( #33 ), #702 ) ;
#1559 = FACE_OUTER_BOUND ( 'NONE', #153, .T. ) ;
#1560 = VECTOR ( 'NONE', #262, 1000.000000000000000 ) ;
#1561 = EDGE_LOOP ( 'NONE', ( #738, #286, #1486, #1393 ) ) ;
#1562 = PRESENTATION_STYLE_ASSIGNMENT (( #417 ) ) ;
#1563 = FACE_OUTER_BOUND ( 'NONE', #871, .T. ) ;
#1564 = CARTESIAN_POINT ( 'NONE',  ( 3.002376042119126787, 14.94211029276216607, 33.49225867182921235 ) ) ;
#1565 = SURFACE_STYLE_FILL_AREA ( #957 ) ;
#1566 = EDGE_LOOP ( 'NONE', ( #1512, #773, #311, #437 ) ) ;
#1567 = EDGE_CURVE ( 'NONE', #444, #1101, #268, .T. ) ;
#1568 = EDGE_CURVE ( 'NONE', #544, #981, #1203, .T. ) ;
#1569 = FILL_AREA_STYLE ('',( #682 ) ) ;
#1570 = UNCERTAINTY_MEASURE_WITH_UNIT (LENGTH_MEASURE( 1.000000000000000082E-05 ), #1210, 'distance_accuracy_value', 'NONE');
#1571 = ORIENTED_EDGE ( 'NONE', *, *, #1624, .F. ) ;
#1572 = EDGE_CURVE ( 'NONE', #1371, #482, #1311, .T. ) ;
#1573 = SURFACE_STYLE_FILL_AREA ( #1206 ) ;
#1574 = DIRECTION ( 'NONE',  ( -1.000000000000000000, 0.000000000000000000, -0.000000000000000000 ) ) ;
#1575 = CIRCLE ( 'NONE', #1501, 1.000000000000000888 ) ;
#1576 = LINE ( 'NONE', #971, #162 ) ;
#1577 = MECHANICAL_DESIGN_GEOMETRIC_PRESENTATION_REPRESENTATION (  '', ( #1374 ), #1449 ) ;
#1578 = CARTESIAN_POINT ( 'NONE',  ( 3.002376042119126787, 14.94211029276216607, 34.49225867182921235 ) ) ;
#1579 = CYLINDRICAL_SURFACE ( 'NONE', #447, 1.000000000000000888 ) ;
#1580 = PRESENTATION_LAYER_ASSIGNMENT (  '', '', ( #1558 ) ) ;
#1581 = EDGE_LOOP ( 'NONE', ( #1238, #601, #786, #173 ) ) ;
#1582 = AXIS2_PLACEMENT_3D ( 'NONE', #1543, #929, #1178 ) ;
#1583 = ORIENTED_EDGE ( 'NONE', *, *, #1360, .T. ) ;
#1584 = LINE ( 'NONE', #1343, #1249 ) ;
#1585 = DIRECTION ( 'NONE',  ( -1.000000000000000000, 0.000000000000000000, 8.805702923740138355E-17 ) ) ;
#1586 = CARTESIAN_POINT ( 'NONE',  ( 18.20237604211912696, 10.69211029276216607, 13.79225867182921661 ) ) ;
#1587 = DIRECTION ( 'NONE',  ( -1.000000000000000000, 0.000000000000000000, 8.673617379884035472E-17 ) ) ;
#1588 = DIRECTION ( 'NONE',  ( -1.000000000000000000, 0.000000000000000000, 8.673617379884035472E-17 ) ) ;
#1589 = CARTESIAN_POINT ( 'NONE',  ( -1.797623957880873480, 19.19211029276216607, 33.49225867182921235 ) ) ;
#1590 = ORIENTED_EDGE ( 'NONE', *, *, #879, .T. ) ;
#1591 = ORIENTED_EDGE ( 'NONE', *, *, #960, .F. ) ;
#1592 = CARTESIAN_POINT ( 'NONE',  ( -5.297623957880873036, 14.94211029276216607, 29.47731803654759020 ) ) ;
#1593 = CARTESIAN_POINT ( 'NONE',  ( 2.202376042119124744, 14.94211029276216607, 12.79225867182921839 ) ) ;
#1594 = ADVANCED_FACE ( 'NONE', ( #559 ), #140, .F. ) ;
#1595 = SURFACE_STYLE_USAGE ( .BOTH. , #1331 ) ;
#1596 = FACE_OUTER_BOUND ( 'NONE', #982, .T. ) ;
#1597 = ORIENTED_EDGE ( 'NONE', *, *, #898, .F. ) ;
#1598 = ORIENTED_EDGE ( 'NONE', *, *, #1126, .F. ) ;
#1599 = UNCERTAINTY_MEASURE_WITH_UNIT (LENGTH_MEASURE( 1.000000000000000082E-05 ), #1523, 'distance_accuracy_value', 'NONE');
#1600 = PLANE ( 'NONE',  #698 ) ;
#1601 = STYLED_ITEM ( 'NONE', ( #300 ), #122 ) ;
#1602 = PRESENTATION_LAYER_ASSIGNMENT (  '', '', ( #230 ) ) ;
#1603 = DIRECTION ( 'NONE',  ( 0.000000000000000000, -0.000000000000000000, 1.000000000000000000 ) ) ;
#1604 = ORIENTED_EDGE ( 'NONE', *, *, #1030, .F. ) ;
#1605 = CIRCLE ( 'NONE', #395, 1.749999999999999556 ) ;
#1606 = AXIS2_PLACEMENT_3D ( 'NONE', #332, #79, #1334 ) ;
#1607 = PLANE ( 'NONE',  #374 ) ;
#1608 = AXIS2_PLACEMENT_3D ( 'NONE', #413, #803, #798 ) ;
#1609 = ORIENTED_EDGE ( 'NONE', *, *, #659, .T. ) ;
#1610 = MECHANICAL_DESIGN_GEOMETRIC_PRESENTATION_REPRESENTATION (  '', ( #506 ), #109 ) ;
#1611 = SURFACE_STYLE_USAGE ( .BOTH. , #1019 ) ;
#1612 = ADVANCED_FACE ( 'NONE', ( #679 ), #933, .F. ) ;
#1613 = DIRECTION ( 'NONE',  ( -1.000000000000000000, 0.000000000000000000, 8.673617379884035472E-17 ) ) ;
#1614 = ORIENTED_EDGE ( 'NONE', *, *, #400, .F. ) ;
#1615 = CYLINDRICAL_SURFACE ( 'NONE', #75, 4.014940635281623926 ) ;
#1616 = EDGE_LOOP ( 'NONE', ( #853, #365, #1439, #1359 ) ) ;
#1617 = EDGE_CURVE ( 'NONE', #981, #1118, #1576, .T. ) ;
#1618 = EDGE_CURVE ( 'NONE', #327, #881, #1376, .T. ) ;
#1619 = UNCERTAINTY_MEASURE_WITH_UNIT (LENGTH_MEASURE( 1.000000000000000082E-05 ), #603, 'distance_accuracy_value', 'NONE');
#1620 = SURFACE_SIDE_STYLE ('',( #1111 ) ) ;
#1621 =( NAMED_UNIT ( * ) PLANE_ANGLE_UNIT ( ) SI_UNIT ( $, .RADIAN. ) );
#1622 = LINE ( 'NONE', #412, #777 ) ;
#1623 = SURFACE_SIDE_STYLE ('',( #1008 ) ) ;
#1624 = EDGE_CURVE ( 'NONE', #1118, #534, #835, .T. ) ;
#1625 = ORIENTED_EDGE ( 'NONE', *, *, #651, .T. ) ;
#1626 =( NAMED_UNIT ( * ) SI_UNIT ( $, .STERADIAN. ) SOLID_ANGLE_UNIT ( ) );
#1627 = DIRECTION ( 'NONE',  ( -1.000000000000000000, 0.000000000000000000, 8.673617379884035472E-17 ) ) ;
#1628 = LINE ( 'NONE', #870, #1022 ) ;
#1629 = CLOSED_SHELL ( 'NONE', ( #273, #349, #357, #1409, #582, #1292, #1471, #887, #222, #133 ) ) ;
#1630 = SURFACE_SIDE_STYLE ('',( #1381 ) ) ;
#1631 = STYLED_ITEM ( 'NONE', ( #1506 ), #185 ) ;
#1632 = ORIENTED_EDGE ( 'NONE', *, *, #420, .F. ) ;
#1633 =( GEOMETRIC_REPRESENTATION_CONTEXT ( 3 ) GLOBAL_UNCERTAINTY_ASSIGNED_CONTEXT ( ( #841 ) ) GLOBAL_UNIT_ASSIGNED_CONTEXT ( ( #399, #1291, #159 ) ) REPRESENTATION_CONTEXT ( 'NONE', 'WORKASPACE' ) );
#1634 = PRESENTATION_LAYER_ASSIGNMENT (  '', '', ( #1227 ) ) ;
ENDSEC;
END-ISO-10303-21;
