ISO-10303-21;
HEADER;
FILE_DESCRIPTION (( 'STEP AP214' ),
    '1' );
FILE_NAME ('Servo holder.STEP',
    '2025-10-21T18:57:07',
    ( 'Windows User' ),
    ( '' ),
    'SwSTEP 2.0',
    'SolidWorks 2023',
    '' );
FILE_SCHEMA (( 'AUTOMOTIVE_DESIGN' ));
ENDSEC;

DATA;
#1 = FACE_OUTER_BOUND ( 'NONE', #274, .T. ) ;
#2 = ORIENTED_EDGE ( 'NONE', *, *, #234, .F. ) ;
#3 = VECTOR ( 'NONE', #1224, 1000.000000000000000 ) ;
#4 = AXIS2_PLACEMENT_3D ( 'NONE', #69, #1028, #447 ) ;
#5 = DIRECTION ( 'NONE',  ( -0.000000000000000000, -0.000000000000000000, 1.000000000000000000 ) ) ;
#6 = EDGE_CURVE ( 'NONE', #1018, #534, #1334, .T. ) ;
#7 = LINE ( 'NONE', #413, #1515 ) ;
#8 = CARTESIAN_POINT ( 'NONE',  ( 3.500000000000000000, 3.500000000000000000, -2.500000000000000000 ) ) ;
#9 = VERTEX_POINT ( 'NONE', #1002 ) ;
#10 = FACE_OUTER_BOUND ( 'NONE', #372, .T. ) ;
#11 = CARTESIAN_POINT ( 'NONE',  ( 30.50000000000000000, 3.500000000000000000, -2.500000000000003553 ) ) ;
#12 = CARTESIAN_POINT ( 'NONE',  ( 18.34999999999999787, 5.499999999999890754, -7.999999999999992895 ) ) ;
#13 = EDGE_CURVE ( 'NONE', #477, #841, #1236, .T. ) ;
#14 = CARTESIAN_POINT ( 'NONE',  ( 22.04999999999996163, 1.999999999999854783, -10.99999999999999289 ) ) ;
#15 = CARTESIAN_POINT ( 'NONE',  ( 16.84999999999995879, 1.999999999999890310, -9.299999999999993605 ) ) ;
#16 = ORIENTED_EDGE ( 'NONE', *, *, #449, .F. ) ;
#17 = CARTESIAN_POINT ( 'NONE',  ( 1.500000000000000222, 1.500000000000000000, 8.673617379884035472E-16 ) ) ;
#18 = CARTESIAN_POINT ( 'NONE',  ( 27.99999999999999645, 5.499999999999818812, -10.99999999999999112 ) ) ;
#19 = DIRECTION ( 'NONE',  ( 0.000000000000000000, 1.000000000000000000, 0.000000000000000000 ) ) ;
#20 = ORIENTED_EDGE ( 'NONE', *, *, #103, .F. ) ;
#21 = CARTESIAN_POINT ( 'NONE',  ( 7.199999999999964650, 1.999999999999963141, -9.299999999999993605 ) ) ;
#22 = EDGE_CURVE ( 'NONE', #1094, #868, #1501, .T. ) ;
#23 = CARTESIAN_POINT ( 'NONE',  ( 5.000000000000000000, 7.000000000000000000, 4.809701541812573154E-16 ) ) ;
#24 = ORIENTED_EDGE ( 'NONE', *, *, #1214, .F. ) ;
#25 = AXIS2_PLACEMENT_3D ( 'NONE', #915, #1401, #297 ) ;
#26 = FACE_OUTER_BOUND ( 'NONE', #1263, .T. ) ;
#27 = DIRECTION ( 'NONE',  ( -0.000000000000000000, -0.000000000000000000, 1.000000000000000000 ) ) ;
#28 = VECTOR ( 'NONE', #1258, 1000.000000000000000 ) ;
#29 = DIRECTION ( 'NONE',  ( -0.000000000000000000, -1.000000000000000000, -0.000000000000000000 ) ) ;
#30 = AXIS2_PLACEMENT_3D ( 'NONE', #675, #440, #1035 ) ;
#31 = ORIENTED_EDGE ( 'NONE', *, *, #678, .F. ) ;
#32 = CARTESIAN_POINT ( 'NONE',  ( 2.000000000000000888, 5.500000000000000000, -7.999999999999992895 ) ) ;
#33 = FACE_OUTER_BOUND ( 'NONE', #111, .T. ) ;
#34 = EDGE_LOOP ( 'NONE', ( #717, #1503, #349, #1543 ) ) ;
#35 =( NAMED_UNIT ( * ) SI_UNIT ( $, .STERADIAN. ) SOLID_ANGLE_UNIT ( ) );
#36 = ORIENTED_EDGE ( 'NONE', *, *, #1210, .T. ) ;
#37 = CARTESIAN_POINT ( 'NONE',  ( 30.50000000000000000, 3.500000000000000000, -2.500000000000003553 ) ) ;
#38 = ORIENTED_EDGE ( 'NONE', *, *, #410, .T. ) ;
#39 = DIRECTION ( 'NONE',  ( -1.000000000000000000, 0.000000000000000000, 0.000000000000000000 ) ) ;
#40 = DIRECTION ( 'NONE',  ( 1.137523590804463822E-16, 0.000000000000000000, -1.000000000000000000 ) ) ;
#41 = ORIENTED_EDGE ( 'NONE', *, *, #1020, .T. ) ;
#42 = ADVANCED_FACE ( 'NONE', ( #532 ), #1354, .F. ) ;
#43 = DIRECTION ( 'NONE',  ( -1.000000000000000000, 0.000000000000000000, 0.000000000000000000 ) ) ;
#44 = ORIENTED_EDGE ( 'NONE', *, *, #876, .T. ) ;
#45 = LINE ( 'NONE', #1518, #648 ) ;
#46 = DIRECTION ( 'NONE',  ( -0.000000000000000000, -0.000000000000000000, -1.000000000000000000 ) ) ;
#47 = VERTEX_POINT ( 'NONE', #11 ) ;
#48 = VECTOR ( 'NONE', #509, 1000.000000000000000 ) ;
#49 = DIRECTION ( 'NONE',  ( 1.137523590804463822E-16, -0.000000000000000000, -1.000000000000000000 ) ) ;
#50 = ORIENTED_EDGE ( 'NONE', *, *, #1275, .F. ) ;
#51 = VECTOR ( 'NONE', #1406, 1000.000000000000000 ) ;
#52 = VECTOR ( 'NONE', #1248, 1000.000000000000000 ) ;
#53 = LINE ( 'NONE', #693, #199 ) ;
#54 = EDGE_CURVE ( 'NONE', #1514, #631, #625, .T. ) ;
#55 = VECTOR ( 'NONE', #504, 1000.000000000000000 ) ;
#56 = ADVANCED_FACE ( 'NONE', ( #1483 ), #265, .F. ) ;
#57 = PLANE ( 'NONE',  #984 ) ;
#58 = VERTEX_POINT ( 'NONE', #212 ) ;
#59 = FACE_OUTER_BOUND ( 'NONE', #1135, .T. ) ;
#60 = ORIENTED_EDGE ( 'NONE', *, *, #1073, .F. ) ;
#61 = DIRECTION ( 'NONE',  ( 0.000000000000000000, 0.000000000000000000, -1.000000000000000000 ) ) ;
#62 = EDGE_CURVE ( 'NONE', #1049, #643, #127, .T. ) ;
#63 = CARTESIAN_POINT ( 'NONE',  ( 3.500000000000001332, 0.000000000000000000, -10.99999999999999467 ) ) ;
#64 = EDGE_LOOP ( 'NONE', ( #272, #107 ) ) ;
#65 = CARTESIAN_POINT ( 'NONE',  ( 27.24999999999993250, 4.500000000000000888, -5.750000000000139444 ) ) ;
#66 = ORIENTED_EDGE ( 'NONE', *, *, #698, .F. ) ;
#67 = FACE_BOUND ( 'NONE', #321, .T. ) ;
#68 = DIRECTION ( 'NONE',  ( -1.000000000000000000, 0.000000000000000000, -1.137523590804463822E-16 ) ) ;
#69 = CARTESIAN_POINT ( 'NONE',  ( 17.59999999999999787, 5.499999999999890754, -9.299999999999993605 ) ) ;
#70 = EDGE_CURVE ( 'NONE', #1130, #1411, #613, .T. ) ;
#71 = VERTEX_POINT ( 'NONE', #621 ) ;
#72 = VECTOR ( 'NONE', #589, 1000.000000000000000 ) ;
#73 = DIRECTION ( 'NONE',  ( 1.137523590804463822E-16, -0.000000000000000000, -1.000000000000000000 ) ) ;
#74 = ORIENTED_EDGE ( 'NONE', *, *, #168, .T. ) ;
#75 = VECTOR ( 'NONE', #92, 1000.000000000000000 ) ;
#76 = DIRECTION ( 'NONE',  ( 0.000000000000000000, -1.000000000000000000, 0.000000000000000000 ) ) ;
#77 = CIRCLE ( 'NONE', #545, 1.000000000000001776 ) ;
#78 = AXIS2_PLACEMENT_3D ( 'NONE', #767, #516, #1126 ) ;
#79 = FACE_OUTER_BOUND ( 'NONE', #916, .T. ) ;
#80 = CARTESIAN_POINT ( 'NONE',  ( 0.000000000000000000, 3.500000000000000000, -2.500000000000000444 ) ) ;
#81 = AXIS2_PLACEMENT_3D ( 'NONE', #979, #198, #951 ) ;
#82 = ORIENTED_EDGE ( 'NONE', *, *, #694, .T. ) ;
#83 = AXIS2_PLACEMENT_3D ( 'NONE', #893, #1137, #1122 ) ;
#84 = FACE_OUTER_BOUND ( 'NONE', #581, .T. ) ;
#85 = ORIENTED_EDGE ( 'NONE', *, *, #1084, .T. ) ;
#86 = CARTESIAN_POINT ( 'NONE',  ( 22.80000000000000071, 5.499999999999855227, -7.999999999999992895 ) ) ;
#87 = ORIENTED_EDGE ( 'NONE', *, *, #708, .F. ) ;
#88 = DIRECTION ( 'NONE',  ( -1.000000000000000000, 0.000000000000000000, 0.000000000000000000 ) ) ;
#89 = EDGE_CURVE ( 'NONE', #866, #1530, #346, .T. ) ;
#90 = EDGE_LOOP ( 'NONE', ( #1581, #1508, #214, #87 ) ) ;
#91 =( NAMED_UNIT ( * ) PLANE_ANGLE_UNIT ( ) SI_UNIT ( $, .RADIAN. ) );
#92 = DIRECTION ( 'NONE',  ( -1.000000000000000000, -0.000000000000000000, -1.137523590804463822E-16 ) ) ;
#93 = ORIENTED_EDGE ( 'NONE', *, *, #798, .T. ) ;
#94 = DIRECTION ( 'NONE',  ( 1.137523590804463822E-16, 0.000000000000000000, -1.000000000000000000 ) ) ;
#95 = PLANE ( 'NONE',  #910 ) ;
#96 = ORIENTED_EDGE ( 'NONE', *, *, #131, .T. ) ;
#97 = CARTESIAN_POINT ( 'NONE',  ( 22.79999999999996163, 1.999999999999854783, -10.99999999999999289 ) ) ;
#98 = VECTOR ( 'NONE', #1487, 1000.000000000000000 ) ;
#99 = CARTESIAN_POINT ( 'NONE',  ( 11.64999999999996483, 1.999999999999926725, -10.99999999999999289 ) ) ;
#100 = ADVANCED_FACE ( 'NONE', ( #1120 ), #1234, .F. ) ;
#101 = ORIENTED_EDGE ( 'NONE', *, *, #755, .F. ) ;
#102 = VECTOR ( 'NONE', #136, 1000.000000000000000 ) ;
#103 = EDGE_CURVE ( 'NONE', #120, #1227, #112, .T. ) ;
#104 = DIRECTION ( 'NONE',  ( -1.000000000000000000, 0.000000000000000000, 0.000000000000000000 ) ) ;
#105 = VECTOR ( 'NONE', #533, 1000.000000000000000 ) ;
#106 = FACE_BOUND ( 'NONE', #64, .T. ) ;
#107 = ORIENTED_EDGE ( 'NONE', *, *, #530, .F. ) ;
#108 = DIRECTION ( 'NONE',  ( -0.000000000000000000, -0.000000000000000000, 1.000000000000000000 ) ) ;
#109 = ADVANCED_FACE ( 'NONE', ( #601 ), #1465, .F. ) ;
#110 = CARTESIAN_POINT ( 'NONE',  ( 0.5000000000000000000, 1.500000000000000000, 7.500000000000027534 ) ) ;
#111 = EDGE_LOOP ( 'NONE', ( #1310, #903, #1526, #875 ) ) ;
#112 = LINE ( 'NONE', #1442, #250 ) ;
#113 = CARTESIAN_POINT ( 'NONE',  ( 13.14999999999996483, 1.999999999999926725, -9.299999999999993605 ) ) ;
#114 = ORIENTED_EDGE ( 'NONE', *, *, #1084, .F. ) ;
#115 = CARTESIAN_POINT ( 'NONE',  ( 3.549999999999934985, 7.000000000000000000, -5.750000000000220268 ) ) ;
#116 = DIRECTION ( 'NONE',  ( 1.137523590804463822E-16, -0.000000000000000000, -1.000000000000000000 ) ) ;
#117 = EDGE_LOOP ( 'NONE', ( #173, #733, #1128, #1007 ) ) ;
#118 = EDGE_CURVE ( 'NONE', #1239, #831, #567, .T. ) ;
#119 = DIRECTION ( 'NONE',  ( 1.137523590804463822E-16, -0.000000000000000000, -1.000000000000000000 ) ) ;
#120 = VERTEX_POINT ( 'NONE', #607 ) ;
#121 = CYLINDRICAL_SURFACE ( 'NONE', #259, 0.7500000000000006661 ) ;
#122 = EDGE_CURVE ( 'NONE', #1009, #1578, #1464, .T. ) ;
#123 = VERTEX_POINT ( 'NONE', #1582 ) ;
#124 = CARTESIAN_POINT ( 'NONE',  ( 0.000000000000000000, 3.500000000000000000, -2.500000000000000444 ) ) ;
#125 = CARTESIAN_POINT ( 'NONE',  ( 6.450000000000001066, 5.499999999999963585, -10.99999999999999467 ) ) ;
#126 = CIRCLE ( 'NONE', #1512, 0.7500000000000006661 ) ;
#127 = LINE ( 'NONE', #714, #1589 ) ;
#128 = CIRCLE ( 'NONE', #1592, 0.7499999999999997780 ) ;
#129 = ORIENTED_EDGE ( 'NONE', *, *, #747, .T. ) ;
#130 = VECTOR ( 'NONE', #5, 1000.000000000000000 ) ;
#131 = EDGE_CURVE ( 'NONE', #477, #71, #731, .T. ) ;
#132 = CARTESIAN_POINT ( 'NONE',  ( 3.549999999999934985, 4.500000000000000888, -4.750000000000219380 ) ) ;
#133 = ORIENTED_EDGE ( 'NONE', *, *, #1056, .T. ) ;
#134 = VECTOR ( 'NONE', #947, 1000.000000000000000 ) ;
#135 = DIRECTION ( 'NONE',  ( 0.000000000000000000, 0.000000000000000000, -1.000000000000000000 ) ) ;
#136 = DIRECTION ( 'NONE',  ( 1.000000000000000000, -0.000000000000000000, 1.137523590804463822E-16 ) ) ;
#137 = CARTESIAN_POINT ( 'NONE',  ( 7.949999999999963762, 1.999999999999963141, -10.99999999999999467 ) ) ;
#138 = EDGE_LOOP ( 'NONE', ( #191, #1293, #720, #1121 ) ) ;
#139 = CARTESIAN_POINT ( 'NONE',  ( 27.24999999999993250, 7.000000000000000000, -5.750000000000139444 ) ) ;
#140 = DIRECTION ( 'NONE',  ( -1.000000000000000000, 0.000000000000000000, 0.000000000000000000 ) ) ;
#141 = CARTESIAN_POINT ( 'NONE',  ( 27.00000000000000000, 3.500000000000000000, -2.500000000000000000 ) ) ;
#142 = EDGE_CURVE ( 'NONE', #1490, #1434, #279, .T. ) ;
#143 = DIRECTION ( 'NONE',  ( -0.000000000000000000, 1.000000000000000000, -0.000000000000000000 ) ) ;
#144 = CARTESIAN_POINT ( 'NONE',  ( 7.200000000000001066, 5.499999999999963585, -7.999999999999992895 ) ) ;
#145 = ORIENTED_EDGE ( 'NONE', *, *, #325, .F. ) ;
#146 = CARTESIAN_POINT ( 'NONE',  ( 3.549999999999934985, 4.500000000000000888, -4.750000000000219380 ) ) ;
#147 = ORIENTED_EDGE ( 'NONE', *, *, #635, .T. ) ;
#148 = DIRECTION ( 'NONE',  ( -1.927470528863120281E-16, -0.000000000000000000, -1.000000000000000000 ) ) ;
#149 = VERTEX_POINT ( 'NONE', #353 ) ;
#150 = CARTESIAN_POINT ( 'NONE',  ( 3.549999999999934985, 4.500000000000000888, -3.750000000000218492 ) ) ;
#151 = EDGE_CURVE ( 'NONE', #515, #488, #494, .T. ) ;
#152 = DIRECTION ( 'NONE',  ( 1.137523590804463822E-16, -0.000000000000000000, -1.000000000000000000 ) ) ;
#153 = VECTOR ( 'NONE', #556, 1000.000000000000000 ) ;
#154 = ORIENTED_EDGE ( 'NONE', *, *, #1251, .T. ) ;
#155 = CIRCLE ( 'NONE', #879, 0.7500000000000006661 ) ;
#156 = CARTESIAN_POINT ( 'NONE',  ( 27.00000000000000000, 0.000000000000000000, -2.500000000000000000 ) ) ;
#157 = AXIS2_PLACEMENT_3D ( 'NONE', #691, #1513, #294 ) ;
#158 = ORIENTED_EDGE ( 'NONE', *, *, #735, .F. ) ;
#159 = COLOUR_RGB ( '',0.5019607843137254832, 0.5019607843137254832, 0.5019607843137254832 ) ;
#160 = DIRECTION ( 'NONE',  ( 0.000000000000000000, -1.000000000000000000, 0.000000000000000000 ) ) ;
#161 = DIRECTION ( 'NONE',  ( -1.000000000000000000, 0.000000000000000000, 0.000000000000000000 ) ) ;
#162 = ORIENTED_EDGE ( 'NONE', *, *, #1486, .T. ) ;
#163 = CARTESIAN_POINT ( 'NONE',  ( 12.39999999999996483, 1.999999999999926725, -7.999999999999992895 ) ) ;
#164 = ORIENTED_EDGE ( 'NONE', *, *, #833, .T. ) ;
#165 = DIRECTION ( 'NONE',  ( -0.000000000000000000, -0.000000000000000000, 1.000000000000000000 ) ) ;
#166 = DIRECTION ( 'NONE',  ( -1.000000000000000000, 0.000000000000000000, 0.000000000000000000 ) ) ;
#167 = ORIENTED_EDGE ( 'NONE', *, *, #391, .F. ) ;
#168 = EDGE_CURVE ( 'NONE', #754, #438, #832, .T. ) ;
#169 = PLANE ( 'NONE',  #674 ) ;
#170 = EDGE_LOOP ( 'NONE', ( #797, #101, #1083, #263 ) ) ;
#171 = CYLINDRICAL_SURFACE ( 'NONE', #906, 1.000000000000000888 ) ;
#172 = DIRECTION ( 'NONE',  ( -1.927470528863120281E-16, -0.000000000000000000, -1.000000000000000000 ) ) ;
#173 = ORIENTED_EDGE ( 'NONE', *, *, #1183, .F. ) ;
#174 = EDGE_CURVE ( 'NONE', #474, #1176, #966, .T. ) ;
#175 = AXIS2_PLACEMENT_3D ( 'NONE', #630, #1134, #1127 ) ;
#176 = LINE ( 'NONE', #784, #443 ) ;
#177 = ORIENTED_EDGE ( 'NONE', *, *, #1251, .F. ) ;
#178 = AXIS2_PLACEMENT_3D ( 'NONE', #21, #1233, #1485 ) ;
#179 = AXIS2_PLACEMENT_3D ( 'NONE', #1058, #1522, #428 ) ;
#180 = DIRECTION ( 'NONE',  ( -0.000000000000000000, -0.000000000000000000, 1.000000000000000000 ) ) ;
#181 = AXIS2_PLACEMENT_3D ( 'NONE', #17, #487, #239 ) ;
#182 = ADVANCED_FACE ( 'NONE', ( #1344 ), #1095, .F. ) ;
#183 = PLANE ( 'NONE',  #1307 ) ;
#184 = ORIENTED_EDGE ( 'NONE', *, *, #151, .F. ) ;
#185 = DIRECTION ( 'NONE',  ( 1.137523590804463822E-16, 0.000000000000000000, -1.000000000000000000 ) ) ;
#186 = ORIENTED_EDGE ( 'NONE', *, *, #549, .T. ) ;
#187 = EDGE_CURVE ( 'NONE', #308, #190, #471, .T. ) ;
#188 = PLANE ( 'NONE',  #227 ) ;
#189 = DIRECTION ( 'NONE',  ( 1.000000000000000000, -0.000000000000000000, 0.000000000000000000 ) ) ;
#190 = VERTEX_POINT ( 'NONE', #1457 ) ;
#191 = ORIENTED_EDGE ( 'NONE', *, *, #394, .T. ) ;
#192 = DIRECTION ( 'NONE',  ( -1.000000000000000000, 0.000000000000000000, 0.000000000000000000 ) ) ;
#193 = DIRECTION ( 'NONE',  ( -0.000000000000000000, -0.000000000000000000, 1.000000000000000000 ) ) ;
#194 = ORIENTED_EDGE ( 'NONE', *, *, #851, .F. ) ;
#195 = FACE_BOUND ( 'NONE', #1209, .T. ) ;
#196 = EDGE_LOOP ( 'NONE', ( #208, #801 ) ) ;
#197 = CIRCLE ( 'NONE', #418, 0.7500000000000006661 ) ;
#198 = DIRECTION ( 'NONE',  ( 0.000000000000000000, 0.000000000000000000, -1.000000000000000000 ) ) ;
#199 = VECTOR ( 'NONE', #555, 1000.000000000000000 ) ;
#200 = AXIS2_PLACEMENT_3D ( 'NONE', #579, #108, #988 ) ;
#201 = DIRECTION ( 'NONE',  ( 0.000000000000000000, 0.000000000000000000, -1.000000000000000000 ) ) ;
#202 = DIRECTION ( 'NONE',  ( -0.000000000000000000, -0.000000000000000000, 1.000000000000000000 ) ) ;
#203 = AXIS2_PLACEMENT_3D ( 'NONE', #763, #994, #497 ) ;
#204 = EDGE_LOOP ( 'NONE', ( #873, #941, #667, #496 ) ) ;
#205 = EDGE_CURVE ( 'NONE', #1578, #1009, #1164, .T. ) ;
#206 = PRODUCT ( 'Servo holder', 'Servo holder', '', ( #1439 ) ) ;
#207 = FACE_BOUND ( 'NONE', #529, .T. ) ;
#208 = ORIENTED_EDGE ( 'NONE', *, *, #588, .F. ) ;
#209 = SURFACE_SIDE_STYLE ('',( #1570 ) ) ;
#210 = CARTESIAN_POINT ( 'NONE',  ( 17.59999999999995879, 1.999999999999890310, -10.99999999999999289 ) ) ;
#211 = ORIENTED_EDGE ( 'NONE', *, *, #1381, .T. ) ;
#212 = CARTESIAN_POINT ( 'NONE',  ( 0.5000000000000000000, 1.500000000000000000, 7.711677071521520644E-16 ) ) ;
#213 = FACE_BOUND ( 'NONE', #448, .T. ) ;
#214 = ORIENTED_EDGE ( 'NONE', *, *, #1313, .T. ) ;
#215 = ADVANCED_FACE ( 'NONE', ( #1591 ), #974, .F. ) ;
#216 = DIRECTION ( 'NONE',  ( 0.000000000000000000, -0.000000000000000000, 1.000000000000000000 ) ) ;
#217 = ADVANCED_FACE ( 'NONE', ( #399 ), #907, .F. ) ;
#218 = DIRECTION ( 'NONE',  ( 0.000000000000000000, 0.000000000000000000, 1.000000000000000000 ) ) ;
#219 = ORIENTED_EDGE ( 'NONE', *, *, #439, .T. ) ;
#220 = CARTESIAN_POINT ( 'NONE',  ( 27.00000000000000000, 3.500000000000000000, -11.49999999999999467 ) ) ;
#221 = DIRECTION ( 'NONE',  ( -0.000000000000000000, -0.000000000000000000, 1.000000000000000000 ) ) ;
#222 = ORIENTED_EDGE ( 'NONE', *, *, #511, .T. ) ;
#223 = ADVANCED_FACE ( 'NONE', ( #761 ), #378, .F. ) ;
#224 = VECTOR ( 'NONE', #172, 1000.000000000000000 ) ;
#225 = CARTESIAN_POINT ( 'NONE',  ( 2.000000000000001332, 5.500000000000000000, -10.99999999999999467 ) ) ;
#226 = ORIENTED_EDGE ( 'NONE', *, *, #268, .F. ) ;
#227 = AXIS2_PLACEMENT_3D ( 'NONE', #1046, #76, #1546 ) ;
#228 = DIRECTION ( 'NONE',  ( -1.000000000000000000, 0.000000000000000000, 0.000000000000000000 ) ) ;
#229 = AXIS2_PLACEMENT_3D ( 'NONE', #836, #1324, #963 ) ;
#230 = AXIS2_PLACEMENT_3D ( 'NONE', #1072, #827, #88 ) ;
#231 = LINE ( 'NONE', #732, #3 ) ;
#232 = VERTEX_POINT ( 'NONE', #1480 ) ;
#233 = LINE ( 'NONE', #350, #702 ) ;
#234 = EDGE_CURVE ( 'NONE', #451, #1130, #663, .T. ) ;
#235 = CARTESIAN_POINT ( 'NONE',  ( 3.549999999999934985, 7.000000000000000000, -3.750000000000218492 ) ) ;
#236 = ORIENTED_EDGE ( 'NONE', *, *, #1575, .F. ) ;
#237 = DIRECTION ( 'NONE',  ( 1.137523590804463822E-16, -0.000000000000000000, -1.000000000000000000 ) ) ;
#238 = VERTEX_POINT ( 'NONE', #536 ) ;
#239 = DIRECTION ( 'NONE',  ( -1.000000000000000000, 0.000000000000000000, -9.619403083625147047E-17 ) ) ;
#240 = ORIENTED_EDGE ( 'NONE', *, *, #1214, .T. ) ;
#241 = LINE ( 'NONE', #1477, #990 ) ;
#242 = CARTESIAN_POINT ( 'NONE',  ( 27.24999999999993250, 4.500000000000000888, -4.750000000000137668 ) ) ;
#243 = ADVANCED_FACE ( 'NONE', ( #1252, #1244 ), #657, .F. ) ;
#244 = CARTESIAN_POINT ( 'NONE',  ( 0.000000000000000000, 7.000000000000000000, -9.299999999999993605 ) ) ;
#245 = ORIENTED_EDGE ( 'NONE', *, *, #698, .T. ) ;
#246 = CYLINDRICAL_SURFACE ( 'NONE', #203, 1.000000000000000222 ) ;
#247 = CARTESIAN_POINT ( 'NONE',  ( 27.00000000000000000, 0.000000000000000000, -11.49999999999999467 ) ) ;
#248 = DIRECTION ( 'NONE',  ( 0.000000000000000000, 1.000000000000000000, 0.000000000000000000 ) ) ;
#249 = CARTESIAN_POINT ( 'NONE',  ( 3.500000000000000000, 0.000000000000000000, -2.500000000000000000 ) ) ;
#250 = VECTOR ( 'NONE', #744, 1000.000000000000000 ) ;
#251 = VECTOR ( 'NONE', #326, 1000.000000000000000 ) ;
#252 = CARTESIAN_POINT ( 'NONE',  ( 0.000000000000000000, 3.500000000000000000, -2.500000000000000444 ) ) ;
#253 = AXIS2_PLACEMENT_3D ( 'NONE', #1119, #1374, #998 ) ;
#254 = ORIENTED_EDGE ( 'NONE', *, *, #679, .F. ) ;
#255 = ADVANCED_FACE ( 'NONE', ( #1267 ), #1357, .F. ) ;
#256 = CIRCLE ( 'NONE', #1169, 0.7500000000000000000 ) ;
#257 = DIRECTION ( 'NONE',  ( 0.000000000000000000, -0.000000000000000000, 1.000000000000000000 ) ) ;
#258 = ORIENTED_EDGE ( 'NONE', *, *, #678, .T. ) ;
#259 = AXIS2_PLACEMENT_3D ( 'NONE', #1246, #615, #632 ) ;
#260 = DIRECTION ( 'NONE',  ( -1.000000000000000000, 0.000000000000000000, 0.000000000000000000 ) ) ;
#261 = CARTESIAN_POINT ( 'NONE',  ( 28.00000000000000000, 1.500000000000000000, 7.500000000000027534 ) ) ;
#262 = LINE ( 'NONE', #768, #593 ) ;
#263 = ORIENTED_EDGE ( 'NONE', *, *, #566, .T. ) ;
#264 = CARTESIAN_POINT ( 'NONE',  ( 1.250000000000000888, 5.500000000000000000, -7.999999999999992895 ) ) ;
#265 = CYLINDRICAL_SURFACE ( 'NONE', #669, 0.7500000000000006661 ) ;
#266 = CARTESIAN_POINT ( 'NONE',  ( 1.500000000000000222, 1.500000000000000000, -2.499999999999973355 ) ) ;
#267 = ORIENTED_EDGE ( 'NONE', *, *, #205, .F. ) ;
#268 = EDGE_CURVE ( 'NONE', #1229, #1059, #77, .T. ) ;
#269 = CYLINDRICAL_SURFACE ( 'NONE', #803, 0.7500000000000000000 ) ;
#270 = EDGE_CURVE ( 'NONE', #1481, #766, #416, .T. ) ;
#271 = DIRECTION ( 'NONE',  ( 1.137523590804463822E-16, -0.000000000000000000, -1.000000000000000000 ) ) ;
#272 = ORIENTED_EDGE ( 'NONE', *, *, #549, .F. ) ;
#273 = LINE ( 'NONE', #1238, #55 ) ;
#274 = EDGE_LOOP ( 'NONE', ( #710, #1097, #811, #167 ) ) ;
#275 = CARTESIAN_POINT ( 'NONE',  ( 2.000000000000000888, 5.500000000000000000, -7.999999999999992895 ) ) ;
#276 = ADVANCED_FACE ( 'NONE', ( #33 ), #1159, .F. ) ;
#277 = VERTEX_POINT ( 'NONE', #252 ) ;
#278 = CARTESIAN_POINT ( 'NONE',  ( 22.05000000000000071, 5.499999999999855227, -9.299999999999993605 ) ) ;
#279 = CIRCLE ( 'NONE', #1187, 1.000000000000001776 ) ;
#280 = DIRECTION ( 'NONE',  ( -1.000000000000000000, 0.000000000000000000, 0.000000000000000000 ) ) ;
#281 = VERTEX_POINT ( 'NONE', #753 ) ;
#282 = VECTOR ( 'NONE', #1081, 1000.000000000000000 ) ;
#283 = AXIS2_PLACEMENT_3D ( 'NONE', #1158, #928, #1294 ) ;
#284 = CARTESIAN_POINT ( 'NONE',  ( 7.200000000000001066, 5.499999999999963585, -9.299999999999993605 ) ) ;
#285 = CIRCLE ( 'NONE', #618, 0.7500000000000006661 ) ;
#286 = CARTESIAN_POINT ( 'NONE',  ( 13.15000000000000213, 5.499999999999927169, -10.99999999999999289 ) ) ;
#287 = CIRCLE ( 'NONE', #1117, 0.7500000000000006661 ) ;
#288 = ORIENTED_EDGE ( 'NONE', *, *, #1136, .F. ) ;
#289 = VECTOR ( 'NONE', #390, 1000.000000000000000 ) ;
#290 = CARTESIAN_POINT ( 'NONE',  ( 27.24999999999993250, 4.500000000000000888, -5.750000000000139444 ) ) ;
#291 = DIRECTION ( 'NONE',  ( -1.239088197126290817E-16, 0.000000000000000000, 1.000000000000000000 ) ) ;
#292 = VERTEX_POINT ( 'NONE', #137 ) ;
#293 = EDGE_CURVE ( 'NONE', #292, #1213, #878, .T. ) ;
#294 = DIRECTION ( 'NONE',  ( -1.000000000000000000, 0.000000000000000000, 0.000000000000000000 ) ) ;
#295 = EDGE_LOOP ( 'NONE', ( #713, #1148, #785, #1533 ) ) ;
#296 = DIRECTION ( 'NONE',  ( -1.000000000000000000, 0.000000000000000000, 0.000000000000000000 ) ) ;
#297 = DIRECTION ( 'NONE',  ( -1.000000000000000000, 0.000000000000000000, 0.000000000000000000 ) ) ;
#298 = ORIENTED_EDGE ( 'NONE', *, *, #432, .T. ) ;
#299 = EDGE_CURVE ( 'NONE', #766, #631, #1287, .T. ) ;
#300 = CARTESIAN_POINT ( 'NONE',  ( 2.500000000000000444, 1.500000000000000222, 9.635557688246550300E-16 ) ) ;
#301 = ORIENTED_EDGE ( 'NONE', *, *, #151, .T. ) ;
#302 = CARTESIAN_POINT ( 'NONE',  ( 25.50000000000000000, 7.000000000000000000, 1.979187246363940331E-15 ) ) ;
#303 = LINE ( 'NONE', #793, #224 ) ;
#304 = ORIENTED_EDGE ( 'NONE', *, *, #22, .T. ) ;
#305 = EDGE_CURVE ( 'NONE', #1176, #120, #899, .T. ) ;
#306 = VECTOR ( 'NONE', #1520, 1000.000000000000000 ) ;
#307 = FACE_OUTER_BOUND ( 'NONE', #342, .T. ) ;
#308 = VERTEX_POINT ( 'NONE', #15 ) ;
#309 = AXIS2_PLACEMENT_3D ( 'NONE', #953, #334, #830 ) ;
#310 = UNCERTAINTY_MEASURE_WITH_UNIT (LENGTH_MEASURE( 1.000000000000000082E-05 ), #1386, 'distance_accuracy_value', 'NONE');
#311 = AXIS2_PLACEMENT_3D ( 'NONE', #1380, #1492, #1355 ) ;
#312 = CARTESIAN_POINT ( 'NONE',  ( 12.39999999999996483, 1.999999999999926725, -9.299999999999993605 ) ) ;
#313 = VECTOR ( 'NONE', #840, 1000.000000000000000 ) ;
#314 = CARTESIAN_POINT ( 'NONE',  ( 18.34999999999995879, 1.999999999999890310, -7.999999999999992895 ) ) ;
#315 = ORIENTED_EDGE ( 'NONE', *, *, #268, .T. ) ;
#316 = CYLINDRICAL_SURFACE ( 'NONE', #336, 0.7500000000000006661 ) ;
#317 = ORIENTED_EDGE ( 'NONE', *, *, #70, .F. ) ;
#318 = CARTESIAN_POINT ( 'NONE',  ( 17.59999999999995879, 1.999999999999890310, -10.99999999999999289 ) ) ;
#319 = LINE ( 'NONE', #822, #306 ) ;
#320 = SURFACE_SIDE_STYLE ('',( #1424 ) ) ;
#321 = EDGE_LOOP ( 'NONE', ( #609, #606 ) ) ;
#322 = LINE ( 'NONE', #819, #445 ) ;
#323 = EDGE_LOOP ( 'NONE', ( #1376, #222 ) ) ;
#324 = CARTESIAN_POINT ( 'NONE',  ( 27.24999999999999645, 5.499999999999818812, -10.99999999999999112 ) ) ;
#325 = EDGE_CURVE ( 'NONE', #1178, #1345, #330, .T. ) ;
#326 = DIRECTION ( 'NONE',  ( 1.000000000000000000, -0.000000000000000000, 1.137523590804463822E-16 ) ) ;
#327 = VERTEX_POINT ( 'NONE', #778 ) ;
#328 = FACE_BOUND ( 'NONE', #1396, .T. ) ;
#329 = ORIENTED_EDGE ( 'NONE', *, *, #473, .F. ) ;
#330 = CIRCLE ( 'NONE', #1086, 0.7500000000000006661 ) ;
#331 = CARTESIAN_POINT ( 'NONE',  ( 3.549999999999934985, 4.500000000000000888, -4.750000000000219380 ) ) ;
#332 = PRESENTATION_LAYER_ASSIGNMENT (  '', '', ( #1040 ) ) ;
#333 = AXIS2_PLACEMENT_3D ( 'NONE', #642, #626, #369 ) ;
#334 = DIRECTION ( 'NONE',  ( -0.000000000000000000, -0.000000000000000000, 1.000000000000000000 ) ) ;
#335 = APPLICATION_PROTOCOL_DEFINITION ( 'draft international standard', 'automotive_design', 1998, #683 ) ;
#336 = AXIS2_PLACEMENT_3D ( 'NONE', #812, #540, #1184 ) ;
#337 = EDGE_LOOP ( 'NONE', ( #352, #938 ) ) ;
#338 = DIRECTION ( 'NONE',  ( 0.000000000000000000, 0.000000000000000000, 1.000000000000000000 ) ) ;
#339 = EDGE_CURVE ( 'NONE', #461, #1018, #1146, .T. ) ;
#340 = EDGE_CURVE ( 'NONE', #820, #451, #262, .T. ) ;
#341 = FACE_BOUND ( 'NONE', #337, .T. ) ;
#342 = EDGE_LOOP ( 'NONE', ( #1062, #1306, #441, #1261 ) ) ;
#343 =( LENGTH_UNIT ( ) NAMED_UNIT ( * ) SI_UNIT ( .MILLI., .METRE. ) );
#344 = CARTESIAN_POINT ( 'NONE',  ( 0.000000000000000000, 7.000000000000000000, -10.99999999999999467 ) ) ;
#345 = EDGE_LOOP ( 'NONE', ( #757, #1459, #379, #835 ) ) ;
#346 = LINE ( 'NONE', #982, #956 ) ;
#347 = ADVANCED_FACE ( 'NONE', ( #1259 ), #1368, .F. ) ;
#348 = PLANE ( 'NONE',  #422 ) ;
#349 = ORIENTED_EDGE ( 'NONE', *, *, #1249, .T. ) ;
#350 = CARTESIAN_POINT ( 'NONE',  ( 27.00000000000000000, 0.000000000000000000, -2.500000000000000000 ) ) ;
#351 = DIRECTION ( 'NONE',  ( -1.000000000000000000, 0.000000000000000000, 0.000000000000000000 ) ) ;
#352 = ORIENTED_EDGE ( 'NONE', *, *, #917, .F. ) ;
#353 = CARTESIAN_POINT ( 'NONE',  ( 3.500000000000000000, 3.500000000000000000, -2.500000000000000000 ) ) ;
#354 = DIRECTION ( 'NONE',  ( 1.137523590804463822E-16, -0.000000000000000000, -1.000000000000000000 ) ) ;
#355 = ADVANCED_FACE ( 'NONE', ( #930 ), #57, .F. ) ;
#356 = VERTEX_POINT ( 'NONE', #1289 ) ;
#357 = CARTESIAN_POINT ( 'NONE',  ( 30.00000000000000355, 1.500000000000000222, 1.612258796062071749E-15 ) ) ;
#358 = CLOSED_SHELL ( 'NONE', ( #347, #215, #467, #1499, #182, #584, #844, #255, #1409, #1302, #1427, #479, #967, #805, #1364, #687, #1436, #377, #942, #355, #788, #795, #665, #243, #100, #109, #1282, #1528, #223, #1431, #1551, #559, #1460, #989, #1379, #276, #401, #1220, #1295, #42, #56, #1516, #1534, #217, #729, #645, #1047, #1320 ) ) ;
#359 = CIRCLE ( 'NONE', #697, 0.7500000000000000000 ) ;
#360 = DIRECTION ( 'NONE',  ( 1.137523590804463822E-16, 0.000000000000000000, -1.000000000000000000 ) ) ;
#361 = ORIENTED_EDGE ( 'NONE', *, *, #1204, .F. ) ;
#362 = CIRCLE ( 'NONE', #178, 0.7500000000000006661 ) ;
#363 = CARTESIAN_POINT ( 'NONE',  ( 2.750000000000000888, 5.500000000000000000, -7.999999999999992895 ) ) ;
#364 = VECTOR ( 'NONE', #73, 1000.000000000000000 ) ;
#365 = EDGE_LOOP ( 'NONE', ( #773, #521 ) ) ;
#366 = CIRCLE ( 'NONE', #1044, 0.7499999999999997780 ) ;
#367 = DIRECTION ( 'NONE',  ( 0.000000000000000000, 1.000000000000000000, 0.000000000000000000 ) ) ;
#368 = ORIENTED_EDGE ( 'NONE', *, *, #1583, .T. ) ;
#369 = DIRECTION ( 'NONE',  ( -1.000000000000000000, 0.000000000000000000, 1.224646799147353454E-16 ) ) ;
#370 = CARTESIAN_POINT ( 'NONE',  ( 22.80000000000000071, 5.499999999999855227, -10.99999999999999289 ) ) ;
#371 = DIRECTION ( 'NONE',  ( 1.000000000000000000, 0.000000000000000000, 0.000000000000000000 ) ) ;
#372 = EDGE_LOOP ( 'NONE', ( #1021, #1057, #696, #1352 ) ) ;
#373 = CARTESIAN_POINT ( 'NONE',  ( 30.50000000000000000, 0.000000000000000000, 1.366863846790264196E-15 ) ) ;
#374 = VERTEX_POINT ( 'NONE', #63 ) ;
#375 = LINE ( 'NONE', #1010, #52 ) ;
#376 = CARTESIAN_POINT ( 'NONE',  ( 1.251275949884909563E-15, 3.500000000000000000, -10.99999999999999467 ) ) ;
#377 = ADVANCED_FACE ( 'NONE', ( #446 ), #183, .F. ) ;
#378 = CYLINDRICAL_SURFACE ( 'NONE', #1466, 1.000000000000000888 ) ;
#379 = ORIENTED_EDGE ( 'NONE', *, *, #293, .T. ) ;
#380 = DIRECTION ( 'NONE',  ( 0.000000000000000000, 0.000000000000000000, 1.000000000000000000 ) ) ;
#381 = ORIENTED_EDGE ( 'NONE', *, *, #70, .T. ) ;
#382 = CARTESIAN_POINT ( 'NONE',  ( 17.59999999999995879, 1.999999999999890310, -9.299999999999993605 ) ) ;
#383 = LINE ( 'NONE', #501, #520 ) ;
#384 = VECTOR ( 'NONE', #1123, 1000.000000000000000 ) ;
#385 = AXIS2_PLACEMENT_3D ( 'NONE', #1505, #1152, #166 ) ;
#386 = DIRECTION ( 'NONE',  ( -1.000000000000000000, -0.000000000000000000, -0.000000000000000000 ) ) ;
#387 = VECTOR ( 'NONE', #143, 1000.000000000000000 ) ;
#388 = ORIENTED_EDGE ( 'NONE', *, *, #1056, .F. ) ;
#389 = AXIS2_PLACEMENT_3D ( 'NONE', #1211, #821, #718 ) ;
#390 = DIRECTION ( 'NONE',  ( 1.137523590804463822E-16, -0.000000000000000000, -1.000000000000000000 ) ) ;
#391 = EDGE_CURVE ( 'NONE', #823, #1345, #680, .T. ) ;
#392 = ORIENTED_EDGE ( 'NONE', *, *, #1350, .F. ) ;
#393 = AXIS2_PLACEMENT_3D ( 'NONE', #146, #874, #640 ) ;
#394 = EDGE_CURVE ( 'NONE', #1172, #1304, #437, .T. ) ;
#395 = PLANE ( 'NONE',  #1517 ) ;
#396 = ORIENTED_EDGE ( 'NONE', *, *, #864, .T. ) ;
#398 = CYLINDRICAL_SURFACE ( 'NONE', #1441, 0.7500000000000006661 ) ;
#397 = ADVANCED_BREP_SHAPE_REPRESENTATION ( 'Servo holder', ( #920, #1444 ), #962 ) ;
#399 = FACE_OUTER_BOUND ( 'NONE', #723, .T. ) ;
#400 = ORIENTED_EDGE ( 'NONE', *, *, #1133, .T. ) ;
#401 = ADVANCED_FACE ( 'NONE', ( #79 ), #940, .T. ) ;
#402 = DIRECTION ( 'NONE',  ( 1.137523590804463822E-16, -0.000000000000000000, -1.000000000000000000 ) ) ;
#403 = DIRECTION ( 'NONE',  ( -1.000000000000000000, 0.000000000000000000, 0.000000000000000000 ) ) ;
#404 = DIRECTION ( 'NONE',  ( -1.000000000000000000, 0.000000000000000000, 0.000000000000000000 ) ) ;
#405 = ORIENTED_EDGE ( 'NONE', *, *, #449, .T. ) ;
#406 = DIRECTION ( 'NONE',  ( 9.619403083625145814E-17, 0.000000000000000000, -1.000000000000000000 ) ) ;
#407 = DIRECTION ( 'NONE',  ( 0.000000000000000000, 1.000000000000000000, 0.000000000000000000 ) ) ;
#408 = ORIENTED_EDGE ( 'NONE', *, *, #62, .F. ) ;
#409 = DIRECTION ( 'NONE',  ( 0.000000000000000000, 0.000000000000000000, 1.000000000000000000 ) ) ;
#410 = EDGE_CURVE ( 'NONE', #438, #123, #1180, .T. ) ;
#411 = DIRECTION ( 'NONE',  ( 0.000000000000000000, 0.000000000000000000, 1.000000000000000000 ) ) ;
#412 = ORIENTED_EDGE ( 'NONE', *, *, #13, .F. ) ;
#413 = CARTESIAN_POINT ( 'NONE',  ( 0.000000000000000000, 0.000000000000000000, 0.000000000000000000 ) ) ;
#414 = EDGE_CURVE ( 'NONE', #1363, #889, #1415, .T. ) ;
#415 = VECTOR ( 'NONE', #1254, 1000.000000000000000 ) ;
#416 = LINE ( 'NONE', #1032, #672 ) ;
#417 = EDGE_LOOP ( 'NONE', ( #1245, #676, #1201, #944 ) ) ;
#418 = AXIS2_PLACEMENT_3D ( 'NONE', #580, #360, #1472 ) ;
#419 = CIRCLE ( 'NONE', #442, 0.7500000000000006661 ) ;
#420 = VECTOR ( 'NONE', #29, 1000.000000000000000 ) ;
#421 = LINE ( 'NONE', #1171, #364 ) ;
#422 = AXIS2_PLACEMENT_3D ( 'NONE', #480, #1556, #450 ) ;
#423 = ORIENTED_EDGE ( 'NONE', *, *, #1050, .T. ) ;
#424 = CARTESIAN_POINT ( 'NONE',  ( 3.549999999999934985, 4.500000000000000888, -3.750000000000218492 ) ) ;
#425 = EDGE_CURVE ( 'NONE', #1417, #1213, #1061, .T. ) ;
#426 = CYLINDRICAL_SURFACE ( 'NONE', #25, 0.7499999999999997780 ) ;
#427 = ORIENTED_EDGE ( 'NONE', *, *, #1082, .T. ) ;
#428 = DIRECTION ( 'NONE',  ( -1.000000000000000000, 0.000000000000000000, 0.000000000000000000 ) ) ;
#429 = ORIENTED_EDGE ( 'NONE', *, *, #174, .T. ) ;
#430 = DIRECTION ( 'NONE',  ( 1.137523590804463822E-16, -0.000000000000000000, -1.000000000000000000 ) ) ;
#431 = DIRECTION ( 'NONE',  ( -0.000000000000000000, -0.000000000000000000, 1.000000000000000000 ) ) ;
#432 = EDGE_CURVE ( 'NONE', #1363, #308, #1112, .T. ) ;
#433 = VERTEX_POINT ( 'NONE', #1540 ) ;
#434 = DIRECTION ( 'NONE',  ( -0.000000000000000000, -0.000000000000000000, -1.000000000000000000 ) ) ;
#435 = VERTEX_POINT ( 'NONE', #1168 ) ;
#436 = CYLINDRICAL_SURFACE ( 'NONE', #1142, 0.7500000000000006661 ) ;
#437 = LINE ( 'NONE', #1069, #1488 ) ;
#438 = VERTEX_POINT ( 'NONE', #923 ) ;
#439 = EDGE_CURVE ( 'NONE', #537, #1227, #319, .T. ) ;
#440 = DIRECTION ( 'NONE',  ( 1.137523590804463822E-16, 0.000000000000000000, -1.000000000000000000 ) ) ;
#441 = ORIENTED_EDGE ( 'NONE', *, *, #425, .T. ) ;
#442 = AXIS2_PLACEMENT_3D ( 'NONE', #318, #815, #734 ) ;
#443 = VECTOR ( 'NONE', #1292, 1000.000000000000000 ) ;
#444 = DIRECTION ( 'NONE',  ( 1.137523590804463822E-16, 0.000000000000000000, -1.000000000000000000 ) ) ;
#445 = VECTOR ( 'NONE', #1305, 1000.000000000000000 ) ;
#446 = FACE_OUTER_BOUND ( 'NONE', #1110, .T. ) ;
#447 = DIRECTION ( 'NONE',  ( -1.000000000000000000, 0.000000000000000000, 0.000000000000000000 ) ) ;
#448 = EDGE_LOOP ( 'NONE', ( #995, #924 ) ) ;
#449 = EDGE_CURVE ( 'NONE', #9, #789, #1188, .T. ) ;
#450 = DIRECTION ( 'NONE',  ( 1.000000000000000000, 0.000000000000000000, 1.137523590804463822E-16 ) ) ;
#451 = VERTEX_POINT ( 'NONE', #1308 ) ;
#452 = LINE ( 'NONE', #1524, #51 ) ;
#453 = DIRECTION ( 'NONE',  ( 2.478176394252581141E-16, 0.000000000000000000, 1.000000000000000000 ) ) ;
#454 = EDGE_LOOP ( 'NONE', ( #557, #412 ) ) ;
#455 = FACE_BOUND ( 'NONE', #965, .T. ) ;
#456 = ORIENTED_EDGE ( 'NONE', *, *, #679, .T. ) ;
#457 = CARTESIAN_POINT ( 'NONE',  ( 1.500000000000000222, 1.500000000000000000, 7.500000000000027534 ) ) ;
#458 = DIRECTION ( 'NONE',  ( -1.000000000000000000, 0.000000000000000000, 1.224646799147353454E-16 ) ) ;
#459 = DIRECTION ( 'NONE',  ( 1.000000000000000000, 0.000000000000000000, 0.000000000000000000 ) ) ;
#460 = EDGE_CURVE ( 'NONE', #868, #438, #705, .T. ) ;
#461 = VERTEX_POINT ( 'NONE', #1407 ) ;
#462 = PLANE ( 'NONE',  #1418 ) ;
#463 = ORIENTED_EDGE ( 'NONE', *, *, #1237, .T. ) ;
#464 = VECTOR ( 'NONE', #946, 1000.000000000000000 ) ;
#465 =( NAMED_UNIT ( * ) SI_UNIT ( $, .STERADIAN. ) SOLID_ANGLE_UNIT ( ) );
#466 = CIRCLE ( 'NONE', #908, 0.7500000000000006661 ) ;
#467 = ADVANCED_FACE ( 'NONE', ( #543 ), #426, .F. ) ;
#468 = CARTESIAN_POINT ( 'NONE',  ( 7.949999999999963762, 1.999999999999963141, -7.999999999999992895 ) ) ;
#469 = AXIS2_PLACEMENT_3D ( 'NONE', #1315, #969, #1328 ) ;
#470 = ORIENTED_EDGE ( 'NONE', *, *, #187, .T. ) ;
#471 = LINE ( 'NONE', #1450, #590 ) ;
#472 = CARTESIAN_POINT ( 'NONE',  ( 28.74999999999999645, 5.499999999999818812, -7.999999999999989342 ) ) ;
#473 = EDGE_CURVE ( 'NONE', #1227, #451, #303, .T. ) ;
#474 = VERTEX_POINT ( 'NONE', #1280 ) ;
#475 = DIRECTION ( 'NONE',  ( -0.000000000000000000, -0.000000000000000000, -1.000000000000000000 ) ) ;
#476 = CARTESIAN_POINT ( 'NONE',  ( 25.50000000000000000, 7.000000000000000000, 1.979187246363940331E-15 ) ) ;
#477 = VERTEX_POINT ( 'NONE', #670 ) ;
#478 = DIRECTION ( 'NONE',  ( -1.000000000000000000, 0.000000000000000000, 0.000000000000000000 ) ) ;
#479 = ADVANCED_FACE ( 'NONE', ( #551 ), #800, .F. ) ;
#480 = CARTESIAN_POINT ( 'NONE',  ( 0.000000000000000000, 7.000000000000000000, -10.99999999999999467 ) ) ;
#481 = EDGE_LOOP ( 'NONE', ( #31, #154, #147, #623 ) ) ;
#482 = DIRECTION ( 'NONE',  ( -0.000000000000000000, -0.000000000000000000, -1.000000000000000000 ) ) ;
#483 = CARTESIAN_POINT ( 'NONE',  ( 22.05000000000000071, 5.499999999999855227, -10.99999999999999289 ) ) ;
#484 = VERTEX_POINT ( 'NONE', #483 ) ;
#485 = DIRECTION ( 'NONE',  ( 0.000000000000000000, 1.000000000000000000, 0.000000000000000000 ) ) ;
#486 = VERTEX_POINT ( 'NONE', #235 ) ;
#487 = DIRECTION ( 'NONE',  ( 9.619403083625145814E-17, 0.000000000000000000, -1.000000000000000000 ) ) ;
#488 = VERTEX_POINT ( 'NONE', #719 ) ;
#489 = VECTOR ( 'NONE', #1215, 1000.000000000000000 ) ;
#490 = DIRECTION ( 'NONE',  ( -1.000000000000000000, 0.000000000000000000, 0.000000000000000000 ) ) ;
#491 = VECTOR ( 'NONE', #1454, 1000.000000000000000 ) ;
#492 = DIRECTION ( 'NONE',  ( 1.137523590804463822E-16, 0.000000000000000000, -1.000000000000000000 ) ) ;
#493 = VECTOR ( 'NONE', #560, 1000.000000000000000 ) ;
#494 = LINE ( 'NONE', #363, #1559 ) ;
#495 = CIRCLE ( 'NONE', #1312, 0.7500000000000006661 ) ;
#496 = ORIENTED_EDGE ( 'NONE', *, *, #1451, .T. ) ;
#497 = DIRECTION ( 'NONE',  ( -1.000000000000000000, 0.000000000000000000, 0.000000000000000000 ) ) ;
#498 = DIRECTION ( 'NONE',  ( 1.137523590804463822E-16, 0.000000000000000000, -1.000000000000000000 ) ) ;
#499 = DIRECTION ( 'NONE',  ( 1.137523590804463822E-16, -0.000000000000000000, -1.000000000000000000 ) ) ;
#500 = EDGE_CURVE ( 'NONE', #58, #1100, #980, .T. ) ;
#501 = CARTESIAN_POINT ( 'NONE',  ( 3.500000000000000000, 3.500000000000000000, -2.500000000000000000 ) ) ;
#502 = CARTESIAN_POINT ( 'NONE',  ( 23.54999999999996163, 1.999999999999854783, -7.999999999999992895 ) ) ;
#503 = ORIENTED_EDGE ( 'NONE', *, *, #340, .T. ) ;
#504 = DIRECTION ( 'NONE',  ( -0.000000000000000000, -1.000000000000000000, -0.000000000000000000 ) ) ;
#505 = CARTESIAN_POINT ( 'NONE',  ( 11.64999999999996483, 1.999999999999926725, -7.999999999999992895 ) ) ;
#506 = LINE ( 'NONE', #37, #420 ) ;
#507 = FACE_OUTER_BOUND ( 'NONE', #1036, .T. ) ;
#508 = EDGE_CURVE ( 'NONE', #820, #1411, #991, .T. ) ;
#509 = DIRECTION ( 'NONE',  ( 1.000000000000000000, -0.000000000000000000, 9.619403083625145814E-17 ) ) ;
#510 = ORIENTED_EDGE ( 'NONE', *, *, #755, .T. ) ;
#511 = EDGE_CURVE ( 'NONE', #973, #1330, #646, .T. ) ;
#512 = CYLINDRICAL_SURFACE ( 'NONE', #807, 1.000000000000001776 ) ;
#513 = CARTESIAN_POINT ( 'NONE',  ( 22.79999999999996163, 1.999999999999854783, -9.299999999999993605 ) ) ;
#514 = CARTESIAN_POINT ( 'NONE',  ( 0.5000000000000000000, 1.500000000000000000, -2.499999999999973355 ) ) ;
#515 = VERTEX_POINT ( 'NONE', #1332 ) ;
#516 = DIRECTION ( 'NONE',  ( 1.137523590804463822E-16, 0.000000000000000000, -1.000000000000000000 ) ) ;
#517 = EDGE_CURVE ( 'NONE', #1530, #638, #1588, .T. ) ;
#518 = VECTOR ( 'NONE', #1199, 1000.000000000000000 ) ;
#519 = CARTESIAN_POINT ( 'NONE',  ( 12.40000000000000213, 5.499999999999927169, -10.99999999999999289 ) ) ;
#520 = VECTOR ( 'NONE', #870, 1000.000000000000000 ) ;
#521 = ORIENTED_EDGE ( 'NONE', *, *, #1313, .F. ) ;
#522 = CIRCLE ( 'NONE', #333, 1.000000000000000888 ) ;
#523 = CARTESIAN_POINT ( 'NONE',  ( 27.24999999999993250, 7.000000000000000000, -3.750000000000135891 ) ) ;
#524 = EDGE_LOOP ( 'NONE', ( #503, #329, #1197, #544, #1206, #1185, #612, #1474, #838, #1550, #894, #1271 ) ) ;
#525 = LINE ( 'NONE', #141, #105 ) ;
#526 = ORIENTED_EDGE ( 'NONE', *, *, #1571, .T. ) ;
#527 = PLANE ( 'NONE',  #779 ) ;
#528 = DIRECTION ( 'NONE',  ( 0.000000000000000000, 0.000000000000000000, 1.000000000000000000 ) ) ;
#529 = EDGE_LOOP ( 'NONE', ( #267, #909 ) ) ;
#530 = EDGE_CURVE ( 'NONE', #488, #1153, #359, .T. ) ;
#531 = DIRECTION ( 'NONE',  ( -0.000000000000000000, 1.000000000000000000, -0.000000000000000000 ) ) ;
#532 = FACE_OUTER_BOUND ( 'NONE', #1052, .T. ) ;
#533 = DIRECTION ( 'NONE',  ( -1.000000000000000000, -0.000000000000000000, 9.912705577010328508E-16 ) ) ;
#534 = VERTEX_POINT ( 'NONE', #1572 ) ;
#535 = DIRECTION ( 'NONE',  ( 0.000000000000000000, 0.000000000000000000, -1.000000000000000000 ) ) ;
#536 = CARTESIAN_POINT ( 'NONE',  ( 28.74999999999999645, 5.499999999999818812, -7.999999999999989342 ) ) ;
#537 = VERTEX_POINT ( 'NONE', #1212 ) ;
#538 = SHAPE_DEFINITION_REPRESENTATION ( #1447, #397 ) ;
#539 = EDGE_CURVE ( 'NONE', #486, #927, #1539, .T. ) ;
#540 = DIRECTION ( 'NONE',  ( 1.137523590804463822E-16, -0.000000000000000000, -1.000000000000000000 ) ) ;
#541 = ORIENTED_EDGE ( 'NONE', *, *, #1560, .F. ) ;
#542 = CARTESIAN_POINT ( 'NONE',  ( 25.50000000000000000, 0.000000000000000000, -9.299999999999993605 ) ) ;
#543 = FACE_OUTER_BOUND ( 'NONE', #1257, .T. ) ;
#544 = ORIENTED_EDGE ( 'NONE', *, *, #694, .F. ) ;
#545 = AXIS2_PLACEMENT_3D ( 'NONE', #1375, #407, #528 ) ;
#546 = CIRCLE ( 'NONE', #1064, 1.000000000000001776 ) ;
#547 = CYLINDRICAL_SURFACE ( 'NONE', #881, 0.7500000000000006661 ) ;
#548 = EDGE_LOOP ( 'NONE', ( #983, #671 ) ) ;
#549 = EDGE_CURVE ( 'NONE', #1153, #488, #1063, .T. ) ;
#550 = FACE_OUTER_BOUND ( 'NONE', #1449, .T. ) ;
#551 = FACE_OUTER_BOUND ( 'NONE', #1316, .T. ) ;
#552 = ORIENTED_EDGE ( 'NONE', *, *, #460, .T. ) ;
#553 = DIRECTION ( 'NONE',  ( 0.000000000000000000, 1.000000000000000000, 0.000000000000000000 ) ) ;
#554 = ORIENTED_EDGE ( 'NONE', *, *, #473, .T. ) ;
#555 = DIRECTION ( 'NONE',  ( 1.137523590804463822E-16, -0.000000000000000000, -1.000000000000000000 ) ) ;
#556 = DIRECTION ( 'NONE',  ( 1.137523590804463822E-16, -0.000000000000000000, -1.000000000000000000 ) ) ;
#557 = ORIENTED_EDGE ( 'NONE', *, *, #885, .F. ) ;
#558 = EDGE_CURVE ( 'NONE', #638, #474, #1099, .T. ) ;
#559 = ADVANCED_FACE ( 'NONE', ( #1562 ), #736, .T. ) ;
#560 = DIRECTION ( 'NONE',  ( -2.478176394252581141E-16, -0.000000000000000000, -1.000000000000000000 ) ) ;
#561 = EDGE_LOOP ( 'NONE', ( #554, #808, #114, #1284 ) ) ;
#562 = DIRECTION ( 'NONE',  ( -0.000000000000000000, -0.000000000000000000, -1.000000000000000000 ) ) ;
#563 = CARTESIAN_POINT ( 'NONE',  ( 1.251275949884909563E-15, 3.500000000000000000, -10.99999999999999467 ) ) ;
#564 = LINE ( 'NONE', #80, #856 ) ;
#565 = ORIENTED_EDGE ( 'NONE', *, *, #508, .F. ) ;
#566 = EDGE_CURVE ( 'NONE', #866, #435, #728, .T. ) ;
#567 = CIRCLE ( 'NONE', #774, 1.000000000000000888 ) ;
#568 = CARTESIAN_POINT ( 'NONE',  ( 6.449999999999963762, 1.999999999999963141, -9.299999999999993605 ) ) ;
#569 = ORIENTED_EDGE ( 'NONE', *, *, #1362, .T. ) ;
#570 = AXIS2_PLACEMENT_3D ( 'NONE', #914, #1531, #296 ) ;
#571 = AXIS2_PLACEMENT_3D ( 'NONE', #895, #19, #1348 ) ;
#572 = FACE_BOUND ( 'NONE', #548, .T. ) ;
#573 = CARTESIAN_POINT ( 'NONE',  ( 25.50000000000000000, 7.000000000000000000, 1.979187246363940331E-15 ) ) ;
#574 = SURFACE_STYLE_USAGE ( .BOTH. , #320 ) ;
#575 = ORIENTED_EDGE ( 'NONE', *, *, #1005, .F. ) ;
#576 = CARTESIAN_POINT ( 'NONE',  ( 0.000000000000000000, 3.500000000000000000, 0.000000000000000000 ) ) ;
#577 = ORIENTED_EDGE ( 'NONE', *, *, #1173, .F. ) ;
#578 = EDGE_CURVE ( 'NONE', #1213, #292, #197, .T. ) ;
#579 = CARTESIAN_POINT ( 'NONE',  ( 7.199999999999964650, 1.999999999999963141, -9.299999999999993605 ) ) ;
#580 = CARTESIAN_POINT ( 'NONE',  ( 7.199999999999964650, 1.999999999999963141, -10.99999999999999467 ) ) ;
#581 = EDGE_LOOP ( 'NONE', ( #2, #583, #1453, #317 ) ) ;
#582 = CARTESIAN_POINT ( 'NONE',  ( 3.500000000000000444, 3.500000000000000000, -10.99999999999999467 ) ) ;
#583 = ORIENTED_EDGE ( 'NONE', *, *, #340, .F. ) ;
#584 = ADVANCED_FACE ( 'NONE', ( #837 ), #1226, .F. ) ;
#585 = DIRECTION ( 'NONE',  ( -1.000000000000000000, -0.000000000000000000, 9.912705577010328508E-16 ) ) ;
#586 = LINE ( 'NONE', #468, #1491 ) ;
#587 = ORIENTED_EDGE ( 'NONE', *, *, #566, .F. ) ;
#588 = EDGE_CURVE ( 'NONE', #484, #232, #126, .T. ) ;
#589 = DIRECTION ( 'NONE',  ( 1.137523590804463822E-16, -0.000000000000000000, -1.000000000000000000 ) ) ;
#590 = VECTOR ( 'NONE', #993, 1000.000000000000000 ) ;
#591 = CARTESIAN_POINT ( 'NONE',  ( 4.999999999999998224, 0.000000000000000000, -9.299999999999993605 ) ) ;
#592 = ORIENTED_EDGE ( 'NONE', *, *, #1362, .F. ) ;
#593 = VECTOR ( 'NONE', #386, 1000.000000000000000 ) ;
#594 = DIRECTION ( 'NONE',  ( 1.137523590804463822E-16, 0.000000000000000000, -1.000000000000000000 ) ) ;
#595 = VECTOR ( 'NONE', #430, 1000.000000000000000 ) ;
#596 = EDGE_CURVE ( 'NONE', #1278, #730, #726, .T. ) ;
#597 = AXIS2_PLACEMENT_3D ( 'NONE', #331, #604, #216 ) ;
#598 = LINE ( 'NONE', #249, #751 ) ;
#599 = AXIS2_PLACEMENT_3D ( 'NONE', #1467, #367, #257 ) ;
#600 = EDGE_LOOP ( 'NONE', ( #304, #552, #1260, #1191 ) ) ;
#601 = FACE_OUTER_BOUND ( 'NONE', #600, .T. ) ;
#602 = CYLINDRICAL_SURFACE ( 'NONE', #992, 0.7500000000000006661 ) ;
#603 = ORIENTED_EDGE ( 'NONE', *, *, #1275, .T. ) ;
#604 = DIRECTION ( 'NONE',  ( 0.000000000000000000, 1.000000000000000000, 0.000000000000000000 ) ) ;
#605 = CARTESIAN_POINT ( 'NONE',  ( 29.00000000000000000, 1.500000000000000000, 1.734723475976807094E-15 ) ) ;
#606 = ORIENTED_EDGE ( 'NONE', *, *, #1027, .F. ) ;
#607 = CARTESIAN_POINT ( 'NONE',  ( 5.000000000000000000, 7.000000000000000000, 4.809701541812573154E-16 ) ) ;
#608 = CYLINDRICAL_SURFACE ( 'NONE', #653, 0.7500000000000006661 ) ;
#609 = ORIENTED_EDGE ( 'NONE', *, *, #539, .F. ) ;
#610 = DIRECTION ( 'NONE',  ( -1.000000000000000000, 0.000000000000000000, 0.000000000000000000 ) ) ;
#611 = DIRECTION ( 'NONE',  ( 0.000000000000000000, 1.000000000000000000, 0.000000000000000000 ) ) ;
#612 = ORIENTED_EDGE ( 'NONE', *, *, #864, .F. ) ;
#613 = LINE ( 'NONE', #244, #749 ) ;
#614 = EDGE_LOOP ( 'NONE', ( #66, #1511, #1011, #1456 ) ) ;
#615 = DIRECTION ( 'NONE',  ( 1.137523590804463822E-16, -0.000000000000000000, -1.000000000000000000 ) ) ;
#616 = VERTEX_POINT ( 'NONE', #1448 ) ;
#617 = CARTESIAN_POINT ( 'NONE',  ( 27.24999999999993250, 4.500000000000000888, -4.750000000000137668 ) ) ;
#618 = AXIS2_PLACEMENT_3D ( 'NONE', #786, #180, #939 ) ;
#619 = FACE_OUTER_BOUND ( 'NONE', #524, .T. ) ;
#620 = CIRCLE ( 'NONE', #1340, 0.7500000000000006661 ) ;
#621 = CARTESIAN_POINT ( 'NONE',  ( 23.54999999999996163, 1.999999999999854783, -10.99999999999999289 ) ) ;
#622 = AXIS2_PLACEMENT_3D ( 'NONE', #770, #624, #1001 ) ;
#623 = ORIENTED_EDGE ( 'NONE', *, *, #871, .F. ) ;
#624 = DIRECTION ( 'NONE',  ( 1.137523590804463822E-16, -0.000000000000000000, -1.000000000000000000 ) ) ;
#625 = LINE ( 'NONE', #505, #384 ) ;
#626 = DIRECTION ( 'NONE',  ( -1.224646799147352221E-16, 0.000000000000000000, -1.000000000000000000 ) ) ;
#627 = EDGE_CURVE ( 'NONE', #889, #190, #155, .T. ) ;
#628 = PLANE ( 'NONE',  #1288 ) ;
#629 = EDGE_CURVE ( 'NONE', #356, #292, #586, .T. ) ;
#630 = CARTESIAN_POINT ( 'NONE',  ( 7.199999999999964650, 1.999999999999963141, -10.99999999999999467 ) ) ;
#631 = VERTEX_POINT ( 'NONE', #99 ) ;
#632 = DIRECTION ( 'NONE',  ( -1.000000000000000000, 0.000000000000000000, 0.000000000000000000 ) ) ;
#633 = ORIENTED_EDGE ( 'NONE', *, *, #1050, .F. ) ;
#634 = CARTESIAN_POINT ( 'NONE',  ( 4.999999999999998224, 7.000000000000000000, -8.999999999999994671 ) ) ;
#635 = EDGE_CURVE ( 'NONE', #374, #1172, #598, .T. ) ;
#636 = FACE_OUTER_BOUND ( 'NONE', #1163, .T. ) ;
#637 = DIRECTION ( 'NONE',  ( -1.000000000000000000, 0.000000000000000000, 0.000000000000000000 ) ) ;
#638 = VERTEX_POINT ( 'NONE', #1004 ) ;
#639 = EDGE_CURVE ( 'NONE', #1417, #356, #362, .T. ) ;
#640 = DIRECTION ( 'NONE',  ( 0.000000000000000000, 0.000000000000000000, 1.000000000000000000 ) ) ;
#641 = DIRECTION ( 'NONE',  ( 1.137523590804463822E-16, -0.000000000000000000, -1.000000000000000000 ) ) ;
#642 = CARTESIAN_POINT ( 'NONE',  ( 29.00000000000000000, 1.500000000000000000, 1.734723475976807094E-15 ) ) ;
#643 = VERTEX_POINT ( 'NONE', #125 ) ;
#644 = DIRECTION ( 'NONE',  ( -1.000000000000000000, 0.000000000000000000, 0.000000000000000000 ) ) ;
#645 = ADVANCED_FACE ( 'NONE', ( #507 ), #269, .F. ) ;
#646 = CIRCLE ( 'NONE', #1388, 1.000000000000000888 ) ;
#647 = CARTESIAN_POINT ( 'NONE',  ( 27.99999999999999645, 5.499999999999818812, -7.999999999999989342 ) ) ;
#648 = VECTOR ( 'NONE', #1174, 1000.000000000000000 ) ;
#649 = ORIENTED_EDGE ( 'NONE', *, *, #1125, .F. ) ;
#650 = VECTOR ( 'NONE', #902, 1000.000000000000000 ) ;
#651 = CARTESIAN_POINT ( 'NONE',  ( 16.84999999999999787, 5.499999999999890754, -10.99999999999999289 ) ) ;
#652 = ORIENTED_EDGE ( 'NONE', *, *, #1136, .T. ) ;
#653 = AXIS2_PLACEMENT_3D ( 'NONE', #1489, #402, #1104 ) ;
#654 = FACE_OUTER_BOUND ( 'NONE', #1569, .T. ) ;
#655 = EDGE_LOOP ( 'NONE', ( #1428, #96, #955, #194 ) ) ;
#656 = CARTESIAN_POINT ( 'NONE',  ( 30.50000000000000000, 7.000000000000000000, 1.366863846790264196E-15 ) ) ;
#657 = PLANE ( 'NONE',  #1561 ) ;
#658 = EDGE_LOOP ( 'NONE', ( #1573, #145 ) ) ;
#659 = FILL_AREA_STYLE ('',( #1541 ) ) ;
#660 = CARTESIAN_POINT ( 'NONE',  ( 30.00000000000000355, 1.500000000000000222, 7.500000000000027534 ) ) ;
#661 = EDGE_LOOP ( 'NONE', ( #970, #1343, #1347, #510, #463, #900 ) ) ;
#662 = CARTESIAN_POINT ( 'NONE',  ( 28.00000000000000000, 1.500000000000000000, -2.499999999999973355 ) ) ;
#663 = LINE ( 'NONE', #787, #777 ) ;
#664 = ORIENTED_EDGE ( 'NONE', *, *, #339, .F. ) ;
#665 = ADVANCED_FACE ( 'NONE', ( #619 ), #527, .T. ) ;
#666 = CARTESIAN_POINT ( 'NONE',  ( 27.00000000000000000, 3.500000000000000000, -2.500000000000000000 ) ) ;
#667 = ORIENTED_EDGE ( 'NONE', *, *, #391, .T. ) ;
#668 = CARTESIAN_POINT ( 'NONE',  ( 18.34999999999999787, 5.499999999999890754, -9.299999999999993605 ) ) ;
#669 = AXIS2_PLACEMENT_3D ( 'NONE', #764, #641, #228 ) ;
#670 = CARTESIAN_POINT ( 'NONE',  ( 23.54999999999996163, 1.999999999999854783, -9.299999999999993605 ) ) ;
#671 = ORIENTED_EDGE ( 'NONE', *, *, #1210, .F. ) ;
#672 = VECTOR ( 'NONE', #152, 1000.000000000000000 ) ;
#673 =( GEOMETRIC_REPRESENTATION_CONTEXT ( 3 ) GLOBAL_UNCERTAINTY_ASSIGNED_CONTEXT ( ( #685 ) ) GLOBAL_UNIT_ASSIGNED_CONTEXT ( ( #343, #91, #465 ) ) REPRESENTATION_CONTEXT ( 'NONE', 'WORKASPACE' ) );
#674 = AXIS2_PLACEMENT_3D ( 'NONE', #666, #1156, #1270 ) ;
#675 = CARTESIAN_POINT ( 'NONE',  ( 22.79999999999996163, 1.999999999999854783, -10.99999999999999289 ) ) ;
#676 = ORIENTED_EDGE ( 'NONE', *, *, #414, .T. ) ;
#677 = DIRECTION ( 'NONE',  ( -0.000000000000000000, -0.000000000000000000, 1.000000000000000000 ) ) ;
#678 = EDGE_CURVE ( 'NONE', #1378, #149, #383, .T. ) ;
#679 = EDGE_CURVE ( 'NONE', #238, #461, #1193, .T. ) ;
#680 = LINE ( 'NONE', #1532, #153 ) ;
#681 = EDGE_LOOP ( 'NONE', ( #1557, #1108, #1077, #41, #82, #1222 ) ) ;
#682 = FACE_BOUND ( 'NONE', #365, .T. ) ;
#683 = APPLICATION_CONTEXT ( 'automotive_design' ) ;
#684 = ORIENTED_EDGE ( 'NONE', *, *, #925, .T. ) ;
#685 = UNCERTAINTY_MEASURE_WITH_UNIT (LENGTH_MEASURE( 1.000000000000000082E-05 ), #343, 'distance_accuracy_value', 'NONE');
#686 = CARTESIAN_POINT ( 'NONE',  ( 7.950000000000000178, 5.499999999999963585, -7.999999999999992895 ) ) ;
#687 = ADVANCED_FACE ( 'NONE', ( #880, #636 ), #1024, .F. ) ;
#688 = DIRECTION ( 'NONE',  ( 1.137523590804463822E-16, 0.000000000000000000, -1.000000000000000000 ) ) ;
#689 =( NAMED_UNIT ( * ) PLANE_ANGLE_UNIT ( ) SI_UNIT ( $, .RADIAN. ) );
#690 = ORIENTED_EDGE ( 'NONE', *, *, #1527, .F. ) ;
#691 = CARTESIAN_POINT ( 'NONE',  ( 1.500000000000000222, 1.500000000000000000, -2.499999999999973355 ) ) ;
#692 = ORIENTED_EDGE ( 'NONE', *, *, #54, .F. ) ;
#693 = CARTESIAN_POINT ( 'NONE',  ( 22.04999999999996163, 1.999999999999854783, -7.999999999999992895 ) ) ;
#694 = EDGE_CURVE ( 'NONE', #1304, #537, #7, .T. ) ;
#695 = DIRECTION ( 'NONE',  ( -1.000000000000000000, 0.000000000000000000, 0.000000000000000000 ) ) ;
#696 = ORIENTED_EDGE ( 'NONE', *, *, #1027, .T. ) ;
#697 = AXIS2_PLACEMENT_3D ( 'NONE', #863, #1205, #1349 ) ;
#698 = EDGE_CURVE ( 'NONE', #1269, #58, #1564, .T. ) ;
#699 = CIRCLE ( 'NONE', #1337, 0.7500000000000006661 ) ;
#700 = FACE_BOUND ( 'NONE', #658, .T. ) ;
#701 = ORIENTED_EDGE ( 'NONE', *, *, #270, .T. ) ;
#702 = VECTOR ( 'NONE', #585, 1000.000000000000000 ) ;
#703 =( GEOMETRIC_REPRESENTATION_CONTEXT ( 3 ) GLOBAL_UNCERTAINTY_ASSIGNED_CONTEXT ( ( #978 ) ) GLOBAL_UNIT_ASSIGNED_CONTEXT ( ( #1190, #689, #1070 ) ) REPRESENTATION_CONTEXT ( 'NONE', 'WORKASPACE' ) );
#704 = CARTESIAN_POINT ( 'NONE',  ( 27.00000000000000000, 3.500000000000000000, -2.500000000000000000 ) ) ;
#705 = LINE ( 'NONE', #1189, #518 ) ;
#706 = CARTESIAN_POINT ( 'NONE',  ( 0.000000000000000000, 7.000000000000000000, -10.99999999999999467 ) ) ;
#707 = ORIENTED_EDGE ( 'NONE', *, *, #578, .F. ) ;
#708 = EDGE_CURVE ( 'NONE', #1330, #896, #1367, .T. ) ;
#709 = FACE_BOUND ( 'NONE', #771, .T. ) ;
#710 = ORIENTED_EDGE ( 'NONE', *, *, #897, .T. ) ;
#711 = FILL_AREA_STYLE_COLOUR ( '', #1391 ) ;
#712 = DIRECTION ( 'NONE',  ( 1.137523590804463822E-16, 0.000000000000000000, -1.000000000000000000 ) ) ;
#713 = ORIENTED_EDGE ( 'NONE', *, *, #131, .F. ) ;
#714 = CARTESIAN_POINT ( 'NONE',  ( 6.450000000000001066, 5.499999999999963585, -7.999999999999992895 ) ) ;
#715 = DIRECTION ( 'NONE',  ( 0.000000000000000000, -0.000000000000000000, 1.000000000000000000 ) ) ;
#716 = EDGE_CURVE ( 'NONE', #327, #1378, #1509, .T. ) ;
#717 = ORIENTED_EDGE ( 'NONE', *, *, #1256, .F. ) ;
#718 = DIRECTION ( 'NONE',  ( -1.000000000000000000, 0.000000000000000000, 1.224646799147352221E-16 ) ) ;
#719 = CARTESIAN_POINT ( 'NONE',  ( 2.750000000000001776, 5.500000000000000000, -10.99999999999999467 ) ) ;
#720 = ORIENTED_EDGE ( 'NONE', *, *, #1571, .F. ) ;
#721 = DIRECTION ( 'NONE',  ( 1.445602896647340149E-16, 0.000000000000000000, -1.000000000000000000 ) ) ;
#722 = FACE_OUTER_BOUND ( 'NONE', #345, .T. ) ;
#723 = EDGE_LOOP ( 'NONE', ( #1506, #93, #1584, #1067 ) ) ;
#724 = VECTOR ( 'NONE', #1107, 1000.000000000000000 ) ;
#725 = LINE ( 'NONE', #1435, #1266 ) ;
#726 = CIRCLE ( 'NONE', #309, 0.7500000000000006661 ) ;
#727 = AXIS2_PLACEMENT_3D ( 'NONE', #617, #248, #1232 ) ;
#728 = LINE ( 'NONE', #476, #905 ) ;
#729 = ADVANCED_FACE ( 'NONE', ( #904 ), #398, .F. ) ;
#730 = VERTEX_POINT ( 'NONE', #278 ) ;
#731 = LINE ( 'NONE', #502, #72 ) ;
#732 = CARTESIAN_POINT ( 'NONE',  ( 25.50000000000000000, 0.000000000000000000, 1.979187246363940331E-15 ) ) ;
#733 = ORIENTED_EDGE ( 'NONE', *, *, #1092, .F. ) ;
#734 = DIRECTION ( 'NONE',  ( -1.000000000000000000, 0.000000000000000000, 0.000000000000000000 ) ) ;
#735 = EDGE_CURVE ( 'NONE', #643, #281, #1192, .T. ) ;
#736 = PLANE ( 'NONE',  #1590 ) ;
#737 = ORIENTED_EDGE ( 'NONE', *, *, #842, .T. ) ;
#738 = CARTESIAN_POINT ( 'NONE',  ( 27.24999999999993250, 7.000000000000000000, -4.750000000000137668 ) ) ;
#739 = ORIENTED_EDGE ( 'NONE', *, *, #1145, .T. ) ;
#740 = FACE_OUTER_BOUND ( 'NONE', #1555, .T. ) ;
#741 = ORIENTED_EDGE ( 'NONE', *, *, #1102, .F. ) ;
#742 = LINE ( 'NONE', #124, #854 ) ;
#743 = DIRECTION ( 'NONE',  ( -0.000000000000000000, 1.000000000000000000, -0.000000000000000000 ) ) ;
#744 = DIRECTION ( 'NONE',  ( -0.000000000000000000, -1.000000000000000000, -0.000000000000000000 ) ) ;
#745 = ORIENTED_EDGE ( 'NONE', *, *, #934, .F. ) ;
#746 = DIRECTION ( 'NONE',  ( -0.000000000000000000, 1.000000000000000000, -0.000000000000000000 ) ) ;
#747 = EDGE_CURVE ( 'NONE', #831, #486, #1356, .T. ) ;
#748 = CARTESIAN_POINT ( 'NONE',  ( 17.59999999999995879, 1.999999999999890310, -7.999999999999992895 ) ) ;
#749 = VECTOR ( 'NONE', #371, 1000.000000000000000 ) ;
#750 = DIRECTION ( 'NONE',  ( -0.000000000000000000, -1.000000000000000000, -0.000000000000000000 ) ) ;
#751 = VECTOR ( 'NONE', #1014, 1000.000000000000000 ) ;
#752 = LINE ( 'NONE', #290, #387 ) ;
#753 = CARTESIAN_POINT ( 'NONE',  ( 7.950000000000000178, 5.499999999999963585, -10.99999999999999467 ) ) ;
#754 = VERTEX_POINT ( 'NONE', #1143 ) ;
#755 = EDGE_CURVE ( 'NONE', #1530, #1548, #1265, .T. ) ;
#756 = FACE_OUTER_BOUND ( 'NONE', #1045, .T. ) ;
#757 = ORIENTED_EDGE ( 'NONE', *, *, #639, .T. ) ;
#758 = LINE ( 'NONE', #1471, #130 ) ;
#759 = DIRECTION ( 'NONE',  ( 1.137523590804463822E-16, -0.000000000000000000, -1.000000000000000000 ) ) ;
#760 = EDGE_CURVE ( 'NONE', #1229, #1434, #752, .T. ) ;
#761 = FACE_OUTER_BOUND ( 'NONE', #117, .T. ) ;
#762 = VERTEX_POINT ( 'NONE', #14 ) ;
#763 = CARTESIAN_POINT ( 'NONE',  ( 1.500000000000000222, 1.500000000000000000, 7.500000000000027534 ) ) ;
#764 = CARTESIAN_POINT ( 'NONE',  ( 22.80000000000000071, 5.499999999999855227, -7.999999999999992895 ) ) ;
#765 = DIRECTION ( 'NONE',  ( -1.000000000000000000, 0.000000000000000000, 0.000000000000000000 ) ) ;
#766 = VERTEX_POINT ( 'NONE', #1132 ) ;
#767 = CARTESIAN_POINT ( 'NONE',  ( 27.99999999999999645, 5.499999999999818812, -7.999999999999989342 ) ) ;
#768 = CARTESIAN_POINT ( 'NONE',  ( 4.999999999999998224, 0.000000000000000000, -9.299999999999993605 ) ) ;
#769 = ORIENTED_EDGE ( 'NONE', *, *, #997, .T. ) ;
#770 = CARTESIAN_POINT ( 'NONE',  ( 12.40000000000000213, 5.499999999999927169, -7.999999999999992895 ) ) ;
#771 = EDGE_LOOP ( 'NONE', ( #236, #1586 ) ) ;
#772 = LINE ( 'NONE', #12, #935 ) ;
#773 = ORIENTED_EDGE ( 'NONE', *, *, #968, .F. ) ;
#774 = AXIS2_PLACEMENT_3D ( 'NONE', #1228, #485, #1207 ) ;
#775 = DIRECTION ( 'NONE',  ( 1.137523590804463822E-16, 0.000000000000000000, -1.000000000000000000 ) ) ;
#776 = AXIS2_PLACEMENT_3D ( 'NONE', #1335, #94, #104 ) ;
#777 = VECTOR ( 'NONE', #872, 1000.000000000000000 ) ;
#778 = CARTESIAN_POINT ( 'NONE',  ( 0.000000000000000000, 3.500000000000000000, -10.99999999999999467 ) ) ;
#779 = AXIS2_PLACEMENT_3D ( 'NONE', #1504, #160, #535 ) ;
#780 = ORIENTED_EDGE ( 'NONE', *, *, #1161, .T. ) ;
#781 = AXIS2_PLACEMENT_3D ( 'NONE', #266, #135, #1262 ) ;
#782 = LINE ( 'NONE', #706, #134 ) ;
#783 = CIRCLE ( 'NONE', #469, 1.000000000000000888 ) ;
#784 = CARTESIAN_POINT ( 'NONE',  ( 22.05000000000000071, 5.499999999999855227, -7.999999999999992895 ) ) ;
#785 = ORIENTED_EDGE ( 'NONE', *, *, #851, .T. ) ;
#786 = CARTESIAN_POINT ( 'NONE',  ( 22.79999999999996163, 1.999999999999854783, -9.299999999999993605 ) ) ;
#787 = CARTESIAN_POINT ( 'NONE',  ( 4.999999999999998224, 0.000000000000000000, -9.299999999999993605 ) ) ;
#788 = ADVANCED_FACE ( 'NONE', ( #1243 ), #628, .F. ) ;
#789 = VERTEX_POINT ( 'NONE', #668 ) ;
#790 = CARTESIAN_POINT ( 'NONE',  ( 7.950000000000000178, 5.499999999999963585, -9.299999999999993605 ) ) ;
#791 = ORIENTED_EDGE ( 'NONE', *, *, #293, .F. ) ;
#792 = CARTESIAN_POINT ( 'NONE',  ( 17.59999999999995879, 1.999999999999890310, -7.999999999999992895 ) ) ;
#793 = CARTESIAN_POINT ( 'NONE',  ( 4.999999999999998224, 0.000000000000000000, -8.999999999999994671 ) ) ;
#794 = EDGE_LOOP ( 'NONE', ( #1138, #745 ) ) ;
#795 = ADVANCED_FACE ( 'NONE', ( #67, #572, #550 ), #188, .F. ) ;
#796 = LINE ( 'NONE', #1507, #650 ) ;
#797 = ORIENTED_EDGE ( 'NONE', *, *, #818, .T. ) ;
#798 = EDGE_CURVE ( 'NONE', #1231, #1049, #128, .T. ) ;
#799 = LINE ( 'NONE', #1286, #1167 ) ;
#800 = CYLINDRICAL_SURFACE ( 'NONE', #932, 1.000000000000001776 ) ;
#801 = ORIENTED_EDGE ( 'NONE', *, *, #1145, .F. ) ;
#802 = AXIS2_PLACEMENT_3D ( 'NONE', #816, #193, #695 ) ;
#803 = AXIS2_PLACEMENT_3D ( 'NONE', #32, #1031, #39 ) ;
#804 = CIRCLE ( 'NONE', #727, 1.000000000000001776 ) ;
#805 = ADVANCED_FACE ( 'NONE', ( #922 ), #171, .F. ) ;
#806 = DIRECTION ( 'NONE',  ( 0.000000000000000000, 1.000000000000000000, 0.000000000000000000 ) ) ;
#807 = AXIS2_PLACEMENT_3D ( 'NONE', #911, #1309, #409 ) ;
#808 = ORIENTED_EDGE ( 'NONE', *, *, #234, .T. ) ;
#809 = FACE_OUTER_BOUND ( 'NONE', #417, .T. ) ;
#810 = CARTESIAN_POINT ( 'NONE',  ( 6.449999999999963762, 1.999999999999963141, -7.999999999999992895 ) ) ;
#811 = ORIENTED_EDGE ( 'NONE', *, *, #325, .T. ) ;
#812 = CARTESIAN_POINT ( 'NONE',  ( 27.99999999999999645, 5.499999999999818812, -7.999999999999989342 ) ) ;
#813 = ORIENTED_EDGE ( 'NONE', *, *, #760, .F. ) ;
#814 = EDGE_CURVE ( 'NONE', #1231, #281, #1400, .T. ) ;
#815 = DIRECTION ( 'NONE',  ( 1.137523590804463822E-16, 0.000000000000000000, -1.000000000000000000 ) ) ;
#816 = CARTESIAN_POINT ( 'NONE',  ( 17.59999999999999787, 5.499999999999890754, -9.299999999999993605 ) ) ;
#817 = ORIENTED_EDGE ( 'NONE', *, *, #1125, .T. ) ;
#818 = EDGE_CURVE ( 'NONE', #435, #1548, #45, .T. ) ;
#819 = CARTESIAN_POINT ( 'NONE',  ( 30.50000000000000000, 3.500000000000000000, -2.500000000000003553 ) ) ;
#820 = VERTEX_POINT ( 'NONE', #542 ) ;
#821 = DIRECTION ( 'NONE',  ( -1.224646799147352221E-16, 0.000000000000000000, -1.000000000000000000 ) ) ;
#822 = CARTESIAN_POINT ( 'NONE',  ( 5.000000000000000000, 0.000000000000000000, 4.809701541812573154E-16 ) ) ;
#823 = VERTEX_POINT ( 'NONE', #1179 ) ;
#824 = AXIS2_PLACEMENT_3D ( 'NONE', #1109, #1327, #478 ) ;
#825 = AXIS2_PLACEMENT_3D ( 'NONE', #86, #116, #1455 ) ;
#826 = CIRCLE ( 'NONE', #1264, 0.7500000000000006661 ) ;
#827 = DIRECTION ( 'NONE',  ( -0.000000000000000000, -0.000000000000000000, 1.000000000000000000 ) ) ;
#828 = ORIENTED_EDGE ( 'NONE', *, *, #54, .T. ) ;
#829 = CIRCLE ( 'NONE', #571, 1.000000000000000888 ) ;
#830 = DIRECTION ( 'NONE',  ( -1.000000000000000000, 0.000000000000000000, 0.000000000000000000 ) ) ;
#831 = VERTEX_POINT ( 'NONE', #424 ) ;
#832 = LINE ( 'NONE', #1319, #489 ) ;
#833 = EDGE_CURVE ( 'NONE', #631, #766, #1087, .T. ) ;
#834 = FACE_OUTER_BOUND ( 'NONE', #861, .T. ) ;
#835 = ORIENTED_EDGE ( 'NONE', *, *, #425, .F. ) ;
#836 = CARTESIAN_POINT ( 'NONE',  ( 27.99999999999999645, 5.499999999999818812, -10.99999999999999112 ) ) ;
#837 = FACE_OUTER_BOUND ( 'NONE', #1322, .T. ) ;
#838 = ORIENTED_EDGE ( 'NONE', *, *, #925, .F. ) ;
#839 = DIRECTION ( 'NONE',  ( 1.000000000000000000, -0.000000000000000000, 1.445602896647340149E-16 ) ) ;
#840 = DIRECTION ( 'NONE',  ( 1.137523590804463822E-16, -0.000000000000000000, -1.000000000000000000 ) ) ;
#841 = VERTEX_POINT ( 'NONE', #1272 ) ;
#842 = EDGE_CURVE ( 'NONE', #1481, #1514, #699, .T. ) ;
#843 = FILL_AREA_STYLE ('',( #711 ) ) ;
#844 = ADVANCED_FACE ( 'NONE', ( #809 ), #436, .F. ) ;
#845 = DIRECTION ( 'NONE',  ( -0.000000000000000000, -1.000000000000000000, -0.000000000000000000 ) ) ;
#846 = APPLICATION_CONTEXT ( 'automotive_design' ) ;
#847 = ORIENTED_EDGE ( 'NONE', *, *, #299, .T. ) ;
#848 = CARTESIAN_POINT ( 'NONE',  ( 22.79999999999996163, 1.999999999999854783, -7.999999999999992895 ) ) ;
#849 = DIRECTION ( 'NONE',  ( -1.000000000000000000, 0.000000000000000000, 0.000000000000000000 ) ) ;
#850 = EDGE_LOOP ( 'NONE', ( #24, #60 ) ) ;
#851 = EDGE_CURVE ( 'NONE', #841, #762, #53, .T. ) ;
#852 = AXIS2_PLACEMENT_3D ( 'NONE', #1342, #855, #972 ) ;
#853 = CARTESIAN_POINT ( 'NONE',  ( 18.34999999999999787, 5.499999999999890754, -10.99999999999999289 ) ) ;
#854 = VECTOR ( 'NONE', #1365, 1000.000000000000000 ) ;
#855 = DIRECTION ( 'NONE',  ( 0.000000000000000000, 1.000000000000000000, 0.000000000000000000 ) ) ;
#856 = VECTOR ( 'NONE', #1181, 1000.000000000000000 ) ;
#857 = EDGE_LOOP ( 'NONE', ( #1043, #701, #847, #692 ) ) ;
#858 = DIRECTION ( 'NONE',  ( -0.000000000000000000, -0.000000000000000000, 1.000000000000000000 ) ) ;
#859 = ORIENTED_EDGE ( 'NONE', *, *, #897, .F. ) ;
#860 = CARTESIAN_POINT ( 'NONE',  ( 30.50000000000000000, 7.000000000000000000, 1.366863846790264196E-15 ) ) ;
#861 = EDGE_LOOP ( 'NONE', ( #1203, #541, #1468, #986, #931, #892, #396, #177 ) ) ;
#862 = CARTESIAN_POINT ( 'NONE',  ( 0.000000000000000000, 7.000000000000000000, 0.000000000000000000 ) ) ;
#863 = CARTESIAN_POINT ( 'NONE',  ( 2.000000000000001332, 5.500000000000000000, -10.99999999999999467 ) ) ;
#864 = EDGE_CURVE ( 'NONE', #868, #374, #452, .T. ) ;
#865 = DIRECTION ( 'NONE',  ( 0.000000000000000000, 0.000000000000000000, 1.000000000000000000 ) ) ;
#866 = VERTEX_POINT ( 'NONE', #302 ) ;
#867 = FACE_OUTER_BOUND ( 'NONE', #1463, .T. ) ;
#868 = VERTEX_POINT ( 'NONE', #1413 ) ;
#869 = DIRECTION ( 'NONE',  ( -1.000000000000000000, 0.000000000000000000, -1.137523590804463822E-16 ) ) ;
#870 = DIRECTION ( 'NONE',  ( -1.445602896647340149E-16, -0.000000000000000000, 1.000000000000000000 ) ) ;
#871 = EDGE_CURVE ( 'NONE', #149, #1172, #799, .T. ) ;
#872 = DIRECTION ( 'NONE',  ( -0.000000000000000000, 1.000000000000000000, -0.000000000000000000 ) ) ;
#873 = ORIENTED_EDGE ( 'NONE', *, *, #975, .F. ) ;
#874 = DIRECTION ( 'NONE',  ( -0.000000000000000000, 1.000000000000000000, -0.000000000000000000 ) ) ;
#875 = ORIENTED_EDGE ( 'NONE', *, *, #6, .T. ) ;
#876 = EDGE_CURVE ( 'NONE', #461, #238, #826, .T. ) ;
#877 = DIRECTION ( 'NONE',  ( -0.000000000000000000, -0.000000000000000000, 1.000000000000000000 ) ) ;
#878 = CIRCLE ( 'NONE', #175, 0.7500000000000006661 ) ;
#879 = AXIS2_PLACEMENT_3D ( 'NONE', #210, #712, #1325 ) ;
#880 = FACE_BOUND ( 'NONE', #1373, .T. ) ;
#881 = AXIS2_PLACEMENT_3D ( 'NONE', #163, #1299, #1283 ) ;
#882 = DIRECTION ( 'NONE',  ( 1.137523590804463822E-16, 0.000000000000000000, -1.000000000000000000 ) ) ;
#883 = CIRCLE ( 'NONE', #181, 1.000000000000000222 ) ;
#884 = EDGE_LOOP ( 'NONE', ( #1476, #1026 ) ) ;
#885 = EDGE_CURVE ( 'NONE', #841, #477, #285, .T. ) ;
#886 = PLANE ( 'NONE',  #83 ) ;
#887 = DIRECTION ( 'NONE',  ( 1.137523590804463822E-16, -0.000000000000000000, -1.000000000000000000 ) ) ;
#888 = DIRECTION ( 'NONE',  ( 1.137523590804463822E-16, 0.000000000000000000, -1.000000000000000000 ) ) ;
#889 = VERTEX_POINT ( 'NONE', #1422 ) ;
#890 = CARTESIAN_POINT ( 'NONE',  ( 22.79999999999996163, 1.999999999999854783, -7.999999999999992895 ) ) ;
#891 = DIRECTION ( 'NONE',  ( -1.000000000000000000, 0.000000000000000000, 0.000000000000000000 ) ) ;
#892 = ORIENTED_EDGE ( 'NONE', *, *, #460, .F. ) ;
#893 = CARTESIAN_POINT ( 'NONE',  ( 4.999999999999998224, 7.000000000000000000, -8.999999999999994671 ) ) ;
#894 = ORIENTED_EDGE ( 'NONE', *, *, #818, .F. ) ;
#895 = CARTESIAN_POINT ( 'NONE',  ( 3.549999999999934985, 7.000000000000000000, -4.750000000000219380 ) ) ;
#896 = VERTEX_POINT ( 'NONE', #662 ) ;
#897 = EDGE_CURVE ( 'NONE', #823, #616, #1115, .T. ) ;
#898 = CARTESIAN_POINT ( 'NONE',  ( 1.500000000000000222, 1.500000000000000000, 8.673617379884035472E-16 ) ) ;
#899 = LINE ( 'NONE', #23, #48 ) ;
#900 = ORIENTED_EDGE ( 'NONE', *, *, #1133, .F. ) ;
#901 = LINE ( 'NONE', #1200, #1196 ) ;
#902 = DIRECTION ( 'NONE',  ( 0.000000000000000000, -1.000000000000000000, 0.000000000000000000 ) ) ;
#903 = ORIENTED_EDGE ( 'NONE', *, *, #876, .F. ) ;
#904 = FACE_OUTER_BOUND ( 'NONE', #295, .T. ) ;
#905 = VECTOR ( 'NONE', #845, 1000.000000000000000 ) ;
#906 = AXIS2_PLACEMENT_3D ( 'NONE', #1037, #562, #1429 ) ;
#907 = CYLINDRICAL_SURFACE ( 'NONE', #1437, 0.7499999999999997780 ) ;
#908 = AXIS2_PLACEMENT_3D ( 'NONE', #1022, #1003, #404 ) ;
#909 = ORIENTED_EDGE ( 'NONE', *, *, #122, .F. ) ;
#910 = AXIS2_PLACEMENT_3D ( 'NONE', #576, #1577, #715 ) ;
#911 = CARTESIAN_POINT ( 'NONE',  ( 27.24999999999993250, 4.500000000000000888, -4.750000000000137668 ) ) ;
#912 = CARTESIAN_POINT ( 'NONE',  ( 27.24999999999993250, 7.000000000000000000, -4.750000000000137668 ) ) ;
#913 = EDGE_LOOP ( 'NONE', ( #405, #133, #981, #649 ) ) ;
#914 = CARTESIAN_POINT ( 'NONE',  ( 12.39999999999996483, 1.999999999999926725, -10.99999999999999289 ) ) ;
#915 = CARTESIAN_POINT ( 'NONE',  ( 7.200000000000001066, 5.499999999999963585, -7.999999999999992895 ) ) ;
#916 = EDGE_LOOP ( 'NONE', ( #44, #456 ) ) ;
#917 = EDGE_CURVE ( 'NONE', #190, #889, #419, .T. ) ;
#918 = EDGE_CURVE ( 'NONE', #754, #1094, #1091, .T. ) ;
#919 = CARTESIAN_POINT ( 'NONE',  ( 30.49999999999999645, 0.000000000000000000, -14.00000000000000178 ) ) ;
#920 = MANIFOLD_SOLID_BREP ( 'Cut-Extrude6', #358 ) ;
#921 = EDGE_LOOP ( 'NONE', ( #254, #211, #1498, #664 ) ) ;
#922 = FACE_OUTER_BOUND ( 'NONE', #90, .T. ) ;
#923 = CARTESIAN_POINT ( 'NONE',  ( 27.00000000000000000, 3.500000000000000000, -10.99999999999999112 ) ) ;
#924 = ORIENTED_EDGE ( 'NONE', *, *, #952, .F. ) ;
#925 = EDGE_CURVE ( 'NONE', #977, #1094, #233, .T. ) ;
#926 = CARTESIAN_POINT ( 'NONE',  ( 5.000000000000000000, 0.000000000000000000, 4.809701541812573154E-16 ) ) ;
#927 = VERTEX_POINT ( 'NONE', #115 ) ;
#928 = DIRECTION ( 'NONE',  ( -0.000000000000000000, -0.000000000000000000, 1.000000000000000000 ) ) ;
#929 = AXIS2_PLACEMENT_3D ( 'NONE', #748, #887, #1371 ) ;
#930 = FACE_OUTER_BOUND ( 'NONE', #661, .T. ) ;
#931 = ORIENTED_EDGE ( 'NONE', *, *, #410, .F. ) ;
#932 = AXIS2_PLACEMENT_3D ( 'NONE', #1553, #1438, #218 ) ;
#933 = VECTOR ( 'NONE', #1250, 1000.000000000000000 ) ;
#934 = EDGE_CURVE ( 'NONE', #356, #1417, #1242, .T. ) ;
#935 = VECTOR ( 'NONE', #499, 1000.000000000000000 ) ;
#936 = DIRECTION ( 'NONE',  ( 0.000000000000000000, 0.000000000000000000, 1.000000000000000000 ) ) ;
#937 = CIRCLE ( 'NONE', #1118, 0.7500000000000006661 ) ;
#938 = ORIENTED_EDGE ( 'NONE', *, *, #627, .F. ) ;
#939 = DIRECTION ( 'NONE',  ( -1.000000000000000000, 0.000000000000000000, 0.000000000000000000 ) ) ;
#940 = PLANE ( 'NONE',  #1012 ) ;
#941 = ORIENTED_EDGE ( 'NONE', *, *, #1350, .T. ) ;
#942 = ADVANCED_FACE ( 'NONE', ( #1461, #1075 ), #1558, .F. ) ;
#943 = FACE_BOUND ( 'NONE', #454, .T. ) ;
#944 = ORIENTED_EDGE ( 'NONE', *, *, #187, .F. ) ;
#945 = CARTESIAN_POINT ( 'NONE',  ( 27.99999999999999645, 5.499999999999818812, -7.999999999999989342 ) ) ;
#946 = DIRECTION ( 'NONE',  ( 1.137523590804463822E-16, -0.000000000000000000, -1.000000000000000000 ) ) ;
#947 = DIRECTION ( 'NONE',  ( -0.000000000000000000, -1.000000000000000000, -0.000000000000000000 ) ) ;
#948 = ORIENTED_EDGE ( 'NONE', *, *, #596, .F. ) ;
#949 = DIRECTION ( 'NONE',  ( 0.000000000000000000, 0.000000000000000000, -1.000000000000000000 ) ) ;
#950 = ORIENTED_EDGE ( 'NONE', *, *, #299, .F. ) ;
#951 = DIRECTION ( 'NONE',  ( -1.000000000000000000, 0.000000000000000000, 0.000000000000000000 ) ) ;
#952 = EDGE_CURVE ( 'NONE', #534, #1018, #1493, .T. ) ;
#953 = CARTESIAN_POINT ( 'NONE',  ( 22.80000000000000071, 5.499999999999855227, -9.299999999999993605 ) ) ;
#954 = APPLICATION_PROTOCOL_DEFINITION ( 'draft international standard', 'automotive_design', 1998, #846 ) ;
#955 = ORIENTED_EDGE ( 'NONE', *, *, #1204, .T. ) ;
#956 = VECTOR ( 'NONE', #1223, 1000.000000000000000 ) ;
#957 = AXIS2_PLACEMENT_3D ( 'NONE', #1055, #1547, #1175 ) ;
#958 = AXIS2_PLACEMENT_3D ( 'NONE', #1393, #775, #644 ) ;
#959 = CARTESIAN_POINT ( 'NONE',  ( 1.250000000000000888, 5.500000000000000000, -7.999999999999992895 ) ) ;
#960 = ORIENTED_EDGE ( 'NONE', *, *, #1256, .T. ) ;
#961 = CIRCLE ( 'NONE', #1416, 1.000000000000000888 ) ;
#962 =( GEOMETRIC_REPRESENTATION_CONTEXT ( 3 ) GLOBAL_UNCERTAINTY_ASSIGNED_CONTEXT ( ( #310 ) ) GLOBAL_UNIT_ASSIGNED_CONTEXT ( ( #1386, #1034, #35 ) ) REPRESENTATION_CONTEXT ( 'NONE', 'WORKASPACE' ) );
#963 = DIRECTION ( 'NONE',  ( -1.000000000000000000, 0.000000000000000000, 0.000000000000000000 ) ) ;
#964 = DIRECTION ( 'NONE',  ( 1.137523590804463822E-16, -0.000000000000000000, -1.000000000000000000 ) ) ;
#965 = EDGE_LOOP ( 'NONE', ( #1440, #1300 ) ) ;
#966 = LINE ( 'NONE', #1085, #1387 ) ;
#967 = ADVANCED_FACE ( 'NONE', ( #1331 ), #1552, .F. ) ;
#968 = EDGE_CURVE ( 'NONE', #896, #1421, #1194, .T. ) ;
#969 = DIRECTION ( 'NONE',  ( 0.000000000000000000, 0.000000000000000000, -1.000000000000000000 ) ) ;
#970 = ORIENTED_EDGE ( 'NONE', *, *, #1369, .F. ) ;
#971 = CARTESIAN_POINT ( 'NONE',  ( 30.50000000000000000, 0.000000000000000000, -2.500000000000003997 ) ) ;
#972 = DIRECTION ( 'NONE',  ( 0.000000000000000000, 0.000000000000000000, 1.000000000000000000 ) ) ;
#973 = VERTEX_POINT ( 'NONE', #357 ) ;
#974 = CYLINDRICAL_SURFACE ( 'NONE', #1414, 0.7500000000000006661 ) ;
#975 = EDGE_CURVE ( 'NONE', #616, #1178, #725, .T. ) ;
#976 = FACE_BOUND ( 'NONE', #1147, .T. ) ;
#977 = VERTEX_POINT ( 'NONE', #971 ) ;
#978 = UNCERTAINTY_MEASURE_WITH_UNIT (LENGTH_MEASURE( 1.000000000000000082E-05 ), #1190, 'distance_accuracy_value', 'NONE');
#979 = CARTESIAN_POINT ( 'NONE',  ( 29.00000000000000000, 1.500000000000000000, -2.499999999999973355 ) ) ;
#980 = LINE ( 'NONE', #110, #724 ) ;
#981 = ORIENTED_EDGE ( 'NONE', *, *, #122, .T. ) ;
#982 = CARTESIAN_POINT ( 'NONE',  ( 30.50000000000000000, 7.000000000000000000, 1.366863846790264196E-15 ) ) ;
#983 = ORIENTED_EDGE ( 'NONE', *, *, #142, .F. ) ;
#984 = AXIS2_PLACEMENT_3D ( 'NONE', #1525, #1297, #453 ) ;
#985 = FACE_OUTER_BOUND ( 'NONE', #1290, .T. ) ;
#986 = ORIENTED_EDGE ( 'NONE', *, *, #1479, .T. ) ;
#987 = AXIS2_PLACEMENT_3D ( 'NONE', #225, #492, #1580 ) ;
#988 = DIRECTION ( 'NONE',  ( -1.000000000000000000, 0.000000000000000000, 0.000000000000000000 ) ) ;
#989 = ADVANCED_FACE ( 'NONE', ( #1587 ), #1080, .T. ) ;
#990 = VECTOR ( 'NONE', #1124, 1000.000000000000000 ) ;
#991 = LINE ( 'NONE', #1076, #1336 ) ;
#992 = AXIS2_PLACEMENT_3D ( 'NONE', #1458, #354, #849 ) ;
#993 = DIRECTION ( 'NONE',  ( 1.137523590804463822E-16, -0.000000000000000000, -1.000000000000000000 ) ) ;
#994 = DIRECTION ( 'NONE',  ( -0.000000000000000000, -0.000000000000000000, -1.000000000000000000 ) ) ;
#995 = ORIENTED_EDGE ( 'NONE', *, *, #6, .F. ) ;
#996 = CARTESIAN_POINT ( 'NONE',  ( 6.450000000000001066, 5.499999999999963585, -9.299999999999993605 ) ) ;
#997 = EDGE_CURVE ( 'NONE', #277, #327, #1098, .T. ) ;
#998 = DIRECTION ( 'NONE',  ( -1.000000000000000000, 0.000000000000000000, -9.619403083625145814E-17 ) ) ;
#999 = CARTESIAN_POINT ( 'NONE',  ( 0.000000000000000000, 3.500000000000000000, -2.500000000000000444 ) ) ;
#1000 = ORIENTED_EDGE ( 'NONE', *, *, #1576, .F. ) ;
#1001 = DIRECTION ( 'NONE',  ( -1.000000000000000000, 0.000000000000000000, 0.000000000000000000 ) ) ;
#1002 = CARTESIAN_POINT ( 'NONE',  ( 16.84999999999999787, 5.499999999999890754, -9.299999999999993605 ) ) ;
#1003 = DIRECTION ( 'NONE',  ( 1.137523590804463822E-16, 0.000000000000000000, -1.000000000000000000 ) ) ;
#1004 = CARTESIAN_POINT ( 'NONE',  ( 30.49999999999999645, 7.000000000000000000, -10.99999999999999112 ) ) ;
#1005 = EDGE_CURVE ( 'NONE', #762, #71, #620, .T. ) ;
#1006 = CARTESIAN_POINT ( 'NONE',  ( 27.24999999999999645, 5.499999999999818812, -7.999999999999989342 ) ) ;
#1007 = ORIENTED_EDGE ( 'NONE', *, *, #968, .T. ) ;
#1008 = CARTESIAN_POINT ( 'NONE',  ( 3.549999999999934985, 4.500000000000000888, -5.750000000000220268 ) ) ;
#1009 = VERTEX_POINT ( 'NONE', #853 ) ;
#1010 = CARTESIAN_POINT ( 'NONE',  ( 2.500000000000000444, 1.500000000000000222, 7.500000000000027534 ) ) ;
#1011 = ORIENTED_EDGE ( 'NONE', *, *, #1073, .T. ) ;
#1012 = AXIS2_PLACEMENT_3D ( 'NONE', #1303, #688, #68 ) ;
#1013 = AXIS2_PLACEMENT_3D ( 'NONE', #898, #406, #1496 ) ;
#1014 = DIRECTION ( 'NONE',  ( -1.445602896647340149E-16, -0.000000000000000000, 1.000000000000000000 ) ) ;
#1015 = CIRCLE ( 'NONE', #311, 0.7500000000000000000 ) ;
#1016 = DIRECTION ( 'NONE',  ( -1.000000000000000000, 0.000000000000000000, 0.000000000000000000 ) ) ;
#1017 = PRODUCT_DEFINITION_FORMATION_WITH_SPECIFIED_SOURCE ( 'Symmetric', '', #206, .NOT_KNOWN. ) ;
#1018 = VERTEX_POINT ( 'NONE', #324 ) ;
#1019 = DIRECTION ( 'NONE',  ( -0.000000000000000000, 1.000000000000000000, -0.000000000000000000 ) ) ;
#1020 = EDGE_CURVE ( 'NONE', #277, #1304, #742, .T. ) ;
#1021 = ORIENTED_EDGE ( 'NONE', *, *, #118, .F. ) ;
#1022 = CARTESIAN_POINT ( 'NONE',  ( 22.80000000000000071, 5.499999999999855227, -10.99999999999999289 ) ) ;
#1023 = ORIENTED_EDGE ( 'NONE', *, *, #530, .T. ) ;
#1024 = PLANE ( 'NONE',  #253 ) ;
#1025 = CARTESIAN_POINT ( 'NONE',  ( 12.39999999999996483, 1.999999999999926725, -10.99999999999999289 ) ) ;
#1026 = ORIENTED_EDGE ( 'NONE', *, *, #842, .F. ) ;
#1027 = EDGE_CURVE ( 'NONE', #927, #486, #829, .T. ) ;
#1028 = DIRECTION ( 'NONE',  ( -0.000000000000000000, -0.000000000000000000, 1.000000000000000000 ) ) ;
#1029 = DIRECTION ( 'NONE',  ( -1.000000000000000000, 0.000000000000000000, 0.000000000000000000 ) ) ;
#1030 = ORIENTED_EDGE ( 'NONE', *, *, #539, .T. ) ;
#1031 = DIRECTION ( 'NONE',  ( 1.137523590804463822E-16, -0.000000000000000000, -1.000000000000000000 ) ) ;
#1032 = CARTESIAN_POINT ( 'NONE',  ( 13.14999999999996483, 1.999999999999926725, -7.999999999999992895 ) ) ;
#1033 = ORIENTED_EDGE ( 'NONE', *, *, #917, .T. ) ;
#1034 =( NAMED_UNIT ( * ) PLANE_ANGLE_UNIT ( ) SI_UNIT ( $, .RADIAN. ) );
#1035 = DIRECTION ( 'NONE',  ( -1.000000000000000000, 0.000000000000000000, 0.000000000000000000 ) ) ;
#1036 = EDGE_LOOP ( 'NONE', ( #184, #50, #162, #186 ) ) ;
#1037 = CARTESIAN_POINT ( 'NONE',  ( 29.00000000000000000, 1.500000000000000000, 7.500000000000027534 ) ) ;
#1038 = AXIS2_PLACEMENT_3D ( 'NONE', #1025, #882, #1510 ) ;
#1039 = EDGE_CURVE ( 'NONE', #1269, #433, #375, .T. ) ;
#1040 = STYLED_ITEM ( 'NONE', ( #1198 ), #920 ) ;
#1041 = DIRECTION ( 'NONE',  ( 1.137523590804463822E-16, -0.000000000000000000, -1.000000000000000000 ) ) ;
#1042 = VECTOR ( 'NONE', #434, 1000.000000000000000 ) ;
#1043 = ORIENTED_EDGE ( 'NONE', *, *, #1054, .T. ) ;
#1044 = AXIS2_PLACEMENT_3D ( 'NONE', #284, #202, #1397 ) ;
#1045 = EDGE_LOOP ( 'NONE', ( #74, #38, #1405, #652 ) ) ;
#1046 = CARTESIAN_POINT ( 'NONE',  ( 0.000000000000000000, 7.000000000000000000, 0.000000000000000000 ) ) ;
#1047 = ADVANCED_FACE ( 'NONE', ( #654 ), #395, .T. ) ;
#1048 = DIRECTION ( 'NONE',  ( -1.000000000000000000, -0.000000000000000000, -1.239088197126290817E-16 ) ) ;
#1049 = VERTEX_POINT ( 'NONE', #996 ) ;
#1050 = EDGE_CURVE ( 'NONE', #515, #1326, #1015, .T. ) ;
#1051 = CARTESIAN_POINT ( 'NONE',  ( 0.000000000000000000, 7.000000000000000000, 0.000000000000000000 ) ) ;
#1052 = EDGE_LOOP ( 'NONE', ( #1298, #298, #470, #1033 ) ) ;
#1053 = DIRECTION ( 'NONE',  ( -0.000000000000000000, -1.000000000000000000, -0.000000000000000000 ) ) ;
#1054 = EDGE_CURVE ( 'NONE', #1514, #1481, #287, .T. ) ;
#1055 = CARTESIAN_POINT ( 'NONE',  ( 2.000000000000000888, 5.500000000000000000, -7.999999999999992895 ) ) ;
#1056 = EDGE_CURVE ( 'NONE', #789, #1009, #772, .T. ) ;
#1057 = ORIENTED_EDGE ( 'NONE', *, *, #1419, .T. ) ;
#1058 = CARTESIAN_POINT ( 'NONE',  ( 7.200000000000001066, 5.499999999999963585, -10.99999999999999467 ) ) ;
#1059 = VERTEX_POINT ( 'NONE', #1372 ) ;
#1060 = DIRECTION ( 'NONE',  ( -1.000000000000000000, 0.000000000000000000, 0.000000000000000000 ) ) ;
#1061 = LINE ( 'NONE', #810, #464 ) ;
#1062 = ORIENTED_EDGE ( 'NONE', *, *, #629, .F. ) ;
#1063 = CIRCLE ( 'NONE', #987, 0.7500000000000000000 ) ;
#1064 = AXIS2_PLACEMENT_3D ( 'NONE', #912, #806, #936 ) ;
#1065 = CARTESIAN_POINT ( 'NONE',  ( 11.65000000000000036, 5.499999999999927169, -10.99999999999999289 ) ) ;
#1066 = MECHANICAL_DESIGN_GEOMETRIC_PRESENTATION_REPRESENTATION (  '', ( #1470 ), #703 ) ;
#1067 = ORIENTED_EDGE ( 'NONE', *, *, #735, .T. ) ;
#1068 = DIRECTION ( 'NONE',  ( -1.000000000000000000, 0.000000000000000000, 0.000000000000000000 ) ) ;
#1069 = CARTESIAN_POINT ( 'NONE',  ( 0.000000000000000000, 0.000000000000000000, -2.500000000000000444 ) ) ;
#1070 =( NAMED_UNIT ( * ) SI_UNIT ( $, .STERADIAN. ) SOLID_ANGLE_UNIT ( ) );
#1071 = ORIENTED_EDGE ( 'NONE', *, *, #118, .T. ) ;
#1072 = CARTESIAN_POINT ( 'NONE',  ( 22.80000000000000071, 5.499999999999855227, -9.299999999999993605 ) ) ;
#1073 = EDGE_CURVE ( 'NONE', #433, #1100, #1469, .T. ) ;
#1074 = ORIENTED_EDGE ( 'NONE', *, *, #270, .F. ) ;
#1075 = FACE_OUTER_BOUND ( 'NONE', #170, .T. ) ;
#1076 = CARTESIAN_POINT ( 'NONE',  ( 25.50000000000000000, 0.000000000000000000, -9.299999999999993605 ) ) ;
#1077 = ORIENTED_EDGE ( 'NONE', *, *, #997, .F. ) ;
#1078 = FACE_BOUND ( 'NONE', #1403, .T. ) ;
#1079 = EDGE_LOOP ( 'NONE', ( #1074, #737, #828, #164 ) ) ;
#1080 = PLANE ( 'NONE',  #597 ) ;
#1081 = DIRECTION ( 'NONE',  ( -2.478176394252581141E-16, -0.000000000000000000, -1.000000000000000000 ) ) ;
#1082 = EDGE_CURVE ( 'NONE', #1176, #537, #1149, .T. ) ;
#1083 = ORIENTED_EDGE ( 'NONE', *, *, #89, .F. ) ;
#1084 = EDGE_CURVE ( 'NONE', #120, #1130, #1241, .T. ) ;
#1085 = CARTESIAN_POINT ( 'NONE',  ( 0.000000000000000000, 7.000000000000000000, 0.000000000000000000 ) ) ;
#1086 = AXIS2_PLACEMENT_3D ( 'NONE', #519, #40, #1016 ) ;
#1087 = CIRCLE ( 'NONE', #570, 0.7500000000000006661 ) ;
#1088 = FACE_BOUND ( 'NONE', #1247, .T. ) ;
#1089 = ORIENTED_EDGE ( 'NONE', *, *, #1575, .T. ) ;
#1090 = CIRCLE ( 'NONE', #1268, 0.7500000000000006661 ) ;
#1091 = LINE ( 'NONE', #704, #491 ) ;
#1092 = EDGE_CURVE ( 'NONE', #1330, #973, #522, .T. ) ;
#1093 = DIRECTION ( 'NONE',  ( 0.000000000000000000, -0.000000000000000000, 1.000000000000000000 ) ) ;
#1094 = VERTEX_POINT ( 'NONE', #156 ) ;
#1095 = CYLINDRICAL_SURFACE ( 'NONE', #1111, 0.7500000000000006661 ) ;
#1096 = CARTESIAN_POINT ( 'NONE',  ( 28.00000000000000000, 1.500000000000000000, 1.857188155891542637E-15 ) ) ;
#1097 = ORIENTED_EDGE ( 'NONE', *, *, #975, .T. ) ;
#1098 = LINE ( 'NONE', #1579, #1219 ) ;
#1099 = LINE ( 'NONE', #344, #75 ) ;
#1100 = VERTEX_POINT ( 'NONE', #514 ) ;
#1101 = DIRECTION ( 'NONE',  ( -1.000000000000000000, 0.000000000000000000, 0.000000000000000000 ) ) ;
#1102 = EDGE_CURVE ( 'NONE', #1059, #1229, #804, .T. ) ;
#1103 = ORIENTED_EDGE ( 'NONE', *, *, #1527, .T. ) ;
#1104 = DIRECTION ( 'NONE',  ( -1.000000000000000000, 0.000000000000000000, 0.000000000000000000 ) ) ;
#1105 = ORIENTED_EDGE ( 'NONE', *, *, #142, .T. ) ;
#1106 = DIRECTION ( 'NONE',  ( 1.137523590804463822E-16, -0.000000000000000000, -1.000000000000000000 ) ) ;
#1107 = DIRECTION ( 'NONE',  ( -0.000000000000000000, -0.000000000000000000, -1.000000000000000000 ) ) ;
#1108 = ORIENTED_EDGE ( 'NONE', *, *, #1560, .T. ) ;
#1109 = CARTESIAN_POINT ( 'NONE',  ( 17.59999999999999787, 5.499999999999890754, -10.99999999999999289 ) ) ;
#1110 = EDGE_LOOP ( 'NONE', ( #1281, #587, #1160, #565 ) ) ;
#1111 = AXIS2_PLACEMENT_3D ( 'NONE', #1473, #119, #1565 ) ;
#1112 = CIRCLE ( 'NONE', #1360, 0.7500000000000006661 ) ;
#1113 = FACE_OUTER_BOUND ( 'NONE', #561, .T. ) ;
#1114 = ORIENTED_EDGE ( 'NONE', *, *, #305, .F. ) ;
#1115 = CIRCLE ( 'NONE', #283, 0.7500000000000006661 ) ;
#1116 = CARTESIAN_POINT ( 'NONE',  ( 4.999999999999998224, 7.000000000000000000, -9.299999999999993605 ) ) ;
#1117 = AXIS2_PLACEMENT_3D ( 'NONE', #1140, #1255, #765 ) ;
#1118 = AXIS2_PLACEMENT_3D ( 'NONE', #1370, #1500, #1482 ) ;
#1119 = CARTESIAN_POINT ( 'NONE',  ( 5.000000000000000000, 7.000000000000000000, 4.809701541812573154E-16 ) ) ;
#1120 = FACE_OUTER_BOUND ( 'NONE', #481, .T. ) ;
#1121 = ORIENTED_EDGE ( 'NONE', *, *, #871, .T. ) ;
#1122 = DIRECTION ( 'NONE',  ( 1.927470528863120528E-16, 0.000000000000000000, 1.000000000000000000 ) ) ;
#1123 = DIRECTION ( 'NONE',  ( 1.137523590804463822E-16, -0.000000000000000000, -1.000000000000000000 ) ) ;
#1124 = DIRECTION ( 'NONE',  ( 1.137523590804463822E-16, -0.000000000000000000, -1.000000000000000000 ) ) ;
#1125 = EDGE_CURVE ( 'NONE', #9, #1578, #241, .T. ) ;
#1126 = DIRECTION ( 'NONE',  ( -1.000000000000000000, 0.000000000000000000, 0.000000000000000000 ) ) ;
#1127 = DIRECTION ( 'NONE',  ( -1.000000000000000000, 0.000000000000000000, 0.000000000000000000 ) ) ;
#1128 = ORIENTED_EDGE ( 'NONE', *, *, #708, .T. ) ;
#1129 = LINE ( 'NONE', #1008, #1314 ) ;
#1130 = VERTEX_POINT ( 'NONE', #1116 ) ;
#1131 = CARTESIAN_POINT ( 'NONE',  ( 3.500000000000000000, 0.000000000000000000, -2.500000000000000000 ) ) ;
#1132 = CARTESIAN_POINT ( 'NONE',  ( 13.14999999999996483, 1.999999999999926725, -10.99999999999999289 ) ) ;
#1133 = EDGE_CURVE ( 'NONE', #47, #977, #506, .T. ) ;
#1134 = DIRECTION ( 'NONE',  ( 1.137523590804463822E-16, 0.000000000000000000, -1.000000000000000000 ) ) ;
#1135 = EDGE_LOOP ( 'NONE', ( #684, #1563, #288, #400 ) ) ;
#1136 = EDGE_CURVE ( 'NONE', #47, #754, #525, .T. ) ;
#1137 = DIRECTION ( 'NONE',  ( -1.000000000000000000, 0.000000000000000000, 1.927470528863120528E-16 ) ) ;
#1138 = ORIENTED_EDGE ( 'NONE', *, *, #639, .F. ) ;
#1139 = AXIS2_PLACEMENT_3D ( 'NONE', #8, #839, #721 ) ;
#1140 = CARTESIAN_POINT ( 'NONE',  ( 12.39999999999996483, 1.999999999999926725, -9.299999999999993605 ) ) ;
#1141 = ORIENTED_EDGE ( 'NONE', *, *, #558, .T. ) ;
#1142 = AXIS2_PLACEMENT_3D ( 'NONE', #792, #1165, #1060 ) ;
#1143 = CARTESIAN_POINT ( 'NONE',  ( 27.00000000000000000, 3.500000000000000000, -2.500000000000000000 ) ) ;
#1144 = AXIS2_PLACEMENT_3D ( 'NONE', #1404, #49, #43 ) ;
#1145 = EDGE_CURVE ( 'NONE', #232, #484, #466, .T. ) ;
#1146 = LINE ( 'NONE', #1006, #98 ) ;
#1147 = EDGE_LOOP ( 'NONE', ( #592, #948 ) ) ;
#1148 = ORIENTED_EDGE ( 'NONE', *, *, #13, .T. ) ;
#1149 = LINE ( 'NONE', #862, #1392 ) ;
#1150 = ORIENTED_EDGE ( 'NONE', *, *, #1039, .F. ) ;
#1151 = DIRECTION ( 'NONE',  ( -0.000000000000000000, -1.000000000000000000, -0.000000000000000000 ) ) ;
#1152 = DIRECTION ( 'NONE',  ( 1.137523590804463822E-16, -0.000000000000000000, -1.000000000000000000 ) ) ;
#1153 = VERTEX_POINT ( 'NONE', #1484 ) ;
#1154 = DIRECTION ( 'NONE',  ( 0.000000000000000000, 0.000000000000000000, 1.000000000000000000 ) ) ;
#1155 = EDGE_CURVE ( 'NONE', #308, #1363, #495, .T. ) ;
#1156 = DIRECTION ( 'NONE',  ( 9.912705577010328508E-16, -0.000000000000000000, 1.000000000000000000 ) ) ;
#1157 = EDGE_LOOP ( 'NONE', ( #633, #301, #1023, #1333 ) ) ;
#1158 = CARTESIAN_POINT ( 'NONE',  ( 12.40000000000000213, 5.499999999999927169, -9.299999999999993605 ) ) ;
#1159 = CYLINDRICAL_SURFACE ( 'NONE', #1216, 0.7500000000000006661 ) ;
#1160 = ORIENTED_EDGE ( 'NONE', *, *, #1161, .F. ) ;
#1161 = EDGE_CURVE ( 'NONE', #1411, #866, #758, .T. ) ;
#1162 = CARTESIAN_POINT ( 'NONE',  ( 23.55000000000000071, 5.499999999999855227, -9.299999999999993605 ) ) ;
#1163 = EDGE_LOOP ( 'NONE', ( #219, #20, #1114, #427 ) ) ;
#1164 = CIRCLE ( 'NONE', #824, 0.7500000000000006661 ) ;
#1165 = DIRECTION ( 'NONE',  ( 1.137523590804463822E-16, -0.000000000000000000, -1.000000000000000000 ) ) ;
#1166 = VECTOR ( 'NONE', #1041, 1000.000000000000000 ) ;
#1167 = VECTOR ( 'NONE', #1053, 1000.000000000000000 ) ;
#1168 = CARTESIAN_POINT ( 'NONE',  ( 25.50000000000000000, 0.000000000000000000, 1.979187246363940331E-15 ) ) ;
#1169 = AXIS2_PLACEMENT_3D ( 'NONE', #1420, #185, #1029 ) ;
#1170 = ORIENTED_EDGE ( 'NONE', *, *, #500, .T. ) ;
#1171 = CARTESIAN_POINT ( 'NONE',  ( 23.55000000000000071, 5.499999999999855227, -7.999999999999992895 ) ) ;
#1172 = VERTEX_POINT ( 'NONE', #1131 ) ;
#1173 = EDGE_CURVE ( 'NONE', #831, #1239, #961, .T. ) ;
#1174 = DIRECTION ( 'NONE',  ( 1.000000000000000000, -0.000000000000000000, -1.224646799147352221E-16 ) ) ;
#1175 = DIRECTION ( 'NONE',  ( -1.000000000000000000, 0.000000000000000000, 0.000000000000000000 ) ) ;
#1176 = VERTEX_POINT ( 'NONE', #1051 ) ;
#1177 = FACE_OUTER_BOUND ( 'NONE', #1079, .T. ) ;
#1178 = VERTEX_POINT ( 'NONE', #286 ) ;
#1179 = CARTESIAN_POINT ( 'NONE',  ( 11.65000000000000036, 5.499999999999927169, -9.299999999999993605 ) ) ;
#1180 = LINE ( 'NONE', #563, #251 ) ;
#1181 = DIRECTION ( 'NONE',  ( -1.000000000000000000, -0.000000000000000000, -1.239088197126290817E-16 ) ) ;
#1182 = ORIENTED_EDGE ( 'NONE', *, *, #1249, .F. ) ;
#1183 = EDGE_CURVE ( 'NONE', #973, #1421, #1529, .T. ) ;
#1184 = DIRECTION ( 'NONE',  ( -1.000000000000000000, 0.000000000000000000, 0.000000000000000000 ) ) ;
#1185 = ORIENTED_EDGE ( 'NONE', *, *, #635, .F. ) ;
#1186 = DIRECTION ( 'NONE',  ( 1.000000000000000000, -0.000000000000000000, 0.000000000000000000 ) ) ;
#1187 = AXIS2_PLACEMENT_3D ( 'NONE', #738, #1351, #338 ) ;
#1188 = CIRCLE ( 'NONE', #802, 0.7500000000000006661 ) ;
#1189 = CARTESIAN_POINT ( 'NONE',  ( 27.00000000000000000, 3.500000000000000000, -10.99999999999999112 ) ) ;
#1190 =( LENGTH_UNIT ( ) NAMED_UNIT ( * ) SI_UNIT ( .MILLI., .METRE. ) );
#1191 = ORIENTED_EDGE ( 'NONE', *, *, #918, .T. ) ;
#1192 = CIRCLE ( 'NONE', #958, 0.7499999999999997780 ) ;
#1193 = CIRCLE ( 'NONE', #78, 0.7500000000000006661 ) ;
#1194 = CIRCLE ( 'NONE', #81, 1.000000000000000888 ) ;
#1195 = FACE_BOUND ( 'NONE', #1339, .T. ) ;
#1196 = VECTOR ( 'NONE', #531, 1000.000000000000000 ) ;
#1197 = ORIENTED_EDGE ( 'NONE', *, *, #439, .F. ) ;
#1198 = PRESENTATION_STYLE_ASSIGNMENT (( #1341 ) ) ;
#1199 = DIRECTION ( 'NONE',  ( 0.000000000000000000, 1.000000000000000000, 0.000000000000000000 ) ) ;
#1200 = CARTESIAN_POINT ( 'NONE',  ( 27.24999999999993250, 4.500000000000000888, -3.750000000000135891 ) ) ;
#1201 = ORIENTED_EDGE ( 'NONE', *, *, #627, .T. ) ;
#1202 = CARTESIAN_POINT ( 'NONE',  ( 12.40000000000000213, 5.499999999999927169, -9.299999999999993605 ) ) ;
#1203 = ORIENTED_EDGE ( 'NONE', *, *, #716, .F. ) ;
#1204 = EDGE_CURVE ( 'NONE', #71, #762, #1443, .T. ) ;
#1205 = DIRECTION ( 'NONE',  ( 1.137523590804463822E-16, 0.000000000000000000, -1.000000000000000000 ) ) ;
#1206 = ORIENTED_EDGE ( 'NONE', *, *, #394, .F. ) ;
#1207 = DIRECTION ( 'NONE',  ( 0.000000000000000000, 0.000000000000000000, 1.000000000000000000 ) ) ;
#1208 = LINE ( 'NONE', #472, #313 ) ;
#1209 = EDGE_LOOP ( 'NONE', ( #575, #361 ) ) ;
#1210 = EDGE_CURVE ( 'NONE', #1434, #1490, #546, .T. ) ;
#1211 = CARTESIAN_POINT ( 'NONE',  ( 30.50000000000000000, 7.000000000000000000, 1.366863846790264196E-15 ) ) ;
#1212 = CARTESIAN_POINT ( 'NONE',  ( 0.000000000000000000, 0.000000000000000000, 0.000000000000000000 ) ) ;
#1213 = VERTEX_POINT ( 'NONE', #1398 ) ;
#1214 = EDGE_CURVE ( 'NONE', #1100, #433, #1394, .T. ) ;
#1215 = DIRECTION ( 'NONE',  ( -0.000000000000000000, -0.000000000000000000, -1.000000000000000000 ) ) ;
#1216 = AXIS2_PLACEMENT_3D ( 'NONE', #647, #271, #637 ) ;
#1217 = FACE_BOUND ( 'NONE', #884, .T. ) ;
#1218 = ORIENTED_EDGE ( 'NONE', *, *, #1173, .T. ) ;
#1219 = VECTOR ( 'NONE', #482, 1000.000000000000000 ) ;
#1220 = ADVANCED_FACE ( 'NONE', ( #307 ), #1389, .F. ) ;
#1221 = CARTESIAN_POINT ( 'NONE',  ( 30.49999999999999645, 7.000000000000000000, -14.00000000000000178 ) ) ;
#1222 = ORIENTED_EDGE ( 'NONE', *, *, #1082, .F. ) ;
#1223 = DIRECTION ( 'NONE',  ( 1.000000000000000000, -0.000000000000000000, -1.224646799147352221E-16 ) ) ;
#1224 = DIRECTION ( 'NONE',  ( -0.000000000000000000, -0.000000000000000000, 1.000000000000000000 ) ) ;
#1225 = ORIENTED_EDGE ( 'NONE', *, *, #305, .T. ) ;
#1226 = CYLINDRICAL_SURFACE ( 'NONE', #825, 0.7500000000000006661 ) ;
#1227 = VERTEX_POINT ( 'NONE', #926 ) ;
#1228 = CARTESIAN_POINT ( 'NONE',  ( 3.549999999999934985, 4.500000000000000888, -4.750000000000219380 ) ) ;
#1229 = VERTEX_POINT ( 'NONE', #65 ) ;
#1230 = CYLINDRICAL_SURFACE ( 'NONE', #622, 0.7500000000000006661 ) ;
#1231 = VERTEX_POINT ( 'NONE', #790 ) ;
#1232 = DIRECTION ( 'NONE',  ( 0.000000000000000000, 0.000000000000000000, 1.000000000000000000 ) ) ;
#1233 = DIRECTION ( 'NONE',  ( -0.000000000000000000, -0.000000000000000000, 1.000000000000000000 ) ) ;
#1234 = PLANE ( 'NONE',  #1139 ) ;
#1235 = ORIENTED_EDGE ( 'NONE', *, *, #1296, .T. ) ;
#1236 = CIRCLE ( 'NONE', #1537, 0.7500000000000006661 ) ;
#1237 = EDGE_CURVE ( 'NONE', #1548, #977, #1277, .T. ) ;
#1238 = CARTESIAN_POINT ( 'NONE',  ( 30.49999999999999645, 7.000000000000000000, -10.99999999999999112 ) ) ;
#1239 = VERTEX_POINT ( 'NONE', #1410 ) ;
#1240 = VECTOR ( 'NONE', #1151, 1000.000000000000000 ) ;
#1241 = LINE ( 'NONE', #634, #1542 ) ;
#1242 = CIRCLE ( 'NONE', #200, 0.7500000000000006661 ) ;
#1243 = FACE_OUTER_BOUND ( 'NONE', #681, .T. ) ;
#1244 = FACE_OUTER_BOUND ( 'NONE', #138, .T. ) ;
#1245 = ORIENTED_EDGE ( 'NONE', *, *, #1155, .T. ) ;
#1246 = CARTESIAN_POINT ( 'NONE',  ( 12.40000000000000213, 5.499999999999927169, -7.999999999999992895 ) ) ;
#1247 = EDGE_LOOP ( 'NONE', ( #707, #791 ) ) ;
#1248 = DIRECTION ( 'NONE',  ( -0.000000000000000000, -0.000000000000000000, -1.000000000000000000 ) ) ;
#1249 = EDGE_CURVE ( 'NONE', #730, #484, #176, .T. ) ;
#1250 = DIRECTION ( 'NONE',  ( -0.000000000000000000, 1.000000000000000000, -0.000000000000000000 ) ) ;
#1251 = EDGE_CURVE ( 'NONE', #1378, #374, #796, .T. ) ;
#1252 = FACE_BOUND ( 'NONE', #850, .T. ) ;
#1253 = CYLINDRICAL_SURFACE ( 'NONE', #393, 1.000000000000000888 ) ;
#1254 = DIRECTION ( 'NONE',  ( -0.000000000000000000, -0.000000000000000000, -1.000000000000000000 ) ) ;
#1255 = DIRECTION ( 'NONE',  ( -0.000000000000000000, -0.000000000000000000, 1.000000000000000000 ) ) ;
#1256 = EDGE_CURVE ( 'NONE', #1278, #232, #421, .T. ) ;
#1257 = EDGE_LOOP ( 'NONE', ( #1089, #1494, #1235, #408 ) ) ;
#1258 = DIRECTION ( 'NONE',  ( -0.000000000000000000, -0.000000000000000000, -1.000000000000000000 ) ) ;
#1259 = FACE_OUTER_BOUND ( 'NONE', #1157, .T. ) ;
#1260 = ORIENTED_EDGE ( 'NONE', *, *, #168, .F. ) ;
#1261 = ORIENTED_EDGE ( 'NONE', *, *, #578, .T. ) ;
#1262 = DIRECTION ( 'NONE',  ( -1.000000000000000000, 0.000000000000000000, 0.000000000000000000 ) ) ;
#1263 = EDGE_LOOP ( 'NONE', ( #1408, #577, #129, #1030 ) ) ;
#1264 = AXIS2_PLACEMENT_3D ( 'NONE', #945, #444, #1538 ) ;
#1265 = LINE ( 'NONE', #656, #1240 ) ;
#1266 = VECTOR ( 'NONE', #1106, 1000.000000000000000 ) ;
#1267 = FACE_OUTER_BOUND ( 'NONE', #857, .T. ) ;
#1268 = AXIS2_PLACEMENT_3D ( 'NONE', #1202, #221, #1433 ) ;
#1269 = VERTEX_POINT ( 'NONE', #300 ) ;
#1270 = DIRECTION ( 'NONE',  ( 1.000000000000000000, 0.000000000000000000, -9.912705577010328508E-16 ) ) ;
#1271 = ORIENTED_EDGE ( 'NONE', *, *, #1412, .F. ) ;
#1272 = CARTESIAN_POINT ( 'NONE',  ( 22.04999999999996163, 1.999999999999854783, -9.299999999999993605 ) ) ;
#1273 = CARTESIAN_POINT ( 'NONE',  ( 29.00000000000000000, 1.500000000000000000, 7.500000000000027534 ) ) ;
#1274 = ORIENTED_EDGE ( 'NONE', *, *, #833, .F. ) ;
#1275 = EDGE_CURVE ( 'NONE', #1326, #515, #256, .T. ) ;
#1276 = PRESENTATION_STYLE_ASSIGNMENT (( #574 ) ) ;
#1277 = LINE ( 'NONE', #919, #493 ) ;
#1278 = VERTEX_POINT ( 'NONE', #1162 ) ;
#1279 = CARTESIAN_POINT ( 'NONE',  ( 7.200000000000001066, 5.499999999999963585, -9.299999999999993605 ) ) ;
#1280 = CARTESIAN_POINT ( 'NONE',  ( 0.000000000000000000, 7.000000000000000000, -10.99999999999999467 ) ) ;
#1281 = ORIENTED_EDGE ( 'NONE', *, *, #1412, .T. ) ;
#1282 = ADVANCED_FACE ( 'NONE', ( #682, #59 ), #169, .F. ) ;
#1283 = DIRECTION ( 'NONE',  ( -1.000000000000000000, 0.000000000000000000, 0.000000000000000000 ) ) ;
#1284 = ORIENTED_EDGE ( 'NONE', *, *, #103, .T. ) ;
#1285 = AXIS2_PLACEMENT_3D ( 'NONE', #220, #1101, #865 ) ;
#1286 = CARTESIAN_POINT ( 'NONE',  ( 3.500000000000000000, 3.500000000000000000, -2.500000000000000000 ) ) ;
#1287 = CIRCLE ( 'NONE', #1038, 0.7500000000000006661 ) ;
#1288 = AXIS2_PLACEMENT_3D ( 'NONE', #1301, #1186, #61 ) ;
#1289 = CARTESIAN_POINT ( 'NONE',  ( 7.949999999999963762, 1.999999999999963141, -9.299999999999993605 ) ) ;
#1290 = EDGE_LOOP ( 'NONE', ( #388, #1446, #817, #1358 ) ) ;
#1291 = PRESENTATION_LAYER_ASSIGNMENT (  '', '', ( #1470 ) ) ;
#1292 = DIRECTION ( 'NONE',  ( 1.137523590804463822E-16, -0.000000000000000000, -1.000000000000000000 ) ) ;
#1293 = ORIENTED_EDGE ( 'NONE', *, *, #1020, .F. ) ;
#1294 = DIRECTION ( 'NONE',  ( -1.000000000000000000, 0.000000000000000000, 0.000000000000000000 ) ) ;
#1295 = ADVANCED_FACE ( 'NONE', ( #1177 ), #547, .F. ) ;
#1296 = EDGE_CURVE ( 'NONE', #281, #643, #1566, .T. ) ;
#1297 = DIRECTION ( 'NONE',  ( -1.000000000000000000, 0.000000000000000000, 2.478176394252581141E-16 ) ) ;
#1298 = ORIENTED_EDGE ( 'NONE', *, *, #414, .F. ) ;
#1299 = DIRECTION ( 'NONE',  ( 1.137523590804463822E-16, -0.000000000000000000, -1.000000000000000000 ) ) ;
#1300 = ORIENTED_EDGE ( 'NONE', *, *, #432, .F. ) ;
#1301 = CARTESIAN_POINT ( 'NONE',  ( 0.000000000000000000, 7.000000000000000000, 0.000000000000000000 ) ) ;
#1302 = ADVANCED_FACE ( 'NONE', ( #1535 ), #316, .F. ) ;
#1303 = CARTESIAN_POINT ( 'NONE',  ( 27.99999999999999645, 5.499999999999818812, -7.999999999999989342 ) ) ;
#1304 = VERTEX_POINT ( 'NONE', #1549 ) ;
#1305 = DIRECTION ( 'NONE',  ( 3.016910393003143352E-16, -0.000000000000000000, 1.000000000000000000 ) ) ;
#1306 = ORIENTED_EDGE ( 'NONE', *, *, #934, .T. ) ;
#1307 = AXIS2_PLACEMENT_3D ( 'NONE', #573, #189, #201 ) ;
#1308 = CARTESIAN_POINT ( 'NONE',  ( 4.999999999999998224, 0.000000000000000000, -9.299999999999993605 ) ) ;
#1309 = DIRECTION ( 'NONE',  ( -0.000000000000000000, 1.000000000000000000, -0.000000000000000000 ) ) ;
#1310 = ORIENTED_EDGE ( 'NONE', *, *, #1381, .F. ) ;
#1311 = MECHANICAL_DESIGN_GEOMETRIC_PRESENTATION_REPRESENTATION (  '', ( #1040 ), #673 ) ;
#1312 = AXIS2_PLACEMENT_3D ( 'NONE', #382, #877, #260 ) ;
#1313 = EDGE_CURVE ( 'NONE', #1421, #896, #783, .T. ) ;
#1314 = VECTOR ( 'NONE', #1019, 1000.000000000000000 ) ;
#1315 = CARTESIAN_POINT ( 'NONE',  ( 29.00000000000000000, 1.500000000000000000, -2.499999999999973355 ) ) ;
#1316 = EDGE_LOOP ( 'NONE', ( #226, #1523, #36, #1425 ) ) ;
#1317 = DIRECTION ( 'NONE',  ( 1.137523590804463822E-16, 0.000000000000000000, -1.000000000000000000 ) ) ;
#1318 = ORIENTED_EDGE ( 'NONE', *, *, #1102, .T. ) ;
#1319 = CARTESIAN_POINT ( 'NONE',  ( 27.00000000000000000, 3.500000000000000000, -11.49999999999999467 ) ) ;
#1320 = ADVANCED_FACE ( 'NONE', ( #1217, #976, #328, #943, #709, #1195, #455, #1452, #84 ), #462, .F. ) ;
#1321 = DIRECTION ( 'NONE',  ( -1.000000000000000000, 0.000000000000000000, -0.000000000000000000 ) ) ;
#1322 = EDGE_LOOP ( 'NONE', ( #569, #960, #739, #1182 ) ) ;
#1323 = PRODUCT_DEFINITION_CONTEXT ( 'detailed design', #683, 'design' ) ;
#1324 = DIRECTION ( 'NONE',  ( 1.137523590804463822E-16, 0.000000000000000000, -1.000000000000000000 ) ) ;
#1325 = DIRECTION ( 'NONE',  ( -1.000000000000000000, 0.000000000000000000, 0.000000000000000000 ) ) ;
#1326 = VERTEX_POINT ( 'NONE', #959 ) ;
#1327 = DIRECTION ( 'NONE',  ( 1.137523590804463822E-16, 0.000000000000000000, -1.000000000000000000 ) ) ;
#1328 = DIRECTION ( 'NONE',  ( -1.000000000000000000, 0.000000000000000000, 0.000000000000000000 ) ) ;
#1329 = PRODUCT_RELATED_PRODUCT_CATEGORY ( 'part', '', ( #206 ) ) ;
#1330 = VERTEX_POINT ( 'NONE', #1096 ) ;
#1331 = FACE_OUTER_BOUND ( 'NONE', #614, .T. ) ;
#1332 = CARTESIAN_POINT ( 'NONE',  ( 2.750000000000000888, 5.500000000000000000, -7.999999999999992895 ) ) ;
#1333 = ORIENTED_EDGE ( 'NONE', *, *, #1486, .F. ) ;
#1334 = CIRCLE ( 'NONE', #1359, 0.7500000000000006661 ) ;
#1335 = CARTESIAN_POINT ( 'NONE',  ( 17.59999999999999787, 5.499999999999890754, -10.99999999999999289 ) ) ;
#1336 = VECTOR ( 'NONE', #743, 1000.000000000000000 ) ;
#1337 = AXIS2_PLACEMENT_3D ( 'NONE', #312, #165, #192 ) ;
#1338 = CARTESIAN_POINT ( 'NONE',  ( 25.50000000000000000, 7.000000000000000000, -9.299999999999993605 ) ) ;
#1339 = EDGE_LOOP ( 'NONE', ( #16, #1000 ) ) ;
#1340 = AXIS2_PLACEMENT_3D ( 'NONE', #97, #594, #490 ) ;
#1341 = SURFACE_STYLE_USAGE ( .BOTH. , #209 ) ;
#1342 = CARTESIAN_POINT ( 'NONE',  ( 3.549999999999934985, 7.000000000000000000, -4.750000000000219380 ) ) ;
#1343 = ORIENTED_EDGE ( 'NONE', *, *, #1479, .F. ) ;
#1344 = FACE_OUTER_BOUND ( 'NONE', #913, .T. ) ;
#1345 = VERTEX_POINT ( 'NONE', #1065 ) ;
#1346 = FACE_OUTER_BOUND ( 'NONE', #204, .T. ) ;
#1347 = ORIENTED_EDGE ( 'NONE', *, *, #517, .F. ) ;
#1348 = DIRECTION ( 'NONE',  ( 0.000000000000000000, 0.000000000000000000, 1.000000000000000000 ) ) ;
#1349 = DIRECTION ( 'NONE',  ( -1.000000000000000000, 0.000000000000000000, 0.000000000000000000 ) ) ;
#1350 = EDGE_CURVE ( 'NONE', #616, #823, #1090, .T. ) ;
#1351 = DIRECTION ( 'NONE',  ( 0.000000000000000000, 1.000000000000000000, 0.000000000000000000 ) ) ;
#1352 = ORIENTED_EDGE ( 'NONE', *, *, #747, .F. ) ;
#1353 = CARTESIAN_POINT ( 'NONE',  ( 30.00000000000000355, 1.500000000000000222, -2.499999999999973355 ) ) ;
#1354 = CYLINDRICAL_SURFACE ( 'NONE', #929, 0.7500000000000006661 ) ;
#1355 = DIRECTION ( 'NONE',  ( -1.000000000000000000, 0.000000000000000000, 0.000000000000000000 ) ) ;
#1356 = LINE ( 'NONE', #150, #933 ) ;
#1357 = CYLINDRICAL_SURFACE ( 'NONE', #385, 0.7500000000000006661 ) ;
#1358 = ORIENTED_EDGE ( 'NONE', *, *, #205, .T. ) ;
#1359 = AXIS2_PLACEMENT_3D ( 'NONE', #18, #498, #140 ) ;
#1360 = AXIS2_PLACEMENT_3D ( 'NONE', #1423, #431, #1430 ) ;
#1361 = PLANE ( 'NONE',  #599 ) ;
#1362 = EDGE_CURVE ( 'NONE', #730, #1278, #1567, .T. ) ;
#1363 = VERTEX_POINT ( 'NONE', #1426 ) ;
#1364 = ADVANCED_FACE ( 'NONE', ( #1445 ), #95, .F. ) ;
#1365 = DIRECTION ( 'NONE',  ( -0.000000000000000000, -1.000000000000000000, -0.000000000000000000 ) ) ;
#1366 = AXIS2_PLACEMENT_3D ( 'NONE', #457, #475, #610 ) ;
#1367 = LINE ( 'NONE', #261, #28 ) ;
#1368 = CYLINDRICAL_SURFACE ( 'NONE', #957, 0.7500000000000000000 ) ;
#1369 = EDGE_CURVE ( 'NONE', #123, #47, #322, .T. ) ;
#1370 = CARTESIAN_POINT ( 'NONE',  ( 12.40000000000000213, 5.499999999999927169, -10.99999999999999289 ) ) ;
#1371 = DIRECTION ( 'NONE',  ( -1.000000000000000000, 0.000000000000000000, 0.000000000000000000 ) ) ;
#1372 = CARTESIAN_POINT ( 'NONE',  ( 27.24999999999993250, 4.500000000000000888, -3.750000000000135891 ) ) ;
#1373 = EDGE_LOOP ( 'NONE', ( #1103, #245 ) ) ;
#1374 = DIRECTION ( 'NONE',  ( 9.619403083625145814E-17, 0.000000000000000000, -1.000000000000000000 ) ) ;
#1375 = CARTESIAN_POINT ( 'NONE',  ( 27.24999999999993250, 4.500000000000000888, -4.750000000000137668 ) ) ;
#1376 = ORIENTED_EDGE ( 'NONE', *, *, #1092, .T. ) ;
#1377 = CYLINDRICAL_SURFACE ( 'NONE', #1519, 1.000000000000000888 ) ;
#1378 = VERTEX_POINT ( 'NONE', #582 ) ;
#1379 = ADVANCED_FACE ( 'NONE', ( #106, #195, #1568, #700, #207, #1544, #341, #1078, #1088, #213, #834 ), #348, .F. ) ;
#1380 = CARTESIAN_POINT ( 'NONE',  ( 2.000000000000000888, 5.500000000000000000, -7.999999999999992895 ) ) ;
#1381 = EDGE_CURVE ( 'NONE', #238, #534, #1208, .T. ) ;
#1382 = ORIENTED_EDGE ( 'NONE', *, *, #89, .T. ) ;
#1383 = DIRECTION ( 'NONE',  ( -1.000000000000000000, 0.000000000000000000, 0.000000000000000000 ) ) ;
#1384 = DIRECTION ( 'NONE',  ( 1.137523590804463822E-16, -0.000000000000000000, -1.000000000000000000 ) ) ;
#1385 = ORIENTED_EDGE ( 'NONE', *, *, #716, .T. ) ;
#1386 =( LENGTH_UNIT ( ) NAMED_UNIT ( * ) SI_UNIT ( .MILLI., .METRE. ) );
#1387 = VECTOR ( 'NONE', #858, 1000.000000000000000 ) ;
#1388 = AXIS2_PLACEMENT_3D ( 'NONE', #605, #1462, #458 ) ;
#1389 = CYLINDRICAL_SURFACE ( 'NONE', #1144, 0.7500000000000006661 ) ;
#1390 = EDGE_LOOP ( 'NONE', ( #769, #1385, #258, #526 ) ) ;
#1391 = COLOUR_RGB ( '',0.7921568627450980005, 0.8196078431372548767, 0.9333333333333333481 ) ;
#1392 = VECTOR ( 'NONE', #750, 1000.000000000000000 ) ;
#1393 = CARTESIAN_POINT ( 'NONE',  ( 7.200000000000001066, 5.499999999999963585, -10.99999999999999467 ) ) ;
#1394 = CIRCLE ( 'NONE', #157, 1.000000000000000222 ) ;
#1395 = DIRECTION ( 'NONE',  ( 1.000000000000000000, 0.000000000000000000, 1.239088197126290817E-16 ) ) ;
#1396 = EDGE_LOOP ( 'NONE', ( #859, #392 ) ) ;
#1397 = DIRECTION ( 'NONE',  ( -1.000000000000000000, 0.000000000000000000, 0.000000000000000000 ) ) ;
#1398 = CARTESIAN_POINT ( 'NONE',  ( 6.449999999999963762, 1.999999999999963141, -10.99999999999999467 ) ) ;
#1399 = ORIENTED_EDGE ( 'NONE', *, *, #517, .T. ) ;
#1400 = LINE ( 'NONE', #686, #595 ) ;
#1401 = DIRECTION ( 'NONE',  ( 1.137523590804463822E-16, -0.000000000000000000, -1.000000000000000000 ) ) ;
#1402 = PRODUCT_DEFINITION ( 'General', '', #1017, #1323 ) ;
#1403 = EDGE_LOOP ( 'NONE', ( #1274, #950 ) ) ;
#1404 = CARTESIAN_POINT ( 'NONE',  ( 7.199999999999964650, 1.999999999999963141, -7.999999999999992895 ) ) ;
#1405 = ORIENTED_EDGE ( 'NONE', *, *, #1369, .T. ) ;
#1406 = DIRECTION ( 'NONE',  ( -1.000000000000000000, -0.000000000000000000, -1.137523590804463822E-16 ) ) ;
#1407 = CARTESIAN_POINT ( 'NONE',  ( 27.24999999999999645, 5.499999999999818812, -7.999999999999989342 ) ) ;
#1408 = ORIENTED_EDGE ( 'NONE', *, *, #1419, .F. ) ;
#1409 = ADVANCED_FACE ( 'NONE', ( #722 ), #602, .F. ) ;
#1410 = CARTESIAN_POINT ( 'NONE',  ( 3.549999999999934985, 4.500000000000000888, -5.750000000000220268 ) ) ;
#1411 = VERTEX_POINT ( 'NONE', #1338 ) ;
#1412 = EDGE_CURVE ( 'NONE', #820, #435, #231, .T. ) ;
#1413 = CARTESIAN_POINT ( 'NONE',  ( 27.00000000000000000, 0.000000000000000000, -10.99999999999999112 ) ) ;
#1414 = AXIS2_PLACEMENT_3D ( 'NONE', #848, #1497, #891 ) ;
#1415 = LINE ( 'NONE', #314, #1166 ) ;
#1416 = AXIS2_PLACEMENT_3D ( 'NONE', #1502, #553, #411 ) ;
#1417 = VERTEX_POINT ( 'NONE', #568 ) ;
#1418 = AXIS2_PLACEMENT_3D ( 'NONE', #591, #949, #1321 ) ;
#1419 = EDGE_CURVE ( 'NONE', #1239, #927, #1129, .T. ) ;
#1420 = CARTESIAN_POINT ( 'NONE',  ( 2.000000000000000888, 5.500000000000000000, -7.999999999999992895 ) ) ;
#1421 = VERTEX_POINT ( 'NONE', #1353 ) ;
#1422 = CARTESIAN_POINT ( 'NONE',  ( 18.34999999999995879, 1.999999999999890310, -10.99999999999999289 ) ) ;
#1423 = CARTESIAN_POINT ( 'NONE',  ( 17.59999999999995879, 1.999999999999890310, -9.299999999999993605 ) ) ;
#1424 = SURFACE_STYLE_FILL_AREA ( #659 ) ;
#1425 = ORIENTED_EDGE ( 'NONE', *, *, #1583, .F. ) ;
#1426 = CARTESIAN_POINT ( 'NONE',  ( 18.34999999999995879, 1.999999999999890310, -9.299999999999993605 ) ) ;
#1427 = ADVANCED_FACE ( 'NONE', ( #10 ), #1253, .F. ) ;
#1428 = ORIENTED_EDGE ( 'NONE', *, *, #885, .T. ) ;
#1429 = DIRECTION ( 'NONE',  ( -1.000000000000000000, 0.000000000000000000, 0.000000000000000000 ) ) ;
#1430 = DIRECTION ( 'NONE',  ( -1.000000000000000000, 0.000000000000000000, 0.000000000000000000 ) ) ;
#1431 = ADVANCED_FACE ( 'NONE', ( #740 ), #246, .F. ) ;
#1432 = EDGE_LOOP ( 'NONE', ( #158, #1545 ) ) ;
#1433 = DIRECTION ( 'NONE',  ( -1.000000000000000000, 0.000000000000000000, 0.000000000000000000 ) ) ;
#1434 = VERTEX_POINT ( 'NONE', #139 ) ;
#1435 = CARTESIAN_POINT ( 'NONE',  ( 13.15000000000000213, 5.499999999999927169, -7.999999999999992895 ) ) ;
#1436 = ADVANCED_FACE ( 'NONE', ( #1113 ), #886, .F. ) ;
#1437 = AXIS2_PLACEMENT_3D ( 'NONE', #144, #1384, #161 ) ;
#1438 = DIRECTION ( 'NONE',  ( -0.000000000000000000, 1.000000000000000000, -0.000000000000000000 ) ) ;
#1439 = PRODUCT_CONTEXT ( 'NONE', #846, 'mechanical' ) ;
#1440 = ORIENTED_EDGE ( 'NONE', *, *, #1155, .F. ) ;
#1441 = AXIS2_PLACEMENT_3D ( 'NONE', #890, #759, #1383 ) ;
#1442 = CARTESIAN_POINT ( 'NONE',  ( 5.000000000000000000, 7.000000000000000000, 4.809701541812573154E-16 ) ) ;
#1443 = CIRCLE ( 'NONE', #30, 0.7500000000000006661 ) ;
#1444 = AXIS2_PLACEMENT_3D ( 'NONE', #1554, #1154, #459 ) ;
#1445 = FACE_OUTER_BOUND ( 'NONE', #1390, .T. ) ;
#1446 = ORIENTED_EDGE ( 'NONE', *, *, #1576, .T. ) ;
#1447 = PRODUCT_DEFINITION_SHAPE ( 'NONE', 'NONE',  #1402 ) ;
#1448 = CARTESIAN_POINT ( 'NONE',  ( 13.15000000000000213, 5.499999999999927169, -9.299999999999993605 ) ) ;
#1449 = EDGE_LOOP ( 'NONE', ( #85, #381, #780, #1382, #1399, #1141, #429, #1225 ) ) ;
#1450 = CARTESIAN_POINT ( 'NONE',  ( 16.84999999999995879, 1.999999999999890310, -7.999999999999992895 ) ) ;
#1451 = EDGE_CURVE ( 'NONE', #1345, #1178, #937, .T. ) ;
#1452 = FACE_BOUND ( 'NONE', #794, .T. ) ;
#1453 = ORIENTED_EDGE ( 'NONE', *, *, #508, .T. ) ;
#1454 = DIRECTION ( 'NONE',  ( -0.000000000000000000, -1.000000000000000000, -0.000000000000000000 ) ) ;
#1455 = DIRECTION ( 'NONE',  ( -1.000000000000000000, 0.000000000000000000, 0.000000000000000000 ) ) ;
#1456 = ORIENTED_EDGE ( 'NONE', *, *, #500, .F. ) ;
#1457 = CARTESIAN_POINT ( 'NONE',  ( 16.84999999999995879, 1.999999999999890310, -10.99999999999999289 ) ) ;
#1458 = CARTESIAN_POINT ( 'NONE',  ( 7.199999999999964650, 1.999999999999963141, -7.999999999999992895 ) ) ;
#1459 = ORIENTED_EDGE ( 'NONE', *, *, #629, .T. ) ;
#1460 = ADVANCED_FACE ( 'NONE', ( #26 ), #1377, .F. ) ;
#1461 = FACE_BOUND ( 'NONE', #323, .T. ) ;
#1462 = DIRECTION ( 'NONE',  ( -1.224646799147352221E-16, 0.000000000000000000, -1.000000000000000000 ) ) ;
#1463 = EDGE_LOOP ( 'NONE', ( #813, #741, #368, #1105 ) ) ;
#1464 = CIRCLE ( 'NONE', #776, 0.7500000000000006661 ) ;
#1465 = PLANE ( 'NONE',  #1285 ) ;
#1466 = AXIS2_PLACEMENT_3D ( 'NONE', #1273, #46, #280 ) ;
#1467 = CARTESIAN_POINT ( 'NONE',  ( 0.000000000000000000, 3.500000000000000000, 0.000000000000000000 ) ) ;
#1468 = ORIENTED_EDGE ( 'NONE', *, *, #558, .F. ) ;
#1469 = CIRCLE ( 'NONE', #781, 1.000000000000000222 ) ;
#1470 = STYLED_ITEM ( 'NONE', ( #1276 ), #397 ) ;
#1471 = CARTESIAN_POINT ( 'NONE',  ( 25.50000000000000000, 7.000000000000000000, 1.979187246363940331E-15 ) ) ;
#1472 = DIRECTION ( 'NONE',  ( -1.000000000000000000, 0.000000000000000000, 0.000000000000000000 ) ) ;
#1473 = CARTESIAN_POINT ( 'NONE',  ( 17.59999999999999787, 5.499999999999890754, -7.999999999999992895 ) ) ;
#1474 = ORIENTED_EDGE ( 'NONE', *, *, #22, .F. ) ;
#1475 = CARTESIAN_POINT ( 'NONE',  ( 11.64999999999996483, 1.999999999999926725, -9.299999999999993605 ) ) ;
#1476 = ORIENTED_EDGE ( 'NONE', *, *, #1054, .F. ) ;
#1477 = CARTESIAN_POINT ( 'NONE',  ( 16.84999999999999787, 5.499999999999890754, -7.999999999999992895 ) ) ;
#1478 = DIRECTION ( 'NONE',  ( -0.000000000000000000, -0.000000000000000000, 1.000000000000000000 ) ) ;
#1479 = EDGE_CURVE ( 'NONE', #638, #123, #273, .T. ) ;
#1480 = CARTESIAN_POINT ( 'NONE',  ( 23.55000000000000071, 5.499999999999855227, -10.99999999999999289 ) ) ;
#1481 = VERTEX_POINT ( 'NONE', #113 ) ;
#1482 = DIRECTION ( 'NONE',  ( -1.000000000000000000, 0.000000000000000000, 0.000000000000000000 ) ) ;
#1483 = FACE_OUTER_BOUND ( 'NONE', #34, .T. ) ;
#1484 = CARTESIAN_POINT ( 'NONE',  ( 1.250000000000001332, 5.500000000000000000, -10.99999999999999467 ) ) ;
#1485 = DIRECTION ( 'NONE',  ( -1.000000000000000000, 0.000000000000000000, 0.000000000000000000 ) ) ;
#1486 = EDGE_CURVE ( 'NONE', #1326, #1153, #1585, .T. ) ;
#1487 = DIRECTION ( 'NONE',  ( 1.137523590804463822E-16, -0.000000000000000000, -1.000000000000000000 ) ) ;
#1488 = VECTOR ( 'NONE', #1048, 1000.000000000000000 ) ;
#1489 = CARTESIAN_POINT ( 'NONE',  ( 17.59999999999999787, 5.499999999999890754, -7.999999999999992895 ) ) ;
#1490 = VERTEX_POINT ( 'NONE', #523 ) ;
#1491 = VECTOR ( 'NONE', #964, 1000.000000000000000 ) ;
#1492 = DIRECTION ( 'NONE',  ( 1.137523590804463822E-16, 0.000000000000000000, -1.000000000000000000 ) ) ;
#1493 = CIRCLE ( 'NONE', #229, 0.7500000000000006661 ) ;
#1494 = ORIENTED_EDGE ( 'NONE', *, *, #814, .T. ) ;
#1495 = CIRCLE ( 'NONE', #4, 0.7500000000000006661 ) ;
#1496 = DIRECTION ( 'NONE',  ( -1.000000000000000000, 0.000000000000000000, -9.619403083625147047E-17 ) ) ;
#1497 = DIRECTION ( 'NONE',  ( 1.137523590804463822E-16, -0.000000000000000000, -1.000000000000000000 ) ) ;
#1498 = ORIENTED_EDGE ( 'NONE', *, *, #952, .T. ) ;
#1499 = ADVANCED_FACE ( 'NONE', ( #1 ), #1230, .F. ) ;
#1500 = DIRECTION ( 'NONE',  ( 1.137523590804463822E-16, 0.000000000000000000, -1.000000000000000000 ) ) ;
#1501 = LINE ( 'NONE', #247, #415 ) ;
#1502 = CARTESIAN_POINT ( 'NONE',  ( 3.549999999999934985, 4.500000000000000888, -4.750000000000219380 ) ) ;
#1503 = ORIENTED_EDGE ( 'NONE', *, *, #596, .T. ) ;
#1504 = CARTESIAN_POINT ( 'NONE',  ( 0.000000000000000000, 0.000000000000000000, 0.000000000000000000 ) ) ;
#1505 = CARTESIAN_POINT ( 'NONE',  ( 12.39999999999996483, 1.999999999999926725, -7.999999999999992895 ) ) ;
#1506 = ORIENTED_EDGE ( 'NONE', *, *, #814, .F. ) ;
#1507 = CARTESIAN_POINT ( 'NONE',  ( 3.500000000000001332, 3.500000000000000000, -10.99999999999999467 ) ) ;
#1508 = ORIENTED_EDGE ( 'NONE', *, *, #1183, .T. ) ;
#1509 = LINE ( 'NONE', #376, #102 ) ;
#1510 = DIRECTION ( 'NONE',  ( -1.000000000000000000, 0.000000000000000000, 0.000000000000000000 ) ) ;
#1511 = ORIENTED_EDGE ( 'NONE', *, *, #1039, .T. ) ;
#1512 = AXIS2_PLACEMENT_3D ( 'NONE', #370, #1317, #351 ) ;
#1513 = DIRECTION ( 'NONE',  ( 0.000000000000000000, 0.000000000000000000, -1.000000000000000000 ) ) ;
#1514 = VERTEX_POINT ( 'NONE', #1475 ) ;
#1515 = VECTOR ( 'NONE', #1478, 1000.000000000000000 ) ;
#1516 = ADVANCED_FACE ( 'NONE', ( #985 ), #608, .F. ) ;
#1517 = AXIS2_PLACEMENT_3D ( 'NONE', #275, #888, #869 ) ;
#1518 = CARTESIAN_POINT ( 'NONE',  ( 30.50000000000000000, 0.000000000000000000, 1.366863846790264196E-15 ) ) ;
#1519 = AXIS2_PLACEMENT_3D ( 'NONE', #132, #746, #380 ) ;
#1520 = DIRECTION ( 'NONE',  ( 1.000000000000000000, -0.000000000000000000, 9.619403083625145814E-17 ) ) ;
#1521 = EDGE_LOOP ( 'NONE', ( #1318, #315 ) ) ;
#1522 = DIRECTION ( 'NONE',  ( 1.137523590804463822E-16, 0.000000000000000000, -1.000000000000000000 ) ) ;
#1523 = ORIENTED_EDGE ( 'NONE', *, *, #760, .T. ) ;
#1524 = CARTESIAN_POINT ( 'NONE',  ( 0.000000000000000000, 0.000000000000000000, -10.99999999999999467 ) ) ;
#1525 = CARTESIAN_POINT ( 'NONE',  ( 30.49999999999999645, 7.000000000000000000, -14.00000000000000178 ) ) ;
#1526 = ORIENTED_EDGE ( 'NONE', *, *, #339, .T. ) ;
#1527 = EDGE_CURVE ( 'NONE', #58, #1269, #883, .T. ) ;
#1528 = ADVANCED_FACE ( 'NONE', ( #756 ), #1361, .F. ) ;
#1529 = LINE ( 'NONE', #660, #1042 ) ;
#1530 = VERTEX_POINT ( 'NONE', #860 ) ;
#1531 = DIRECTION ( 'NONE',  ( 1.137523590804463822E-16, 0.000000000000000000, -1.000000000000000000 ) ) ;
#1532 = CARTESIAN_POINT ( 'NONE',  ( 11.65000000000000036, 5.499999999999927169, -7.999999999999992895 ) ) ;
#1533 = ORIENTED_EDGE ( 'NONE', *, *, #1005, .T. ) ;
#1534 = ADVANCED_FACE ( 'NONE', ( #1346 ), #121, .F. ) ;
#1535 = FACE_OUTER_BOUND ( 'NONE', #921, .T. ) ;
#1536 = EDGE_LOOP ( 'NONE', ( #1218, #1071 ) ) ;
#1537 = AXIS2_PLACEMENT_3D ( 'NONE', #513, #27, #403 ) ;
#1538 = DIRECTION ( 'NONE',  ( -1.000000000000000000, 0.000000000000000000, 0.000000000000000000 ) ) ;
#1539 = CIRCLE ( 'NONE', #852, 1.000000000000000888 ) ;
#1540 = CARTESIAN_POINT ( 'NONE',  ( 2.500000000000000444, 1.500000000000000222, -2.499999999999973355 ) ) ;
#1541 = FILL_AREA_STYLE_COLOUR ( '', #159 ) ;
#1542 = VECTOR ( 'NONE', #148, 1000.000000000000000 ) ;
#1543 = ORIENTED_EDGE ( 'NONE', *, *, #588, .T. ) ;
#1544 = FACE_BOUND ( 'NONE', #196, .T. ) ;
#1545 = ORIENTED_EDGE ( 'NONE', *, *, #1296, .F. ) ;
#1546 = DIRECTION ( 'NONE',  ( 0.000000000000000000, 0.000000000000000000, -1.000000000000000000 ) ) ;
#1547 = DIRECTION ( 'NONE',  ( 1.137523590804463822E-16, -0.000000000000000000, -1.000000000000000000 ) ) ;
#1548 = VERTEX_POINT ( 'NONE', #373 ) ;
#1549 = CARTESIAN_POINT ( 'NONE',  ( 0.000000000000000000, 0.000000000000000000, -2.500000000000000444 ) ) ;
#1550 = ORIENTED_EDGE ( 'NONE', *, *, #1237, .F. ) ;
#1551 = ADVANCED_FACE ( 'NONE', ( #867 ), #512, .F. ) ;
#1552 = CYLINDRICAL_SURFACE ( 'NONE', #1366, 1.000000000000000222 ) ;
#1553 = CARTESIAN_POINT ( 'NONE',  ( 27.24999999999993250, 4.500000000000000888, -4.750000000000137668 ) ) ;
#1554 = CARTESIAN_POINT ( 'NONE',  ( 0.000000000000000000, 0.000000000000000000, 0.000000000000000000 ) ) ;
#1555 = EDGE_LOOP ( 'NONE', ( #1150, #690, #1170, #240 ) ) ;
#1556 = DIRECTION ( 'NONE',  ( -1.137523590804463822E-16, 0.000000000000000000, 1.000000000000000000 ) ) ;
#1557 = ORIENTED_EDGE ( 'NONE', *, *, #174, .F. ) ;
#1558 = PLANE ( 'NONE',  #389 ) ;
#1559 = VECTOR ( 'NONE', #1574, 1000.000000000000000 ) ;
#1560 = EDGE_CURVE ( 'NONE', #474, #327, #782, .T. ) ;
#1561 = AXIS2_PLACEMENT_3D ( 'NONE', #999, #291, #1395 ) ;
#1562 = FACE_OUTER_BOUND ( 'NONE', #1521, .T. ) ;
#1563 = ORIENTED_EDGE ( 'NONE', *, *, #918, .F. ) ;
#1564 = CIRCLE ( 'NONE', #1013, 1.000000000000000222 ) ;
#1565 = DIRECTION ( 'NONE',  ( -1.000000000000000000, 0.000000000000000000, 0.000000000000000000 ) ) ;
#1566 = CIRCLE ( 'NONE', #179, 0.7499999999999997780 ) ;
#1567 = CIRCLE ( 'NONE', #230, 0.7500000000000006661 ) ;
#1568 = FACE_BOUND ( 'NONE', #1432, .T. ) ;
#1569 = EDGE_LOOP ( 'NONE', ( #603, #423 ) ) ;
#1570 = SURFACE_STYLE_FILL_AREA ( #843 ) ;
#1571 = EDGE_CURVE ( 'NONE', #149, #277, #564, .T. ) ;
#1572 = CARTESIAN_POINT ( 'NONE',  ( 28.74999999999999645, 5.499999999999818812, -10.99999999999999112 ) ) ;
#1573 = ORIENTED_EDGE ( 'NONE', *, *, #1451, .F. ) ;
#1574 = DIRECTION ( 'NONE',  ( 1.137523590804463822E-16, -0.000000000000000000, -1.000000000000000000 ) ) ;
#1575 = EDGE_CURVE ( 'NONE', #1049, #1231, #366, .T. ) ;
#1576 = EDGE_CURVE ( 'NONE', #789, #9, #1495, .T. ) ;
#1577 = DIRECTION ( 'NONE',  ( 0.000000000000000000, 1.000000000000000000, 0.000000000000000000 ) ) ;
#1578 = VERTEX_POINT ( 'NONE', #651 ) ;
#1579 = CARTESIAN_POINT ( 'NONE',  ( 0.000000000000000000, 3.500000000000000000, -13.99999999999999822 ) ) ;
#1580 = DIRECTION ( 'NONE',  ( -1.000000000000000000, 0.000000000000000000, 0.000000000000000000 ) ) ;
#1581 = ORIENTED_EDGE ( 'NONE', *, *, #511, .F. ) ;
#1582 = CARTESIAN_POINT ( 'NONE',  ( 30.49999999999999645, 3.500000000000000000, -10.99999999999999112 ) ) ;
#1583 = EDGE_CURVE ( 'NONE', #1059, #1490, #901, .T. ) ;
#1584 = ORIENTED_EDGE ( 'NONE', *, *, #62, .T. ) ;
#1585 = LINE ( 'NONE', #264, #289 ) ;
#1586 = ORIENTED_EDGE ( 'NONE', *, *, #798, .F. ) ;
#1587 = FACE_OUTER_BOUND ( 'NONE', #1536, .T. ) ;
#1588 = LINE ( 'NONE', #1221, #282 ) ;
#1589 = VECTOR ( 'NONE', #237, 1000.000000000000000 ) ;
#1590 = AXIS2_PLACEMENT_3D ( 'NONE', #242, #611, #1093 ) ;
#1591 = FACE_OUTER_BOUND ( 'NONE', #655, .T. ) ;
#1592 = AXIS2_PLACEMENT_3D ( 'NONE', #1279, #677, #1068 ) ;
ENDSEC;
END-ISO-10303-21;
