ISO-10303-21;
HEADER;
FILE_DESCRIPTION (( 'STEP AP214' ),
    '1' );
FILE_NAME ('Servo holder - Mouth 1.STEP',
    '2025-10-21T18:57:07',
    ( 'Windows User' ),
    ( '' ),
    'SwSTEP 2.0',
    'SolidWorks 2023',
    '' );
FILE_SCHEMA (( 'AUTOMOTIVE_DESIGN' ));
ENDSEC;

DATA;
#1 = EDGE_LOOP ( 'NONE', ( #1254, #1479, #947, #1391 ) ) ;
#2 = AXIS2_PLACEMENT_3D ( 'NONE', #1570, #787, #664 ) ;
#3 = DIRECTION ( 'NONE',  ( 1.137523590804463822E-16, 0.000000000000000000, -1.000000000000000000 ) ) ;
#4 = ADVANCED_FACE ( 'NONE', ( #781, #1036 ), #789, .T. ) ;
#5 = FACE_OUTER_BOUND ( 'NONE', #310, .T. ) ;
#6 = LINE ( 'NONE', #1062, #1335 ) ;
#7 = CARTESIAN_POINT ( 'NONE',  ( 1.499999999999998446, 1.499999999999999778, 7.500000000000000000 ) ) ;
#8 = LINE ( 'NONE', #1047, #221 ) ;
#9 = ORIENTED_EDGE ( 'NONE', *, *, #1330, .T. ) ;
#10 = CARTESIAN_POINT ( 'NONE',  ( 18.34999999999999787, 5.499999999999890754, -9.299999999999993605 ) ) ;
#11 = EDGE_CURVE ( 'NONE', #1300, #1368, #1302, .T. ) ;
#12 = FACE_BOUND ( 'NONE', #259, .T. ) ;
#13 = FACE_OUTER_BOUND ( 'NONE', #1666, .T. ) ;
#14 = ORIENTED_EDGE ( 'NONE', *, *, #1539, .T. ) ;
#15 = CARTESIAN_POINT ( 'NONE',  ( 17.59999999999995879, 1.999999999999890310, -10.99999999999999289 ) ) ;
#16 = ORIENTED_EDGE ( 'NONE', *, *, #1301, .T. ) ;
#17 = FACE_OUTER_BOUND ( 'NONE', #1688, .T. ) ;
#18 = ORIENTED_EDGE ( 'NONE', *, *, #1242, .F. ) ;
#19 = DIRECTION ( 'NONE',  ( -1.000000000000000000, 0.000000000000000000, 0.000000000000000000 ) ) ;
#20 = EDGE_CURVE ( 'NONE', #1420, #824, #1197, .T. ) ;
#21 = DIRECTION ( 'NONE',  ( -1.000000000000000000, 0.000000000000000000, 0.000000000000000000 ) ) ;
#22 = VERTEX_POINT ( 'NONE', #1314 ) ;
#23 = VECTOR ( 'NONE', #715, 1000.000000000000000 ) ;
#24 = DIRECTION ( 'NONE',  ( 0.000000000000000000, -1.000000000000000000, 0.000000000000000000 ) ) ;
#25 = EDGE_LOOP ( 'NONE', ( #14, #1285 ) ) ;
#26 = AXIS2_PLACEMENT_3D ( 'NONE', #1152, #512, #226 ) ;
#27 = DIRECTION ( 'NONE',  ( -1.239088197126290817E-16, -0.000000000000000000, 1.000000000000000000 ) ) ;
#28 = VECTOR ( 'NONE', #186, 1000.000000000000000 ) ;
#29 = ORIENTED_EDGE ( 'NONE', *, *, #596, .T. ) ;
#30 = VECTOR ( 'NONE', #1175, 1000.000000000000000 ) ;
#31 = DIRECTION ( 'NONE',  ( 1.000000000000000000, 0.000000000000000000, 1.137523590804463822E-16 ) ) ;
#32 = CARTESIAN_POINT ( 'NONE',  ( 16.84999999999995879, 1.999999999999890310, -9.299999999999993605 ) ) ;
#33 = LINE ( 'NONE', #833, #1187 ) ;
#34 = VERTEX_POINT ( 'NONE', #890 ) ;
#35 = DIRECTION ( 'NONE',  ( -0.000000000000000000, -0.000000000000000000, -1.000000000000000000 ) ) ;
#36 = ORIENTED_EDGE ( 'NONE', *, *, #901, .F. ) ;
#37 = PLANE ( 'NONE',  #1193 ) ;
#38 = ORIENTED_EDGE ( 'NONE', *, *, #1267, .F. ) ;
#39 = DIRECTION ( 'NONE',  ( 0.000000000000000000, 0.000000000000000000, 1.000000000000000000 ) ) ;
#40 = DIRECTION ( 'NONE',  ( -1.000000000000000000, 0.000000000000000000, 0.000000000000000000 ) ) ;
#41 = EDGE_LOOP ( 'NONE', ( #1432, #1401 ) ) ;
#42 = CARTESIAN_POINT ( 'NONE',  ( 27.00000000000000000, 0.000000000000000000, -3.000000000000000444 ) ) ;
#43 = ADVANCED_FACE ( 'NONE', ( #1572 ), #372, .T. ) ;
#44 = DIRECTION ( 'NONE',  ( -1.000000000000000000, 0.000000000000000000, 0.000000000000000000 ) ) ;
#45 = VERTEX_POINT ( 'NONE', #1321 ) ;
#46 = DIRECTION ( 'NONE',  ( 0.000000000000000000, 0.000000000000000000, 1.000000000000000000 ) ) ;
#47 = CARTESIAN_POINT ( 'NONE',  ( 4.999999999999998224, 0.000000000000000000, -8.999999999999994671 ) ) ;
#48 = CARTESIAN_POINT ( 'NONE',  ( 35.25000000000000000, 5.499999999999818812, -4.000000000000000000 ) ) ;
#49 = ORIENTED_EDGE ( 'NONE', *, *, #1211, .T. ) ;
#50 = AXIS2_PLACEMENT_3D ( 'NONE', #450, #1511, #1005 ) ;
#51 = CARTESIAN_POINT ( 'NONE',  ( 22.80000000000000071, 5.499999999999855227, -7.999999999999992895 ) ) ;
#52 = EDGE_LOOP ( 'NONE', ( #571, #769, #1409, #791 ) ) ;
#53 = AXIS2_PLACEMENT_3D ( 'NONE', #1461, #27, #530 ) ;
#54 =( GEOMETRIC_REPRESENTATION_CONTEXT ( 3 ) GLOBAL_UNCERTAINTY_ASSIGNED_CONTEXT ( ( #1256 ) ) GLOBAL_UNIT_ASSIGNED_CONTEXT ( ( #606, #260, #267 ) ) REPRESENTATION_CONTEXT ( 'NONE', 'WORKASPACE' ) );
#55 = CARTESIAN_POINT ( 'NONE',  ( 29.49999999999999289, 3.499999999999999556, -2.999999999999999112 ) ) ;
#56 = ADVANCED_FACE ( 'NONE', ( #1056 ), #1581, .F. ) ;
#57 = CIRCLE ( 'NONE', #1557, 0.7500000000000006661 ) ;
#58 = EDGE_CURVE ( 'NONE', #414, #980, #33, .T. ) ;
#59 = FACE_OUTER_BOUND ( 'NONE', #1394, .T. ) ;
#60 = ORIENTED_EDGE ( 'NONE', *, *, #318, .F. ) ;
#61 = FACE_BOUND ( 'NONE', #201, .T. ) ;
#62 = EDGE_LOOP ( 'NONE', ( #459, #207, #1645, #1350 ) ) ;
#63 = DIRECTION ( 'NONE',  ( -0.000000000000000000, 1.000000000000000000, -0.000000000000000000 ) ) ;
#64 = EDGE_CURVE ( 'NONE', #1206, #669, #1604, .T. ) ;
#65 = DIRECTION ( 'NONE',  ( -1.000000000000000000, 0.000000000000000000, 0.000000000000000000 ) ) ;
#66 = ORIENTED_EDGE ( 'NONE', *, *, #1119, .T. ) ;
#67 = DIRECTION ( 'NONE',  ( 1.137523590804463822E-16, -0.000000000000000000, -1.000000000000000000 ) ) ;
#68 = ORIENTED_EDGE ( 'NONE', *, *, #290, .T. ) ;
#69 = DIRECTION ( 'NONE',  ( -1.000000000000000000, 0.000000000000000000, 0.000000000000000000 ) ) ;
#70 = CARTESIAN_POINT ( 'NONE',  ( 6.449999999999963762, 1.999999999999963141, -7.999999999999992895 ) ) ;
#71 = DIRECTION ( 'NONE',  ( 1.137523590804463822E-16, -0.000000000000000000, -1.000000000000000000 ) ) ;
#72 = EDGE_CURVE ( 'NONE', #873, #695, #988, .T. ) ;
#73 = ORIENTED_EDGE ( 'NONE', *, *, #288, .F. ) ;
#74 = VECTOR ( 'NONE', #355, 1000.000000000000000 ) ;
#75 = CARTESIAN_POINT ( 'NONE',  ( 4.336808689942017736E-16, 1.500000000000000444, 0.000000000000000000 ) ) ;
#76 = ORIENTED_EDGE ( 'NONE', *, *, #1011, .T. ) ;
#77 = AXIS2_PLACEMENT_3D ( 'NONE', #1364, #153, #1098 ) ;
#78 = CARTESIAN_POINT ( 'NONE',  ( 27.99999999999999645, 5.499999999999818812, -10.99999999999999112 ) ) ;
#79 = AXIS2_PLACEMENT_3D ( 'NONE', #1124, #611, #1535 ) ;
#80 = VECTOR ( 'NONE', #151, 1000.000000000000000 ) ;
#81 = DIRECTION ( 'NONE',  ( 1.137523590804463822E-16, -0.000000000000000000, -1.000000000000000000 ) ) ;
#82 = DIRECTION ( 'NONE',  ( 0.000000000000000000, 0.000000000000000000, -1.000000000000000000 ) ) ;
#83 = CIRCLE ( 'NONE', #468, 0.7500000000000006661 ) ;
#84 = VERTEX_POINT ( 'NONE', #1223 ) ;
#85 = VECTOR ( 'NONE', #24, 1000.000000000000000 ) ;
#86 = DIRECTION ( 'NONE',  ( 1.137523590804463822E-16, -0.000000000000000000, -1.000000000000000000 ) ) ;
#87 = VERTEX_POINT ( 'NONE', #1374 ) ;
#88 = CARTESIAN_POINT ( 'NONE',  ( 27.99999999999999645, 5.499999999999818812, -10.99999999999999112 ) ) ;
#89 = LINE ( 'NONE', #793, #408 ) ;
#90 = DIRECTION ( 'NONE',  ( -1.000000000000000000, 0.000000000000000000, 0.000000000000000000 ) ) ;
#91 = VERTEX_POINT ( 'NONE', #951 ) ;
#92 = DIRECTION ( 'NONE',  ( -1.000000000000000000, 0.000000000000000000, 0.000000000000000000 ) ) ;
#93 = EDGE_CURVE ( 'NONE', #500, #828, #798, .T. ) ;
#94 = EDGE_LOOP ( 'NONE', ( #1114, #208, #293, #1600 ) ) ;
#95 = DIRECTION ( 'NONE',  ( -1.000000000000000000, 0.000000000000000000, 0.000000000000000000 ) ) ;
#96 = DIRECTION ( 'NONE',  ( 1.137523590804463822E-16, -0.000000000000000000, -1.000000000000000000 ) ) ;
#97 = LINE ( 'NONE', #1154, #1137 ) ;
#98 = ORIENTED_EDGE ( 'NONE', *, *, #1242, .T. ) ;
#99 = DIRECTION ( 'NONE',  ( 1.239088197126290817E-16, 0.000000000000000000, -1.000000000000000000 ) ) ;
#100 = CARTESIAN_POINT ( 'NONE',  ( 38.49999999999999289, 3.499999999999999112, -10.99999999999998934 ) ) ;
#101 = ORIENTED_EDGE ( 'NONE', *, *, #1255, .F. ) ;
#102 = DIRECTION ( 'NONE',  ( 0.000000000000000000, 1.000000000000000000, 0.000000000000000000 ) ) ;
#103 = AXIS2_PLACEMENT_3D ( 'NONE', #1203, #1325, #672 ) ;
#104 = CARTESIAN_POINT ( 'NONE',  ( 2.000000000000000888, 5.500000000000000000, -7.999999999999992895 ) ) ;
#105 = DIRECTION ( 'NONE',  ( 1.137523590804463822E-16, 0.000000000000000000, -1.000000000000000000 ) ) ;
#106 = ADVANCED_FACE ( 'NONE', ( #13 ), #680, .F. ) ;
#107 = ORIENTED_EDGE ( 'NONE', *, *, #1211, .F. ) ;
#108 = CIRCLE ( 'NONE', #1078, 0.7499999999999997780 ) ;
#109 = EDGE_CURVE ( 'NONE', #422, #87, #1015, .T. ) ;
#110 = ORIENTED_EDGE ( 'NONE', *, *, #1709, .F. ) ;
#111 = PRESENTATION_LAYER_ASSIGNMENT (  '', '', ( #968 ) ) ;
#112 = AXIS2_PLACEMENT_3D ( 'NONE', #1671, #1678, #486 ) ;
#113 = CARTESIAN_POINT ( 'NONE',  ( 32.00000000000000000, 5.499999999999818812, -0.9999999999999904521 ) ) ;
#114 = VERTEX_POINT ( 'NONE', #48 ) ;
#115 = DIRECTION ( 'NONE',  ( 1.000000000000000000, -0.000000000000000000, 8.673617379884034239E-17 ) ) ;
#116 = ADVANCED_FACE ( 'NONE', ( #1484 ), #429, .F. ) ;
#117 = CARTESIAN_POINT ( 'NONE',  ( 32.00000000000000000, 5.499999999999818812, -10.99999999999999112 ) ) ;
#118 = DIRECTION ( 'NONE',  ( 1.000000000000000000, 0.000000000000000000, 0.000000000000000000 ) ) ;
#119 = VERTEX_POINT ( 'NONE', #1366 ) ;
#120 = ORIENTED_EDGE ( 'NONE', *, *, #1638, .T. ) ;
#121 = LINE ( 'NONE', #1485, #941 ) ;
#122 = EDGE_LOOP ( 'NONE', ( #483, #1643, #1287, #1452 ) ) ;
#123 = PLANE ( 'NONE',  #467 ) ;
#124 = DIRECTION ( 'NONE',  ( 1.137523590804463822E-16, -0.000000000000000000, -1.000000000000000000 ) ) ;
#125 = CARTESIAN_POINT ( 'NONE',  ( 7.949999999999963762, 1.999999999999963141, -10.99999999999999467 ) ) ;
#126 = ORIENTED_EDGE ( 'NONE', *, *, #356, .T. ) ;
#127 = EDGE_CURVE ( 'NONE', #1190, #359, #439, .T. ) ;
#128 = VERTEX_POINT ( 'NONE', #942 ) ;
#129 = CARTESIAN_POINT ( 'NONE',  ( 28.74999999999999645, 5.499999999999818812, -10.99999999999999112 ) ) ;
#130 = EDGE_CURVE ( 'NONE', #1499, #756, #1359, .T. ) ;
#131 = VERTEX_POINT ( 'NONE', #409 ) ;
#132 = DIRECTION ( 'NONE',  ( 8.673617379884034239E-17, 0.000000000000000000, -1.000000000000000000 ) ) ;
#133 = CARTESIAN_POINT ( 'NONE',  ( 2.000000000000001332, 5.500000000000000000, -10.99999999999999467 ) ) ;
#134 = AXIS2_PLACEMENT_3D ( 'NONE', #7, #99, #239 ) ;
#135 = CARTESIAN_POINT ( 'NONE',  ( 27.24999999999993250, 7.000000000000000000, -4.750000000000137668 ) ) ;
#136 = AXIS2_PLACEMENT_3D ( 'NONE', #479, #982, #65 ) ;
#137 = VERTEX_POINT ( 'NONE', #1625 ) ;
#138 = AXIS2_PLACEMENT_3D ( 'NONE', #407, #842, #706 ) ;
#139 = AXIS2_PLACEMENT_3D ( 'NONE', #1448, #492, #1437 ) ;
#140 = VECTOR ( 'NONE', #1253, 1000.000000000000000 ) ;
#141 = EDGE_CURVE ( 'NONE', #771, #1170, #1580, .T. ) ;
#142 = CARTESIAN_POINT ( 'NONE',  ( 5.000000000000000000, 7.000000000000000000, 9.800000000000000711 ) ) ;
#143 = EDGE_LOOP ( 'NONE', ( #910, #49, #629, #1332 ) ) ;
#144 = VECTOR ( 'NONE', #220, 1000.000000000000000 ) ;
#145 = LINE ( 'NONE', #1342, #1553 ) ;
#146 = FACE_OUTER_BOUND ( 'NONE', #462, .T. ) ;
#147 = DIRECTION ( 'NONE',  ( -0.000000000000000000, -0.000000000000000000, -1.000000000000000000 ) ) ;
#148 = CARTESIAN_POINT ( 'NONE',  ( 12.39999999999996483, 1.999999999999926725, -9.299999999999993605 ) ) ;
#149 = CARTESIAN_POINT ( 'NONE',  ( 3.549999999999934985, 4.500000000000000888, -5.750000000000220268 ) ) ;
#150 = ORIENTED_EDGE ( 'NONE', *, *, #586, .T. ) ;
#151 = DIRECTION ( 'NONE',  ( 1.137523590804463822E-16, -0.000000000000000000, -1.000000000000000000 ) ) ;
#152 = ADVANCED_FACE ( 'NONE', ( #1493 ), #273, .F. ) ;
#153 = DIRECTION ( 'NONE',  ( 0.000000000000000000, 1.000000000000000000, 0.000000000000000000 ) ) ;
#154 = DIRECTION ( 'NONE',  ( 1.000000000000000000, 0.000000000000000000, 0.000000000000000000 ) ) ;
#155 = CARTESIAN_POINT ( 'NONE',  ( 4.999999999999998224, 7.000000000000000000, -8.999999999999994671 ) ) ;
#156 = ORIENTED_EDGE ( 'NONE', *, *, #130, .F. ) ;
#157 = CARTESIAN_POINT ( 'NONE',  ( 2.602085213965212614E-16, 3.500000000000000000, -3.000000000000002665 ) ) ;
#158 = VERTEX_POINT ( 'NONE', #1338 ) ;
#159 = DIRECTION ( 'NONE',  ( -1.000000000000000000, 0.000000000000000000, 0.000000000000000000 ) ) ;
#160 = EDGE_LOOP ( 'NONE', ( #381, #575 ) ) ;
#161 = DIRECTION ( 'NONE',  ( 1.137523590804463822E-16, -0.000000000000000000, -1.000000000000000000 ) ) ;
#162 =( NAMED_UNIT ( * ) SI_UNIT ( $, .STERADIAN. ) SOLID_ANGLE_UNIT ( ) );
#163 = EDGE_CURVE ( 'NONE', #652, #863, #291, .T. ) ;
#164 = DIRECTION ( 'NONE',  ( -1.000000000000000000, 0.000000000000000000, 0.000000000000000000 ) ) ;
#165 = EDGE_LOOP ( 'NONE', ( #1529, #1710, #1293, #375 ) ) ;
#166 = AXIS2_PLACEMENT_3D ( 'NONE', #1502, #811, #1344 ) ;
#167 = CARTESIAN_POINT ( 'NONE',  ( 25.50000000000000000, 7.000000000000000000, 1.979187246363940331E-15 ) ) ;
#168 = ORIENTED_EDGE ( 'NONE', *, *, #416, .F. ) ;
#169 = AXIS2_PLACEMENT_3D ( 'NONE', #1395, #209, #188 ) ;
#170 = CARTESIAN_POINT ( 'NONE',  ( 25.50000000000000000, 7.000000000000000000, -9.299999999999993605 ) ) ;
#171 = AXIS2_PLACEMENT_3D ( 'NONE', #213, #339, #621 ) ;
#172 = ORIENTED_EDGE ( 'NONE', *, *, #637, .T. ) ;
#173 = CIRCLE ( 'NONE', #307, 1.000000000000001776 ) ;
#174 = CARTESIAN_POINT ( 'NONE',  ( 3.500000000000001332, 0.000000000000000000, -10.99999999999999467 ) ) ;
#175 = DIRECTION ( 'NONE',  ( 1.137523590804463822E-16, -0.000000000000000000, -1.000000000000000000 ) ) ;
#176 = ORIENTED_EDGE ( 'NONE', *, *, #1086, .F. ) ;
#177 = PLANE ( 'NONE',  #696 ) ;
#178 = CYLINDRICAL_SURFACE ( 'NONE', #1665, 0.7500000000000006661 ) ;
#179 = ORIENTED_EDGE ( 'NONE', *, *, #109, .T. ) ;
#180 = DIRECTION ( 'NONE',  ( 1.000000000000000000, 0.000000000000000000, 0.000000000000000000 ) ) ;
#181 = LINE ( 'NONE', #47, #200 ) ;
#182 = DIRECTION ( 'NONE',  ( -0.000000000000000000, -0.000000000000000000, 1.000000000000000000 ) ) ;
#183 = ORIENTED_EDGE ( 'NONE', *, *, #1477, .T. ) ;
#184 = CARTESIAN_POINT ( 'NONE',  ( 25.50000000000000000, 7.000000000000000000, 1.979187246363940331E-15 ) ) ;
#185 = EDGE_CURVE ( 'NONE', #1241, #34, #1496, .T. ) ;
#186 = DIRECTION ( 'NONE',  ( 0.000000000000000000, 1.000000000000000000, 0.000000000000000000 ) ) ;
#187 = ORIENTED_EDGE ( 'NONE', *, *, #398, .F. ) ;
#188 = DIRECTION ( 'NONE',  ( -1.000000000000000000, 0.000000000000000000, 0.000000000000000000 ) ) ;
#189 = CARTESIAN_POINT ( 'NONE',  ( 0.000000000000000000, 7.000000000000000000, -10.99999999999999467 ) ) ;
#190 = ORIENTED_EDGE ( 'NONE', *, *, #1531, .T. ) ;
#191 = EDGE_CURVE ( 'NONE', #34, #1241, #934, .T. ) ;
#192 = AXIS2_PLACEMENT_3D ( 'NONE', #1670, #1174, #263 ) ;
#193 = DIRECTION ( 'NONE',  ( 1.137523590804463822E-16, 0.000000000000000000, -1.000000000000000000 ) ) ;
#194 = ORIENTED_EDGE ( 'NONE', *, *, #141, .T. ) ;
#195 = VECTOR ( 'NONE', #63, 1000.000000000000000 ) ;
#196 = AXIS2_PLACEMENT_3D ( 'NONE', #847, #1378, #979 ) ;
#197 = CYLINDRICAL_SURFACE ( 'NONE', #1160, 0.7500000000000006661 ) ;
#198 = EDGE_CURVE ( 'NONE', #983, #287, #282, .T. ) ;
#199 = LINE ( 'NONE', #726, #1607 ) ;
#200 = VECTOR ( 'NONE', #420, 1000.000000000000000 ) ;
#201 = EDGE_LOOP ( 'NONE', ( #38, #392 ) ) ;
#202 = CARTESIAN_POINT ( 'NONE',  ( 7.199999999999964650, 1.999999999999963141, -7.999999999999992895 ) ) ;
#203 = VERTEX_POINT ( 'NONE', #967 ) ;
#204 = EDGE_CURVE ( 'NONE', #565, #1514, #630, .T. ) ;
#205 = FACE_OUTER_BOUND ( 'NONE', #761, .T. ) ;
#206 = CYLINDRICAL_SURFACE ( 'NONE', #832, 0.7500000000000006661 ) ;
#207 = ORIENTED_EDGE ( 'NONE', *, *, #20, .T. ) ;
#208 = ORIENTED_EDGE ( 'NONE', *, *, #1288, .T. ) ;
#209 = DIRECTION ( 'NONE',  ( 1.137523590804463822E-16, -0.000000000000000000, -1.000000000000000000 ) ) ;
#210 = CARTESIAN_POINT ( 'NONE',  ( 23.55000000000000071, 5.499999999999855227, -7.999999999999992895 ) ) ;
#211 = DIRECTION ( 'NONE',  ( -1.000000000000000000, 0.000000000000000000, 0.000000000000000000 ) ) ;
#212 = ORIENTED_EDGE ( 'NONE', *, *, #295, .F. ) ;
#213 = CARTESIAN_POINT ( 'NONE',  ( 7.199999999999964650, 1.999999999999963141, -9.299999999999993605 ) ) ;
#214 = ORIENTED_EDGE ( 'NONE', *, *, #743, .F. ) ;
#215 = AXIS2_PLACEMENT_3D ( 'NONE', #133, #1090, #428 ) ;
#216 = DIRECTION ( 'NONE',  ( 1.137523590804463822E-16, 0.000000000000000000, -1.000000000000000000 ) ) ;
#217 = AXIS2_PLACEMENT_3D ( 'NONE', #646, #1173, #1576 ) ;
#218 = VECTOR ( 'NONE', #875, 1000.000000000000000 ) ;
#219 = DIRECTION ( 'NONE',  ( -0.000000000000000000, -0.000000000000000000, -1.000000000000000000 ) ) ;
#220 = DIRECTION ( 'NONE',  ( -0.000000000000000000, 1.000000000000000000, -0.000000000000000000 ) ) ;
#221 = VECTOR ( 'NONE', #292, 1000.000000000000000 ) ;
#222 = VERTEX_POINT ( 'NONE', #1663 ) ;
#223 = ADVANCED_FACE ( 'NONE', ( #1140 ), #1647, .F. ) ;
#224 = LINE ( 'NONE', #231, #494 ) ;
#225 = ORIENTED_EDGE ( 'NONE', *, *, #509, .F. ) ;
#226 = DIRECTION ( 'NONE',  ( -1.000000000000000000, 0.000000000000000000, 0.000000000000000000 ) ) ;
#227 = CARTESIAN_POINT ( 'NONE',  ( 27.24999999999993250, 7.000000000000000000, -4.750000000000137668 ) ) ;
#228 = DIRECTION ( 'NONE',  ( -1.000000000000000000, 0.000000000000000000, 0.000000000000000000 ) ) ;
#229 = EDGE_LOOP ( 'NONE', ( #529, #354 ) ) ;
#230 = ORIENTED_EDGE ( 'NONE', *, *, #11, .F. ) ;
#231 = CARTESIAN_POINT ( 'NONE',  ( 27.00000000000000000, 3.500000000000000000, -10.99999999999999112 ) ) ;
#232 = VERTEX_POINT ( 'NONE', #1249 ) ;
#233 = EDGE_CURVE ( 'NONE', #158, #1142, #1405, .T. ) ;
#234 = DIRECTION ( 'NONE',  ( -9.637352644315594010E-17, -0.000000000000000000, -1.000000000000000000 ) ) ;
#235 = ADVANCED_FACE ( 'NONE', ( #1642 ), #1518, .F. ) ;
#236 = CARTESIAN_POINT ( 'NONE',  ( 0.000000000000000000, 0.000000000000000000, -10.99999999999999467 ) ) ;
#237 = DIRECTION ( 'NONE',  ( 0.000000000000000000, 0.000000000000000000, 1.000000000000000000 ) ) ;
#238 = ORIENTED_EDGE ( 'NONE', *, *, #807, .T. ) ;
#239 = DIRECTION ( 'NONE',  ( -1.000000000000000000, 0.000000000000000000, -1.239088197126290817E-16 ) ) ;
#240 = FILL_AREA_STYLE ('',( #1558 ) ) ;
#241 = ORIENTED_EDGE ( 'NONE', *, *, #1383, .T. ) ;
#242 = ADVANCED_FACE ( 'NONE', ( #59 ), #1527, .F. ) ;
#243 = DIRECTION ( 'NONE',  ( -1.000000000000000000, 0.000000000000000000, 0.000000000000000000 ) ) ;
#244 = AXIS2_PLACEMENT_3D ( 'NONE', #1183, #496, #625 ) ;
#245 = DIRECTION ( 'NONE',  ( -1.445602896647340149E-16, -0.000000000000000000, 1.000000000000000000 ) ) ;
#246 = FACE_OUTER_BOUND ( 'NONE', #1424, .T. ) ;
#247 = EDGE_LOOP ( 'NONE', ( #1674, #1623, #1353, #490 ) ) ;
#248 = VECTOR ( 'NONE', #1122, 1000.000000000000000 ) ;
#249 = ORIENTED_EDGE ( 'NONE', *, *, #549, .F. ) ;
#250 = VECTOR ( 'NONE', #1488, 1000.000000000000000 ) ;
#251 = CIRCLE ( 'NONE', #1418, 0.7500000000000006661 ) ;
#252 = CARTESIAN_POINT ( 'NONE',  ( 3.500000000000000000, 3.500000000000000000, -2.500000000000000000 ) ) ;
#253 = ORIENTED_EDGE ( 'NONE', *, *, #130, .T. ) ;
#254 = FACE_BOUND ( 'NONE', #160, .T. ) ;
#255 = EDGE_CURVE ( 'NONE', #422, #565, #316, .T. ) ;
#256 = CARTESIAN_POINT ( 'NONE',  ( 7.950000000000000178, 5.499999999999963585, -9.299999999999993605 ) ) ;
#257 = CARTESIAN_POINT ( 'NONE',  ( 27.99999999999999645, 5.499999999999818812, -7.999999999999989342 ) ) ;
#258 = ORIENTED_EDGE ( 'NONE', *, *, #1700, .T. ) ;
#259 = EDGE_LOOP ( 'NONE', ( #418, #1316 ) ) ;
#260 =( NAMED_UNIT ( * ) PLANE_ANGLE_UNIT ( ) SI_UNIT ( $, .RADIAN. ) );
#261 = ORIENTED_EDGE ( 'NONE', *, *, #540, .F. ) ;
#262 = CARTESIAN_POINT ( 'NONE',  ( 29.49999999999999289, 7.000000000000000000, -2.999999999999999112 ) ) ;
#263 = DIRECTION ( 'NONE',  ( 1.137523590804463822E-16, 0.000000000000000000, -1.000000000000000000 ) ) ;
#264 = CARTESIAN_POINT ( 'NONE',  ( 2.750000000000001776, 5.500000000000000000, -10.99999999999999467 ) ) ;
#265 = EDGE_CURVE ( 'NONE', #1433, #1522, #1381, .T. ) ;
#266 = EDGE_LOOP ( 'NONE', ( #385, #969, #820, #996 ) ) ;
#267 =( NAMED_UNIT ( * ) SI_UNIT ( $, .STERADIAN. ) SOLID_ANGLE_UNIT ( ) );
#268 = ORIENTED_EDGE ( 'NONE', *, *, #1123, .T. ) ;
#269 = CARTESIAN_POINT ( 'NONE',  ( 38.49999999999999289, 6.999999999999999112, -10.99999999999998934 ) ) ;
#270 = FACE_BOUND ( 'NONE', #1003, .T. ) ;
#271 = AXIS2_PLACEMENT_3D ( 'NONE', #551, #1463, #21 ) ;
#272 = AXIS2_PLACEMENT_3D ( 'NONE', #331, #989, #322 ) ;
#273 = CYLINDRICAL_SURFACE ( 'NONE', #1715, 0.7500000000000006661 ) ;
#274 = AXIS2_PLACEMENT_3D ( 'NONE', #634, #234, #376 ) ;
#275 = ADVANCED_FACE ( 'NONE', ( #461 ), #455, .F. ) ;
#276 = CIRCLE ( 'NONE', #1250, 0.7500000000000006661 ) ;
#277 = CARTESIAN_POINT ( 'NONE',  ( 11.64999999999996483, 1.999999999999926725, -10.99999999999999289 ) ) ;
#278 = ORIENTED_EDGE ( 'NONE', *, *, #1108, .T. ) ;
#279 = AXIS2_PLACEMENT_3D ( 'NONE', #1431, #1319, #228 ) ;
#280 = DIRECTION ( 'NONE',  ( -1.000000000000000000, 0.000000000000000000, 0.000000000000000000 ) ) ;
#281 = FACE_BOUND ( 'NONE', #1652, .T. ) ;
#282 = LINE ( 'NONE', #1598, #1386 ) ;
#283 = ORIENTED_EDGE ( 'NONE', *, *, #852, .F. ) ;
#284 = DIRECTION ( 'NONE',  ( -1.000000000000000000, 0.000000000000000000, 0.000000000000000000 ) ) ;
#285 = VERTEX_POINT ( 'NONE', #343 ) ;
#286 = CYLINDRICAL_SURFACE ( 'NONE', #859, 0.7500000000000006661 ) ;
#287 = VERTEX_POINT ( 'NONE', #865 ) ;
#288 = EDGE_CURVE ( 'NONE', #131, #435, #857, .T. ) ;
#289 = CARTESIAN_POINT ( 'NONE',  ( 29.49999999999999289, 7.000000000000000000, -2.999999999999999112 ) ) ;
#290 = EDGE_CURVE ( 'NONE', #1718, #840, #471, .T. ) ;
#291 = LINE ( 'NONE', #1617, #714 ) ;
#292 = DIRECTION ( 'NONE',  ( 0.000000000000000000, 0.000000000000000000, 1.000000000000000000 ) ) ;
#293 = ORIENTED_EDGE ( 'NONE', *, *, #1029, .T. ) ;
#294 = DIRECTION ( 'NONE',  ( -1.000000000000000000, 0.000000000000000000, 0.000000000000000000 ) ) ;
#295 = EDGE_CURVE ( 'NONE', #695, #128, #1412, .T. ) ;
#296 = ORIENTED_EDGE ( 'NONE', *, *, #365, .F. ) ;
#297 = FACE_BOUND ( 'NONE', #323, .T. ) ;
#298 = CARTESIAN_POINT ( 'NONE',  ( 36.00000000000000711, 5.499999999999818812, -0.9999999999999904521 ) ) ;
#299 = ORIENTED_EDGE ( 'NONE', *, *, #1060, .T. ) ;
#300 = CIRCLE ( 'NONE', #463, 0.7499999999999997780 ) ;
#301 = CIRCLE ( 'NONE', #443, 0.7500000000000006661 ) ;
#302 = CARTESIAN_POINT ( 'NONE',  ( 4.999999999999998224, 7.000000000000000000, -8.999999999999994671 ) ) ;
#303 = CIRCLE ( 'NONE', #582, 1.000000000000000888 ) ;
#304 = LINE ( 'NONE', #333, #305 ) ;
#305 = VECTOR ( 'NONE', #1400, 1000.000000000000000 ) ;
#306 = ORIENTED_EDGE ( 'NONE', *, *, #72, .T. ) ;
#307 = AXIS2_PLACEMENT_3D ( 'NONE', #135, #1423, #237 ) ;
#308 = CARTESIAN_POINT ( 'NONE',  ( 2.750000000000000888, 5.500000000000000000, -7.999999999999992895 ) ) ;
#309 = CARTESIAN_POINT ( 'NONE',  ( 22.79999999999996163, 1.999999999999854783, -9.299999999999993605 ) ) ;
#310 = EDGE_LOOP ( 'NONE', ( #1215, #1043 ) ) ;
#311 = EDGE_CURVE ( 'NONE', #371, #137, #300, .T. ) ;
#312 = LINE ( 'NONE', #1284, #748 ) ;
#313 = CARTESIAN_POINT ( 'NONE',  ( 1.499999999999999556, 1.499999999999999778, 9.800000000000000711 ) ) ;
#314 = VERTEX_POINT ( 'NONE', #751 ) ;
#315 = CARTESIAN_POINT ( 'NONE',  ( 36.00000000000000711, 5.499999999999818812, -0.9999999999999904521 ) ) ;
#316 = LINE ( 'NONE', #210, #772 ) ;
#317 = ORIENTED_EDGE ( 'NONE', *, *, #903, .F. ) ;
#318 = EDGE_CURVE ( 'NONE', #119, #734, #1273, .T. ) ;
#319 = DIRECTION ( 'NONE',  ( 1.137523590804463822E-16, -0.000000000000000000, -1.000000000000000000 ) ) ;
#320 = ORIENTED_EDGE ( 'NONE', *, *, #1539, .F. ) ;
#321 = CARTESIAN_POINT ( 'NONE',  ( 32.00000000000000000, 5.499999999999818812, -4.000000000000000000 ) ) ;
#322 = DIRECTION ( 'NONE',  ( -1.000000000000000000, 0.000000000000000000, 0.000000000000000000 ) ) ;
#323 = EDGE_LOOP ( 'NONE', ( #1605, #1260 ) ) ;
#324 = ADVANCED_FACE ( 'NONE', ( #1283 ), #206, .F. ) ;
#325 = VECTOR ( 'NONE', #1482, 1000.000000000000000 ) ;
#326 = DIRECTION ( 'NONE',  ( 0.000000000000000000, -1.000000000000000000, 0.000000000000000000 ) ) ;
#327 = VERTEX_POINT ( 'NONE', #998 ) ;
#328 = CIRCLE ( 'NONE', #1304, 0.7500000000000006661 ) ;
#329 = CARTESIAN_POINT ( 'NONE',  ( 5.000000000000000000, 0.000000000000000000, 9.800000000000000711 ) ) ;
#330 = VECTOR ( 'NONE', #555, 1000.000000000000000 ) ;
#331 = CARTESIAN_POINT ( 'NONE',  ( 1.500000000000000222, 1.500000000000000000, 7.500000000000027534 ) ) ;
#332 = EDGE_LOOP ( 'NONE', ( #783, #98, #1172, #1379 ) ) ;
#333 = CARTESIAN_POINT ( 'NONE',  ( 3.549999999999934985, 4.500000000000000888, -3.750000000000218492 ) ) ;
#334 = ORIENTED_EDGE ( 'NONE', *, *, #365, .T. ) ;
#335 = DIRECTION ( 'NONE',  ( -9.637352644315594010E-17, -0.000000000000000000, -1.000000000000000000 ) ) ;
#336 = DIRECTION ( 'NONE',  ( 1.137523590804463822E-16, -0.000000000000000000, -1.000000000000000000 ) ) ;
#337 = CYLINDRICAL_SURFACE ( 'NONE', #1585, 0.7500000000000006661 ) ;
#338 = ORIENTED_EDGE ( 'NONE', *, *, #476, .F. ) ;
#339 = DIRECTION ( 'NONE',  ( -0.000000000000000000, -0.000000000000000000, 1.000000000000000000 ) ) ;
#340 = ORIENTED_EDGE ( 'NONE', *, *, #1435, .T. ) ;
#341 = CYLINDRICAL_SURFACE ( 'NONE', #217, 0.7500000000000006661 ) ;
#342 = EDGE_CURVE ( 'NONE', #1044, #746, #199, .T. ) ;
#343 = CARTESIAN_POINT ( 'NONE',  ( 3.549999999999934985, 7.000000000000000000, -3.750000000000218492 ) ) ;
#344 = CARTESIAN_POINT ( 'NONE',  ( 11.64999999999996483, 1.999999999999926725, -9.299999999999993605 ) ) ;
#345 = EDGE_LOOP ( 'NONE', ( #401, #1407, #1328, #1121, #1104, #473, #1494, #241, #1339, #585 ) ) ;
#346 = DIRECTION ( 'NONE',  ( -1.000000000000000000, 0.000000000000000000, 0.000000000000000000 ) ) ;
#347 = EDGE_LOOP ( 'NONE', ( #481, #1371, #1097, #795, #1579, #1460, #1672, #701 ) ) ;
#348 = CIRCLE ( 'NONE', #79, 0.7500000000000000000 ) ;
#349 = CYLINDRICAL_SURFACE ( 'NONE', #1248, 0.7500000000000006661 ) ;
#350 = VECTOR ( 'NONE', #749, 1000.000000000000000 ) ;
#351 = AXIS2_PLACEMENT_3D ( 'NONE', #113, #86, #883 ) ;
#352 = LINE ( 'NONE', #618, #1049 ) ;
#353 = CARTESIAN_POINT ( 'NONE',  ( 0.000000000000000000, 7.000000000000000000, 9.800000000000000711 ) ) ;
#354 = ORIENTED_EDGE ( 'NONE', *, *, #731, .F. ) ;
#355 = DIRECTION ( 'NONE',  ( -0.000000000000000000, 1.000000000000000000, -0.000000000000000000 ) ) ;
#356 = EDGE_CURVE ( 'NONE', #594, #1206, #348, .T. ) ;
#357 = ADVANCED_FACE ( 'NONE', ( #871 ), #739, .T. ) ;
#358 = DIRECTION ( 'NONE',  ( -0.000000000000000000, 0.000000000000000000, 1.000000000000000000 ) ) ;
#359 = VERTEX_POINT ( 'NONE', #654 ) ;
#360 = CARTESIAN_POINT ( 'NONE',  ( 38.49999999999999289, 3.499999999999999112, 5.732124598286487682 ) ) ;
#361 = CYLINDRICAL_SURFACE ( 'NONE', #1661, 0.7500000000000006661 ) ;
#362 = CARTESIAN_POINT ( 'NONE',  ( 1.499999999999999556, 1.499999999999999778, 9.800000000000000711 ) ) ;
#363 = ORIENTED_EDGE ( 'NONE', *, *, #255, .T. ) ;
#364 = EDGE_LOOP ( 'NONE', ( #1251, #126 ) ) ;
#365 = EDGE_CURVE ( 'NONE', #1327, #1269, #915, .T. ) ;
#366 = CARTESIAN_POINT ( 'NONE',  ( 2.000000000000000888, 5.500000000000000000, -7.999999999999992895 ) ) ;
#367 = ORIENTED_EDGE ( 'NONE', *, *, #1701, .F. ) ;
#368 = CARTESIAN_POINT ( 'NONE',  ( 36.75000000000000711, 5.499999999999818812, -4.000000000000000000 ) ) ;
#369 = CARTESIAN_POINT ( 'NONE',  ( 2.000000000000000888, 5.500000000000000000, -7.999999999999992895 ) ) ;
#370 = CARTESIAN_POINT ( 'NONE',  ( 7.950000000000000178, 5.499999999999963585, -10.99999999999999467 ) ) ;
#371 = VERTEX_POINT ( 'NONE', #256 ) ;
#372 = PLANE ( 'NONE',  #1441 ) ;
#373 = CARTESIAN_POINT ( 'NONE',  ( 12.40000000000000213, 5.499999999999927169, -9.299999999999993605 ) ) ;
#374 = ADVANCED_FACE ( 'NONE', ( #1686 ), #1298, .F. ) ;
#375 = ORIENTED_EDGE ( 'NONE', *, *, #531, .F. ) ;
#376 = DIRECTION ( 'NONE',  ( -1.000000000000000000, 0.000000000000000000, 0.000000000000000000 ) ) ;
#377 = AXIS2_PLACEMENT_3D ( 'NONE', #1063, #958, #1355 ) ;
#378 = VECTOR ( 'NONE', #1455, 1000.000000000000000 ) ;
#379 = CYLINDRICAL_SURFACE ( 'NONE', #244, 1.000000000000001776 ) ;
#380 = CARTESIAN_POINT ( 'NONE',  ( 3.549999999999934985, 4.500000000000000888, -4.750000000000219380 ) ) ;
#381 = ORIENTED_EDGE ( 'NONE', *, *, #1470, .F. ) ;
#382 = CIRCLE ( 'NONE', #53, 0.7500000000000001110 ) ;
#383 = CARTESIAN_POINT ( 'NONE',  ( 3.549999999999934985, 4.500000000000000888, -4.750000000000219380 ) ) ;
#384 = MECHANICAL_DESIGN_GEOMETRIC_PRESENTATION_REPRESENTATION (  '', ( #968 ), #54 ) ;
#385 = ORIENTED_EDGE ( 'NONE', *, *, #688, .T. ) ;
#386 = CIRCLE ( 'NONE', #1164, 1.000000000000001776 ) ;
#387 = DIRECTION ( 'NONE',  ( 1.137523590804463822E-16, 0.000000000000000000, -1.000000000000000000 ) ) ;
#388 = ORIENTED_EDGE ( 'NONE', *, *, #1234, .F. ) ;
#389 = DIRECTION ( 'NONE',  ( -1.000000000000000000, 0.000000000000000000, 0.000000000000000000 ) ) ;
#390 = CARTESIAN_POINT ( 'NONE',  ( 38.49999999999999289, 7.000000000000000000, -4.000000000000000888 ) ) ;
#391 = CARTESIAN_POINT ( 'NONE',  ( 7.200000000000001066, 5.499999999999963585, -7.999999999999992895 ) ) ;
#392 = ORIENTED_EDGE ( 'NONE', *, *, #682, .F. ) ;
#393 = ORIENTED_EDGE ( 'NONE', *, *, #628, .T. ) ;
#394 = DIRECTION ( 'NONE',  ( -0.000000000000000000, -0.000000000000000000, 1.000000000000000000 ) ) ;
#395 = EDGE_LOOP ( 'NONE', ( #933, #1552 ) ) ;
#396 = CARTESIAN_POINT ( 'NONE',  ( 17.59999999999995879, 1.999999999999890310, -7.999999999999992895 ) ) ;
#397 = FACE_BOUND ( 'NONE', #515, .T. ) ;
#398 = EDGE_CURVE ( 'NONE', #488, #1382, #1422, .T. ) ;
#399 = EDGE_CURVE ( 'NONE', #314, #327, #89, .T. ) ;
#400 = DIRECTION ( 'NONE',  ( -1.000000000000000000, 0.000000000000000000, 0.000000000000000000 ) ) ;
#401 = ORIENTED_EDGE ( 'NONE', *, *, #1222, .T. ) ;
#402 = CARTESIAN_POINT ( 'NONE',  ( 6.450000000000001066, 5.499999999999963585, -10.99999999999999467 ) ) ;
#403 = ORIENTED_EDGE ( 'NONE', *, *, #11, .T. ) ;
#404 = CARTESIAN_POINT ( 'NONE',  ( 12.39999999999996483, 1.999999999999926725, -7.999999999999992895 ) ) ;
#405 = PLANE ( 'NONE',  #77 ) ;
#406 = AXIS2_PLACEMENT_3D ( 'NONE', #570, #1100, #1205 ) ;
#407 = CARTESIAN_POINT ( 'NONE',  ( 0.000000000000000000, 7.000000000000000000, 0.000000000000000000 ) ) ;
#408 = VECTOR ( 'NONE', #1438, 1000.000000000000000 ) ;
#409 = CARTESIAN_POINT ( 'NONE',  ( 25.50000000000000000, 0.000000000000000000, -9.299999999999993605 ) ) ;
#410 = AXIS2_PLACEMENT_3D ( 'NONE', #799, #827, #294 ) ;
#411 = CIRCLE ( 'NONE', #1472, 0.7500000000000000000 ) ;
#412 = DIRECTION ( 'NONE',  ( -0.000000000000000000, -0.000000000000000000, 1.000000000000000000 ) ) ;
#413 = ADVANCED_FACE ( 'NONE', ( #485 ), #639, .F. ) ;
#414 = VERTEX_POINT ( 'NONE', #390 ) ;
#415 = VECTOR ( 'NONE', #71, 1000.000000000000000 ) ;
#416 = EDGE_CURVE ( 'NONE', #741, #488, #776, .T. ) ;
#417 = DIRECTION ( 'NONE',  ( -1.000000000000000000, 0.000000000000000000, 0.000000000000000000 ) ) ;
#418 = ORIENTED_EDGE ( 'NONE', *, *, #1064, .F. ) ;
#419 = FACE_BOUND ( 'NONE', #1087, .T. ) ;
#420 = DIRECTION ( 'NONE',  ( -1.927470528863120281E-16, -0.000000000000000000, -1.000000000000000000 ) ) ;
#421 = DIRECTION ( 'NONE',  ( 1.137523590804463822E-16, -0.000000000000000000, -1.000000000000000000 ) ) ;
#422 = VERTEX_POINT ( 'NONE', #887 ) ;
#423 = EDGE_CURVE ( 'NONE', #22, #545, #1696, .T. ) ;
#424 = LINE ( 'NONE', #142, #747 ) ;
#425 = EDGE_LOOP ( 'NONE', ( #568, #1313, #622, #1084 ) ) ;
#426 = CARTESIAN_POINT ( 'NONE',  ( 22.79999999999996163, 1.999999999999854783, -7.999999999999992895 ) ) ;
#427 = ORIENTED_EDGE ( 'NONE', *, *, #1352, .F. ) ;
#428 = DIRECTION ( 'NONE',  ( -1.000000000000000000, 0.000000000000000000, 0.000000000000000000 ) ) ;
#429 = CYLINDRICAL_SURFACE ( 'NONE', #271, 0.7500000000000006661 ) ;
#430 = EDGE_LOOP ( 'NONE', ( #1626, #212, #835, #427, #659, #1320 ) ) ;
#431 = PRODUCT ( 'Servo holder - Mouth 1', 'Servo holder - Mouth 1', '', ( #1069 ) ) ;
#432 = CARTESIAN_POINT ( 'NONE',  ( 0.000000000000000000, 7.000000000000000000, -10.99999999999999467 ) ) ;
#433 = EDGE_CURVE ( 'NONE', #1162, #824, #1525, .T. ) ;
#434 = CARTESIAN_POINT ( 'NONE',  ( 13.15000000000000213, 5.499999999999927169, -9.299999999999993605 ) ) ;
#435 = VERTEX_POINT ( 'NONE', #922 ) ;
#436 = LINE ( 'NONE', #803, #325 ) ;
#437 = ADVANCED_FACE ( 'NONE', ( #1449 ), #523, .T. ) ;
#438 = ADVANCED_BREP_SHAPE_REPRESENTATION ( 'Servo holder - Mouth 1', ( #1240, #1017 ), #1247 ) ;
#439 = CIRCLE ( 'NONE', #377, 0.7500000000000006661 ) ;
#440 = DIRECTION ( 'NONE',  ( 1.137523590804463822E-16, 0.000000000000000000, -1.000000000000000000 ) ) ;
#441 = ORIENTED_EDGE ( 'NONE', *, *, #731, .T. ) ;
#442 = CIRCLE ( 'NONE', #1411, 0.7500000000000006661 ) ;
#443 = AXIS2_PLACEMENT_3D ( 'NONE', #1050, #1146, #1676 ) ;
#444 = CARTESIAN_POINT ( 'NONE',  ( 22.05000000000000071, 5.499999999999855227, -10.99999999999999289 ) ) ;
#445 = VECTOR ( 'NONE', #528, 1000.000000000000000 ) ;
#446 = FACE_OUTER_BOUND ( 'NONE', #508, .T. ) ;
#447 = ORIENTED_EDGE ( 'NONE', *, *, #1544, .F. ) ;
#448 = CARTESIAN_POINT ( 'NONE',  ( 1.250000000000001332, 5.500000000000000000, -10.99999999999999467 ) ) ;
#449 = EDGE_CURVE ( 'NONE', #287, #645, #1188, .T. ) ;
#450 = CARTESIAN_POINT ( 'NONE',  ( 1.500000000000000222, 1.500000000000000000, 7.500000000000027534 ) ) ;
#451 = VERTEX_POINT ( 'NONE', #1550 ) ;
#452 = DIRECTION ( 'NONE',  ( -9.637352644315594010E-17, 0.000000000000000000, -1.000000000000000000 ) ) ;
#453 = ORIENTED_EDGE ( 'NONE', *, *, #1619, .T. ) ;
#454 = CARTESIAN_POINT ( 'NONE',  ( 11.65000000000000036, 5.499999999999927169, -10.99999999999999289 ) ) ;
#455 = CYLINDRICAL_SURFACE ( 'NONE', #272, 0.7500000000000001110 ) ;
#456 = ADVANCED_FACE ( 'NONE', ( #1290 ), #1705, .F. ) ;
#457 = ORIENTED_EDGE ( 'NONE', *, *, #58, .F. ) ;
#458 = PLANE ( 'NONE',  #1556 ) ;
#459 = ORIENTED_EDGE ( 'NONE', *, *, #543, .F. ) ;
#460 = CARTESIAN_POINT ( 'NONE',  ( 29.49999999999999289, 0.000000000000000000, -4.000000000000000000 ) ) ;
#461 = FACE_OUTER_BOUND ( 'NONE', #642, .T. ) ;
#462 = EDGE_LOOP ( 'NONE', ( #453, #598 ) ) ;
#463 = AXIS2_PLACEMENT_3D ( 'NONE', #732, #1389, #1264 ) ;
#464 = EDGE_CURVE ( 'NONE', #627, #1636, #352, .T. ) ;
#465 = DIRECTION ( 'NONE',  ( -1.000000000000000000, 0.000000000000000000, 0.000000000000000000 ) ) ;
#466 = EDGE_LOOP ( 'NONE', ( #253, #1199, #851, #949 ) ) ;
#467 = AXIS2_PLACEMENT_3D ( 'NONE', #1165, #102, #894 ) ;
#468 = AXIS2_PLACEMENT_3D ( 'NONE', #853, #193, #1644 ) ;
#469 = CARTESIAN_POINT ( 'NONE',  ( 3.499999999999998668, 0.000000000000000000, 7.500000000000000000 ) ) ;
#470 = VECTOR ( 'NONE', #1450, 1000.000000000000000 ) ;
#471 = LINE ( 'NONE', #588, #1106 ) ;
#472 = LINE ( 'NONE', #184, #1367 ) ;
#473 = ORIENTED_EDGE ( 'NONE', *, *, #1512, .T. ) ;
#474 = ADVANCED_FACE ( 'NONE', ( #786 ), #379, .F. ) ;
#475 = DIRECTION ( 'NONE',  ( -9.637352644315594010E-17, -0.000000000000000000, -1.000000000000000000 ) ) ;
#476 = EDGE_CURVE ( 'NONE', #627, #1718, #633, .T. ) ;
#477 = EDGE_LOOP ( 'NONE', ( #1295, #1571, #1567, #1229, #1072, #712 ) ) ;
#478 = FACE_OUTER_BOUND ( 'NONE', #143, .T. ) ;
#479 = CARTESIAN_POINT ( 'NONE',  ( 17.59999999999999787, 5.499999999999890754, -7.999999999999992895 ) ) ;
#480 = CARTESIAN_POINT ( 'NONE',  ( 4.999999999999998224, 0.000000000000000000, -9.299999999999993605 ) ) ;
#481 = ORIENTED_EDGE ( 'NONE', *, *, #1477, .F. ) ;
#482 = CARTESIAN_POINT ( 'NONE',  ( 0.7500000000000001110, 1.500000000000000000, 7.500000000000000000 ) ) ;
#483 = ORIENTED_EDGE ( 'NONE', *, *, #1309, .T. ) ;
#484 = FACE_BOUND ( 'NONE', #826, .T. ) ;
#485 = FACE_OUTER_BOUND ( 'NONE', #62, .T. ) ;
#486 = DIRECTION ( 'NONE',  ( -1.000000000000000000, 0.000000000000000000, 0.000000000000000000 ) ) ;
#487 = ADVANCED_FACE ( 'NONE', ( #1561 ), #361, .F. ) ;
#488 = VERTEX_POINT ( 'NONE', #174 ) ;
#489 = CARTESIAN_POINT ( 'NONE',  ( 7.199999999999964650, 1.999999999999963141, -10.99999999999999467 ) ) ;
#490 = ORIENTED_EDGE ( 'NONE', *, *, #586, .F. ) ;
#491 = AXIS2_PLACEMENT_3D ( 'NONE', #369, #758, #1311 ) ;
#492 = DIRECTION ( 'NONE',  ( 0.000000000000000000, 0.000000000000000000, -1.000000000000000000 ) ) ;
#493 = CIRCLE ( 'NONE', #1018, 0.7500000000000006661 ) ;
#494 = VECTOR ( 'NONE', #510, 1000.000000000000000 ) ;
#495 = ADVANCED_FACE ( 'NONE', ( #146 ), #699, .T. ) ;
#496 = DIRECTION ( 'NONE',  ( -0.000000000000000000, 1.000000000000000000, -0.000000000000000000 ) ) ;
#497 = CARTESIAN_POINT ( 'NONE',  ( 22.80000000000000071, 5.499999999999855227, -10.99999999999999289 ) ) ;
#498 = CIRCLE ( 'NONE', #1083, 0.7500000000000001110 ) ;
#499 = ORIENTED_EDGE ( 'NONE', *, *, #1700, .F. ) ;
#500 = VERTEX_POINT ( 'NONE', #1079 ) ;
#501 = LINE ( 'NONE', #651, #445 ) ;
#502 = ADVANCED_FACE ( 'NONE', ( #419, #1210, #1462, #281, #939, #12, #397, #297, #964, #1068, #270, #821, #1230 ), #1615, .F. ) ;
#503 = ORIENTED_EDGE ( 'NONE', *, *, #1404, .F. ) ;
#504 = FACE_OUTER_BOUND ( 'NONE', #729, .T. ) ;
#505 = CARTESIAN_POINT ( 'NONE',  ( 27.00000000000000000, 3.500000000000000000, -11.49999999999999467 ) ) ;
#506 = DIRECTION ( 'NONE',  ( 1.137523590804463822E-16, -0.000000000000000000, -1.000000000000000000 ) ) ;
#507 = ORIENTED_EDGE ( 'NONE', *, *, #1060, .F. ) ;
#508 = EDGE_LOOP ( 'NONE', ( #925, #1399, #9, #1128 ) ) ;
#509 = EDGE_CURVE ( 'NONE', #980, #1176, #663, .T. ) ;
#510 = DIRECTION ( 'NONE',  ( 0.000000000000000000, 1.000000000000000000, 0.000000000000000000 ) ) ;
#511 = ORIENTED_EDGE ( 'NONE', *, *, #903, .T. ) ;
#512 = DIRECTION ( 'NONE',  ( -9.637352644315594010E-17, -0.000000000000000000, -1.000000000000000000 ) ) ;
#513 = DIRECTION ( 'NONE',  ( -1.000000000000000000, 0.000000000000000000, 0.000000000000000000 ) ) ;
#514 = DIRECTION ( 'NONE',  ( 0.000000000000000000, 0.000000000000000000, 1.000000000000000000 ) ) ;
#515 = EDGE_LOOP ( 'NONE', ( #1169, #973 ) ) ;
#516 = EDGE_LOOP ( 'NONE', ( #815, #591, #1555, #1375 ) ) ;
#517 = ORIENTED_EDGE ( 'NONE', *, *, #1011, .F. ) ;
#518 = LINE ( 'NONE', #1592, #1641 ) ;
#519 = ORIENTED_EDGE ( 'NONE', *, *, #311, .F. ) ;
#520 = AXIS2_PLACEMENT_3D ( 'NONE', #707, #1239, #1071 ) ;
#521 = FACE_OUTER_BOUND ( 'NONE', #25, .T. ) ;
#522 = AXIS2_PLACEMENT_3D ( 'NONE', #1318, #1153, #1025 ) ;
#523 = PLANE ( 'NONE',  #491 ) ;
#524 = DIRECTION ( 'NONE',  ( 0.000000000000000000, 0.000000000000000000, 1.000000000000000000 ) ) ;
#525 = ORIENTED_EDGE ( 'NONE', *, *, #1001, .F. ) ;
#526 = AXIS2_PLACEMENT_3D ( 'NONE', #899, #1171, #1038 ) ;
#527 = CIRCLE ( 'NONE', #1113, 0.7500000000000006661 ) ;
#528 = DIRECTION ( 'NONE',  ( 1.137523590804463822E-16, -0.000000000000000000, -1.000000000000000000 ) ) ;
#529 = ORIENTED_EDGE ( 'NONE', *, *, #807, .F. ) ;
#530 = DIRECTION ( 'NONE',  ( -1.000000000000000000, 0.000000000000000000, 0.000000000000000000 ) ) ;
#531 = EDGE_CURVE ( 'NONE', #1699, #615, #436, .T. ) ;
#532 = CARTESIAN_POINT ( 'NONE',  ( 23.55000000000000071, 5.499999999999855227, -10.99999999999999289 ) ) ;
#533 = CYLINDRICAL_SURFACE ( 'NONE', #2, 0.7500000000000000000 ) ;
#534 = CARTESIAN_POINT ( 'NONE',  ( 27.24999999999993250, 4.500000000000000888, -5.750000000000139444 ) ) ;
#535 = CARTESIAN_POINT ( 'NONE',  ( 3.549999999999934985, 4.500000000000000888, -5.750000000000220268 ) ) ;
#536 = ORIENTED_EDGE ( 'NONE', *, *, #1267, .T. ) ;
#537 = FACE_OUTER_BOUND ( 'NONE', #1, .T. ) ;
#538 = CARTESIAN_POINT ( 'NONE',  ( 27.00000000000000000, 3.500000000000000000, -10.99999999999999112 ) ) ;
#539 = PRODUCT_DEFINITION_SHAPE ( 'NONE', 'NONE',  #1200 ) ;
#540 = EDGE_CURVE ( 'NONE', #1170, #771, #550, .T. ) ;
#541 = DIRECTION ( 'NONE',  ( -1.000000000000000000, 0.000000000000000000, 0.000000000000000000 ) ) ;
#542 = ORIENTED_EDGE ( 'NONE', *, *, #945, .F. ) ;
#543 = EDGE_CURVE ( 'NONE', #1420, #1453, #1272, .T. ) ;
#544 = CARTESIAN_POINT ( 'NONE',  ( 7.200000000000001066, 5.499999999999963585, -10.99999999999999467 ) ) ;
#545 = VERTEX_POINT ( 'NONE', #538 ) ;
#546 = DIRECTION ( 'NONE',  ( 1.137523590804463822E-16, -0.000000000000000000, -1.000000000000000000 ) ) ;
#547 = EDGE_LOOP ( 'NONE', ( #101, #542, #716, #536 ) ) ;
#548 = LINE ( 'NONE', #289, #1046 ) ;
#549 = EDGE_CURVE ( 'NONE', #594, #1658, #1491, .T. ) ;
#550 = CIRCLE ( 'NONE', #166, 0.7500000000000006661 ) ;
#551 = CARTESIAN_POINT ( 'NONE',  ( 27.99999999999999645, 5.499999999999818812, -7.999999999999989342 ) ) ;
#552 = VECTOR ( 'NONE', #216, 1000.000000000000000 ) ;
#553 = EDGE_LOOP ( 'NONE', ( #1138, #1066, #1126, #1559 ) ) ;
#554 = VECTOR ( 'NONE', #1635, 1000.000000000000000 ) ;
#555 = DIRECTION ( 'NONE',  ( -1.000000000000000000, 0.000000000000000000, -8.673617379884034239E-17 ) ) ;
#556 = ORIENTED_EDGE ( 'NONE', *, *, #1296, .T. ) ;
#557 = CIRCLE ( 'NONE', #1473, 0.7499999999999997780 ) ;
#558 = CARTESIAN_POINT ( 'NONE',  ( 12.40000000000000213, 5.499999999999927169, -10.99999999999999289 ) ) ;
#559 = ORIENTED_EDGE ( 'NONE', *, *, #1383, .F. ) ;
#560 = CARTESIAN_POINT ( 'NONE',  ( 27.24999999999993250, 4.500000000000000888, -4.750000000000137668 ) ) ;
#561 = DIRECTION ( 'NONE',  ( -1.000000000000000000, 0.000000000000000000, 0.000000000000000000 ) ) ;
#562 = ORIENTED_EDGE ( 'NONE', *, *, #1396, .T. ) ;
#563 = ADVANCED_FACE ( 'NONE', ( #569 ), #405, .F. ) ;
#564 = DIRECTION ( 'NONE',  ( 1.000000000000000000, -0.000000000000000000, 0.000000000000000000 ) ) ;
#565 = VERTEX_POINT ( 'NONE', #532 ) ;
#566 = APPLICATION_CONTEXT ( 'automotive_design' ) ;
#567 = DIRECTION ( 'NONE',  ( 1.137523590804463822E-16, -0.000000000000000000, -1.000000000000000000 ) ) ;
#568 = ORIENTED_EDGE ( 'NONE', *, *, #929, .F. ) ;
#569 = FACE_OUTER_BOUND ( 'NONE', #477, .T. ) ;
#570 = CARTESIAN_POINT ( 'NONE',  ( 12.39999999999996483, 1.999999999999926725, -10.99999999999999289 ) ) ;
#571 = ORIENTED_EDGE ( 'NONE', *, *, #1070, .F. ) ;
#572 = DIRECTION ( 'NONE',  ( -1.000000000000000000, 0.000000000000000000, 0.000000000000000000 ) ) ;
#573 = EDGE_CURVE ( 'NONE', #817, #863, #548, .T. ) ;
#574 = DIRECTION ( 'NONE',  ( -0.000000000000000000, -0.000000000000000000, 1.000000000000000000 ) ) ;
#575 = ORIENTED_EDGE ( 'NONE', *, *, #109, .F. ) ;
#576 = UNCERTAINTY_MEASURE_WITH_UNIT (LENGTH_MEASURE( 1.000000000000000082E-05 ), #1099, 'distance_accuracy_value', 'NONE');
#577 = CARTESIAN_POINT ( 'NONE',  ( 0.000000000000000000, 7.000000000000000000, -9.299999999999993605 ) ) ;
#578 = CARTESIAN_POINT ( 'NONE',  ( -1.239088197126290866E-15, 1.500000000000000444, 7.500000000000000000 ) ) ;
#579 = ORIENTED_EDGE ( 'NONE', *, *, #141, .F. ) ;
#580 = VECTOR ( 'NONE', #600, 1000.000000000000000 ) ;
#581 = VECTOR ( 'NONE', #660, 1000.000000000000000 ) ;
#582 = AXIS2_PLACEMENT_3D ( 'NONE', #810, #1088, #685 ) ;
#583 = CARTESIAN_POINT ( 'NONE',  ( 27.24999999999999645, 5.499999999999818812, -7.999999999999989342 ) ) ;
#584 = AXIS2_PLACEMENT_3D ( 'NONE', #1141, #612, #90 ) ;
#585 = ORIENTED_EDGE ( 'NONE', *, *, #1457, .T. ) ;
#586 = EDGE_CURVE ( 'NONE', #500, #222, #687, .T. ) ;
#587 = DIRECTION ( 'NONE',  ( 1.137523590804463822E-16, 0.000000000000000000, -1.000000000000000000 ) ) ;
#588 = CARTESIAN_POINT ( 'NONE',  ( 16.84999999999995879, 1.999999999999890310, -7.999999999999992895 ) ) ;
#589 = EDGE_LOOP ( 'NONE', ( #110, #29, #1506, #1516 ) ) ;
#590 = CARTESIAN_POINT ( 'NONE',  ( 38.49999999999999289, 6.999999999999999112, -4.000000000000000000 ) ) ;
#591 = ORIENTED_EDGE ( 'NONE', *, *, #549, .T. ) ;
#592 = CARTESIAN_POINT ( 'NONE',  ( 32.00000000000000000, 5.499999999999818812, -10.99999999999999112 ) ) ;
#593 = DIRECTION ( 'NONE',  ( 0.000000000000000000, 1.000000000000000000, 0.000000000000000000 ) ) ;
#594 = VERTEX_POINT ( 'NONE', #308 ) ;
#595 = EDGE_CURVE ( 'NONE', #1658, #669, #965, .T. ) ;
#596 = EDGE_CURVE ( 'NONE', #756, #1499, #442, .T. ) ;
#597 = DIRECTION ( 'NONE',  ( 1.137523590804463822E-16, -0.000000000000000000, -1.000000000000000000 ) ) ;
#598 = ORIENTED_EDGE ( 'NONE', *, *, #1544, .T. ) ;
#599 = CARTESIAN_POINT ( 'NONE',  ( 1.251275949884909563E-15, 3.500000000000000000, -10.99999999999999467 ) ) ;
#600 = DIRECTION ( 'NONE',  ( 1.137523590804463822E-16, -0.000000000000000000, -1.000000000000000000 ) ) ;
#601 = CARTESIAN_POINT ( 'NONE',  ( 22.80000000000000071, 5.499999999999855227, -9.299999999999993605 ) ) ;
#602 = ORIENTED_EDGE ( 'NONE', *, *, #290, .F. ) ;
#603 = ADVANCED_FACE ( 'NONE', ( #5 ), #1061, .T. ) ;
#604 = VECTOR ( 'NONE', #421, 1000.000000000000000 ) ;
#605 = VECTOR ( 'NONE', #161, 1000.000000000000000 ) ;
#606 =( LENGTH_UNIT ( ) NAMED_UNIT ( * ) SI_UNIT ( .MILLI., .METRE. ) );
#607 = ORIENTED_EDGE ( 'NONE', *, *, #1619, .F. ) ;
#608 = AXIS2_PLACEMENT_3D ( 'NONE', #321, #335, #870 ) ;
#609 = FACE_OUTER_BOUND ( 'NONE', #1689, .T. ) ;
#610 = AXIS2_PLACEMENT_3D ( 'NONE', #391, #506, #1456 ) ;
#611 = DIRECTION ( 'NONE',  ( 1.137523590804463822E-16, 0.000000000000000000, -1.000000000000000000 ) ) ;
#612 = DIRECTION ( 'NONE',  ( 0.000000000000000000, 0.000000000000000000, -1.000000000000000000 ) ) ;
#613 = ORIENTED_EDGE ( 'NONE', *, *, #671, .F. ) ;
#614 = CARTESIAN_POINT ( 'NONE',  ( 38.49999999999999289, 7.000000000000000000, -4.000000000000000888 ) ) ;
#615 = VERTEX_POINT ( 'NONE', #454 ) ;
#616 = EDGE_CURVE ( 'NONE', #953, #876, #864, .T. ) ;
#617 = CARTESIAN_POINT ( 'NONE',  ( 16.84999999999995879, 1.999999999999890310, -10.99999999999999289 ) ) ;
#618 = CARTESIAN_POINT ( 'NONE',  ( 18.34999999999995879, 1.999999999999890310, -7.999999999999992895 ) ) ;
#619 = CARTESIAN_POINT ( 'NONE',  ( 7.199999999999964650, 1.999999999999963141, -10.99999999999999467 ) ) ;
#620 = EDGE_LOOP ( 'NONE', ( #1655, #320, #278, #1436 ) ) ;
#621 = DIRECTION ( 'NONE',  ( -1.000000000000000000, 0.000000000000000000, 0.000000000000000000 ) ) ;
#622 = ORIENTED_EDGE ( 'NONE', *, *, #1575, .T. ) ;
#623 = ADVANCED_FACE ( 'NONE', ( #205 ), #1246, .F. ) ;
#624 = CARTESIAN_POINT ( 'NONE',  ( 27.24999999999993250, 7.000000000000000000, -5.750000000000139444 ) ) ;
#625 = DIRECTION ( 'NONE',  ( 0.000000000000000000, 0.000000000000000000, 1.000000000000000000 ) ) ;
#626 = LINE ( 'NONE', #1706, #1055 ) ;
#627 = VERTEX_POINT ( 'NONE', #1115 ) ;
#628 = EDGE_CURVE ( 'NONE', #1382, #873, #1640, .T. ) ;
#629 = ORIENTED_EDGE ( 'NONE', *, *, #531, .T. ) ;
#630 = CIRCLE ( 'NONE', #1606, 0.7500000000000006661 ) ;
#631 = SURFACE_SIDE_STYLE ('',( #1294 ) ) ;
#632 = ORIENTED_EDGE ( 'NONE', *, *, #1257, .T. ) ;
#633 = CIRCLE ( 'NONE', #522, 0.7500000000000006661 ) ;
#634 = CARTESIAN_POINT ( 'NONE',  ( 32.00000000000000000, 5.499999999999818812, -4.000000000000000000 ) ) ;
#635 = PRODUCT_DEFINITION_FORMATION_WITH_SPECIFIED_SOURCE ( 'Symmetric', '', #431, .NOT_KNOWN. ) ;
#636 = CIRCLE ( 'NONE', #608, 0.7500000000000006661 ) ;
#637 = EDGE_CURVE ( 'NONE', #657, #1076, #1237, .T. ) ;
#638 = AXIS2_PLACEMENT_3D ( 'NONE', #373, #745, #92 ) ;
#639 = CYLINDRICAL_SURFACE ( 'NONE', #937, 1.000000000000001776 ) ;
#640 = DIRECTION ( 'NONE',  ( 0.000000000000000000, 1.000000000000000000, 0.000000000000000000 ) ) ;
#641 = VECTOR ( 'NONE', #1369, 1000.000000000000000 ) ;
#642 = EDGE_LOOP ( 'NONE', ( #898, #334, #36, #1648 ) ) ;
#643 = ORIENTED_EDGE ( 'NONE', *, *, #255, .F. ) ;
#644 = CARTESIAN_POINT ( 'NONE',  ( 2.000000000000001332, 5.500000000000000000, -10.99999999999999467 ) ) ;
#645 = VERTEX_POINT ( 'NONE', #974 ) ;
#646 = CARTESIAN_POINT ( 'NONE',  ( 12.39999999999996483, 1.999999999999926725, -7.999999999999992895 ) ) ;
#647 = DIRECTION ( 'NONE',  ( 1.137523590804463822E-16, 0.000000000000000000, -1.000000000000000000 ) ) ;
#648 = CARTESIAN_POINT ( 'NONE',  ( 6.450000000000001066, 5.499999999999963585, -7.999999999999992895 ) ) ;
#649 = ORIENTED_EDGE ( 'NONE', *, *, #743, .T. ) ;
#650 = ORIENTED_EDGE ( 'NONE', *, *, #616, .F. ) ;
#651 = CARTESIAN_POINT ( 'NONE',  ( 32.75000000000000000, 5.499999999999818812, -0.9999999999999904521 ) ) ;
#652 = VERTEX_POINT ( 'NONE', #55 ) ;
#653 = DIRECTION ( 'NONE',  ( 1.137523590804463822E-16, 0.000000000000000000, -1.000000000000000000 ) ) ;
#654 = CARTESIAN_POINT ( 'NONE',  ( 16.84999999999999787, 5.499999999999890754, -10.99999999999999289 ) ) ;
#655 = DIRECTION ( 'NONE',  ( 1.137523590804463822E-16, 0.000000000000000000, -1.000000000000000000 ) ) ;
#656 = ORIENTED_EDGE ( 'NONE', *, *, #64, .T. ) ;
#657 = VERTEX_POINT ( 'NONE', #1139 ) ;
#658 = LINE ( 'NONE', #1214, #85 ) ;
#659 = ORIENTED_EDGE ( 'NONE', *, *, #1512, .F. ) ;
#660 = DIRECTION ( 'NONE',  ( 1.000000000000000000, 0.000000000000000000, 1.239088197126290817E-16 ) ) ;
#661 = AXIS2_PLACEMENT_3D ( 'NONE', #1595, #928, #705 ) ;
#662 = AXIS2_PLACEMENT_3D ( 'NONE', #1402, #1541, #856 ) ;
#663 = LINE ( 'NONE', #830, #1077 ) ;
#664 = DIRECTION ( 'NONE',  ( -1.000000000000000000, 0.000000000000000000, 0.000000000000000000 ) ) ;
#665 = AXIS2_PLACEMENT_3D ( 'NONE', #202, #319, #465 ) ;
#666 = DIRECTION ( 'NONE',  ( 1.137523590804463822E-16, -0.000000000000000000, -1.000000000000000000 ) ) ;
#667 = AXIS2_PLACEMENT_3D ( 'NONE', #497, #655, #1562 ) ;
#668 = DIRECTION ( 'NONE',  ( 1.137523590804463822E-16, -0.000000000000000000, -1.000000000000000000 ) ) ;
#669 = VERTEX_POINT ( 'NONE', #448 ) ;
#670 = CARTESIAN_POINT ( 'NONE',  ( 11.64999999999996483, 1.999999999999926725, -7.999999999999992895 ) ) ;
#671 = EDGE_CURVE ( 'NONE', #645, #287, #774, .T. ) ;
#672 = DIRECTION ( 'NONE',  ( -1.000000000000000000, 0.000000000000000000, -1.137523590804463822E-16 ) ) ;
#673 = ADVANCED_FACE ( 'NONE', ( #609 ), #197, .F. ) ;
#674 = CARTESIAN_POINT ( 'NONE',  ( 12.39999999999996483, 1.999999999999926725, -10.99999999999999289 ) ) ;
#675 = ORIENTED_EDGE ( 'NONE', *, *, #1309, .F. ) ;
#676 = ORIENTED_EDGE ( 'NONE', *, *, #1397, .T. ) ;
#677 = LINE ( 'NONE', #1454, #581 ) ;
#678 = EDGE_CURVE ( 'NONE', #545, #1176, #1660, .T. ) ;
#679 = CARTESIAN_POINT ( 'NONE',  ( 2.750000000000000888, 5.500000000000000000, -7.999999999999992895 ) ) ;
#680 = PLANE ( 'NONE',  #829 ) ;
#681 = ORIENTED_EDGE ( 'NONE', *, *, #992, .T. ) ;
#682 = EDGE_CURVE ( 'NONE', #1266, #285, #1415, .T. ) ;
#683 = CARTESIAN_POINT ( 'NONE',  ( 3.549999999999934985, 7.000000000000000000, -5.750000000000220268 ) ) ;
#684 = ORIENTED_EDGE ( 'NONE', *, *, #1123, .F. ) ;
#685 = DIRECTION ( 'NONE',  ( 0.000000000000000000, 0.000000000000000000, 1.000000000000000000 ) ) ;
#686 = EDGE_LOOP ( 'NONE', ( #1590, #880 ) ) ;
#687 = LINE ( 'NONE', #1219, #1497 ) ;
#688 = EDGE_CURVE ( 'NONE', #327, #817, #1263, .T. ) ;
#689 = AXIS2_PLACEMENT_3D ( 'NONE', #117, #647, #895 ) ;
#690 = DIRECTION ( 'NONE',  ( -1.000000000000000000, 0.000000000000000000, 1.927470528863120528E-16 ) ) ;
#691 = AXIS2_PLACEMENT_3D ( 'NONE', #877, #1282, #243 ) ;
#692 = ORIENTED_EDGE ( 'NONE', *, *, #956, .F. ) ;
#693 = CIRCLE ( 'NONE', #171, 0.7500000000000006661 ) ;
#694 = FACE_OUTER_BOUND ( 'NONE', #918, .T. ) ;
#695 = VERTEX_POINT ( 'NONE', #987 ) ;
#696 = AXIS2_PLACEMENT_3D ( 'NONE', #167, #564, #82 ) ;
#697 = DIRECTION ( 'NONE',  ( 1.137523590804463822E-16, 0.000000000000000000, -1.000000000000000000 ) ) ;
#698 = EDGE_LOOP ( 'NONE', ( #249, #388, #656, #1547 ) ) ;
#699 = PLANE ( 'NONE',  #103 ) ;
#700 = DIRECTION ( 'NONE',  ( -1.000000000000000000, 0.000000000000000000, 0.000000000000000000 ) ) ;
#701 = ORIENTED_EDGE ( 'NONE', *, *, #1638, .F. ) ;
#702 = CARTESIAN_POINT ( 'NONE',  ( 16.84999999999999787, 5.499999999999890754, -9.299999999999993605 ) ) ;
#703 = CARTESIAN_POINT ( 'NONE',  ( 35.25000000000000000, 5.499999999999818812, -0.9999999999999904521 ) ) ;
#704 = ORIENTED_EDGE ( 'NONE', *, *, #1513, .F. ) ;
#705 = DIRECTION ( 'NONE',  ( 0.000000000000000000, -0.000000000000000000, 1.000000000000000000 ) ) ;
#706 = DIRECTION ( 'NONE',  ( 0.000000000000000000, 0.000000000000000000, -1.000000000000000000 ) ) ;
#707 = CARTESIAN_POINT ( 'NONE',  ( 22.80000000000000071, 5.499999999999855227, -9.299999999999993605 ) ) ;
#708 = ORIENTED_EDGE ( 'NONE', *, *, #464, .F. ) ;
#709 = ADVANCED_FACE ( 'NONE', ( #737 ), #1130, .F. ) ;
#710 = EDGE_CURVE ( 'NONE', #1358, #983, #636, .T. ) ;
#711 = FACE_OUTER_BOUND ( 'NONE', #1208, .T. ) ;
#712 = ORIENTED_EDGE ( 'NONE', *, *, #764, .F. ) ;
#713 = DIRECTION ( 'NONE',  ( -1.000000000000000000, 0.000000000000000000, 0.000000000000000000 ) ) ;
#714 = VECTOR ( 'NONE', #1231, 1000.000000000000000 ) ;
#715 = DIRECTION ( 'NONE',  ( -0.000000000000000000, -1.000000000000000000, -0.000000000000000000 ) ) ;
#716 = ORIENTED_EDGE ( 'NONE', *, *, #1001, .T. ) ;
#717 = VECTOR ( 'NONE', #1033, 1000.000000000000000 ) ;
#718 = CIRCLE ( 'NONE', #834, 0.7500000000000006661 ) ;
#719 = COLOUR_RGB ( '',0.7921568627450980005, 0.8196078431372548767, 0.9333333333333333481 ) ;
#720 = LINE ( 'NONE', #75, #1278 ) ;
#721 = AXIS2_PLACEMENT_3D ( 'NONE', #619, #733, #1543 ) ;
#722 = ORIENTED_EDGE ( 'NONE', *, *, #595, .F. ) ;
#723 = CARTESIAN_POINT ( 'NONE',  ( 3.549999999999934985, 7.000000000000000000, -4.750000000000219380 ) ) ;
#724 = ADVANCED_FACE ( 'NONE', ( #478 ), #1004, .F. ) ;
#725 = ADVANCED_FACE ( 'NONE', ( #1387 ), #1524, .F. ) ;
#726 = CARTESIAN_POINT ( 'NONE',  ( 27.24999999999999645, 5.499999999999818812, -7.999999999999989342 ) ) ;
#727 = ORIENTED_EDGE ( 'NONE', *, *, #911, .F. ) ;
#728 = FACE_BOUND ( 'NONE', #952, .T. ) ;
#729 = EDGE_LOOP ( 'NONE', ( #1540, #73, #1232, #650 ) ) ;
#730 = DIRECTION ( 'NONE',  ( 1.445602896647340149E-16, 0.000000000000000000, -1.000000000000000000 ) ) ;
#731 = EDGE_CURVE ( 'NONE', #1368, #746, #966, .T. ) ;
#732 = CARTESIAN_POINT ( 'NONE',  ( 7.200000000000001066, 5.499999999999963585, -9.299999999999993605 ) ) ;
#733 = DIRECTION ( 'NONE',  ( 1.137523590804463822E-16, 0.000000000000000000, -1.000000000000000000 ) ) ;
#734 = VERTEX_POINT ( 'NONE', #841 ) ;
#735 = LINE ( 'NONE', #839, #1052 ) ;
#736 = ORIENTED_EDGE ( 'NONE', *, *, #398, .T. ) ;
#737 = FACE_OUTER_BOUND ( 'NONE', #1348, .T. ) ;
#738 = EDGE_CURVE ( 'NONE', #359, #1190, #882, .T. ) ;
#739 = PLANE ( 'NONE',  #192 ) ;
#740 = DIRECTION ( 'NONE',  ( -1.000000000000000000, 0.000000000000000000, 0.000000000000000000 ) ) ;
#741 = VERTEX_POINT ( 'NONE', #1682 ) ;
#742 = AXIS2_PLACEMENT_3D ( 'NONE', #1041, #1147, #513 ) ;
#743 = EDGE_CURVE ( 'NONE', #797, #114, #1637, .T. ) ;
#744 = AXIS2_PLACEMENT_3D ( 'NONE', #592, #1653, #69 ) ;
#745 = DIRECTION ( 'NONE',  ( -0.000000000000000000, -0.000000000000000000, 1.000000000000000000 ) ) ;
#746 = VERTEX_POINT ( 'NONE', #1713 ) ;
#747 = VECTOR ( 'NONE', #1711, 1000.000000000000000 ) ;
#748 = VECTOR ( 'NONE', #35, 1000.000000000000000 ) ;
#749 = DIRECTION ( 'NONE',  ( -1.000000000000000000, -0.000000000000000000, -0.000000000000000000 ) ) ;
#750 = VECTOR ( 'NONE', #888, 1000.000000000000000 ) ;
#751 = CARTESIAN_POINT ( 'NONE',  ( 38.49999999999999289, 3.499999999999999112, -4.000000000000000000 ) ) ;
#752 = FACE_OUTER_BOUND ( 'NONE', #52, .T. ) ;
#753 = EDGE_LOOP ( 'NONE', ( #1341, #176 ) ) ;
#754 = ADVANCED_FACE ( 'NONE', ( #484, #254, #1297, #1023, #757, #886, #1560, #1694, #504 ), #1410, .F. ) ;
#755 = CARTESIAN_POINT ( 'NONE',  ( 1.250000000000000888, 5.500000000000000000, -7.999999999999992895 ) ) ;
#756 = VERTEX_POINT ( 'NONE', #1568 ) ;
#757 = FACE_BOUND ( 'NONE', #854, .T. ) ;
#758 = DIRECTION ( 'NONE',  ( 1.137523590804463822E-16, 0.000000000000000000, -1.000000000000000000 ) ) ;
#759 = CYLINDRICAL_SURFACE ( 'NONE', #279, 0.7500000000000006661 ) ;
#760 = EDGE_LOOP ( 'NONE', ( #517, #1490, #225, #457 ) ) ;
#761 = EDGE_LOOP ( 'NONE', ( #1679, #120, #736, #1292 ) ) ;
#762 = CARTESIAN_POINT ( 'NONE',  ( 36.75000000000000711, 5.499999999999818812, -10.99999999999999112 ) ) ;
#763 = ADVANCED_FACE ( 'NONE', ( #766 ), #1421, .F. ) ;
#764 = EDGE_CURVE ( 'NONE', #314, #1176, #784, .T. ) ;
#765 = VERTEX_POINT ( 'NONE', #773 ) ;
#766 = FACE_OUTER_BOUND ( 'NONE', #94, .T. ) ;
#767 = CARTESIAN_POINT ( 'NONE',  ( 3.500000000000000000, 0.000000000000000000, -2.500000000000000000 ) ) ;
#768 = DIRECTION ( 'NONE',  ( 0.000000000000000000, 0.000000000000000000, 1.000000000000000000 ) ) ;
#769 = ORIENTED_EDGE ( 'NONE', *, *, #72, .F. ) ;
#770 = ORIENTED_EDGE ( 'NONE', *, *, #1467, .F. ) ;
#771 = VERTEX_POINT ( 'NONE', #1032 ) ;
#772 = VECTOR ( 'NONE', #850, 1000.000000000000000 ) ;
#773 = CARTESIAN_POINT ( 'NONE',  ( 25.50000000000000000, 7.000000000000000000, -3.000000000000000444 ) ) ;
#774 = CIRCLE ( 'NONE', #744, 0.7500000000000006661 ) ;
#775 = CIRCLE ( 'NONE', #1416, 0.7500000000000006661 ) ;
#776 = LINE ( 'NONE', #236, #1016 ) ;
#777 = DIRECTION ( 'NONE',  ( 0.000000000000000000, -1.000000000000000000, 0.000000000000000000 ) ) ;
#778 = EDGE_CURVE ( 'NONE', #1179, #1519, #1308, .T. ) ;
#779 = AXIS2_PLACEMENT_3D ( 'NONE', #257, #1716, #1196 ) ;
#780 = ORIENTED_EDGE ( 'NONE', *, *, #342, .F. ) ;
#781 = FACE_OUTER_BOUND ( 'NONE', #1446, .T. ) ;
#782 = DIRECTION ( 'NONE',  ( -1.000000000000000000, 0.000000000000000000, 0.000000000000000000 ) ) ;
#783 = ORIENTED_EDGE ( 'NONE', *, *, #710, .F. ) ;
#784 = LINE ( 'NONE', #360, #552 ) ;
#785 = ADVANCED_FACE ( 'NONE', ( #521 ), #123, .T. ) ;
#786 = FACE_OUTER_BOUND ( 'NONE', #620, .T. ) ;
#787 = DIRECTION ( 'NONE',  ( 1.137523590804463822E-16, -0.000000000000000000, -1.000000000000000000 ) ) ;
#788 = ORIENTED_EDGE ( 'NONE', *, *, #869, .F. ) ;
#789 = PLANE ( 'NONE',  #134 ) ;
#790 = LINE ( 'NONE', #1322, #1447 ) ;
#791 = ORIENTED_EDGE ( 'NONE', *, *, #992, .F. ) ;
#792 = CARTESIAN_POINT ( 'NONE',  ( 22.79999999999996163, 1.999999999999854783, -10.99999999999999289 ) ) ;
#793 = CARTESIAN_POINT ( 'NONE',  ( -3.854941057726235139E-16, 3.500000000000000000, -3.999999999999997335 ) ) ;
#794 = LINE ( 'NONE', #1326, #750 ) ;
#795 = ORIENTED_EDGE ( 'NONE', *, *, #509, .T. ) ;
#796 = EDGE_CURVE ( 'NONE', #203, #1481, #1704, .T. ) ;
#797 = VERTEX_POINT ( 'NONE', #368 ) ;
#798 = CIRCLE ( 'NONE', #1271, 0.7500000000000006661 ) ;
#799 = CARTESIAN_POINT ( 'NONE',  ( 7.200000000000001066, 5.499999999999963585, -10.99999999999999467 ) ) ;
#800 = AXIS2_PLACEMENT_3D ( 'NONE', #1110, #975, #1654 ) ;
#801 = VECTOR ( 'NONE', #147, 1000.000000000000000 ) ;
#802 = VECTOR ( 'NONE', #1209, 1000.000000000000000 ) ;
#803 = CARTESIAN_POINT ( 'NONE',  ( 11.65000000000000036, 5.499999999999927169, -7.999999999999992895 ) ) ;
#804 = AXIS2_PLACEMENT_3D ( 'NONE', #1324, #132, #1333 ) ;
#805 = DIRECTION ( 'NONE',  ( 1.137523590804463822E-16, 0.000000000000000000, -1.000000000000000000 ) ) ;
#806 = AXIS2_PLACEMENT_3D ( 'NONE', #1184, #524, #1596 ) ;
#807 = EDGE_CURVE ( 'NONE', #746, #1368, #493, .T. ) ;
#808 = CARTESIAN_POINT ( 'NONE',  ( 36.75000000000000711, 5.499999999999818812, -0.9999999999999904521 ) ) ;
#809 = ORIENTED_EDGE ( 'NONE', *, *, #688, .F. ) ;
#810 = CARTESIAN_POINT ( 'NONE',  ( 3.549999999999934985, 4.500000000000000888, -4.750000000000219380 ) ) ;
#811 = DIRECTION ( 'NONE',  ( 1.137523590804463822E-16, 0.000000000000000000, -1.000000000000000000 ) ) ;
#812 = LINE ( 'NONE', #1373, #801 ) ;
#813 = ADVANCED_FACE ( 'NONE', ( #902 ), #341, .F. ) ;
#814 = DIRECTION ( 'NONE',  ( -0.000000000000000000, -0.000000000000000000, 1.000000000000000000 ) ) ;
#815 = ORIENTED_EDGE ( 'NONE', *, *, #356, .F. ) ;
#816 = LINE ( 'NONE', #157, #330 ) ;
#817 = VERTEX_POINT ( 'NONE', #1317 ) ;
#818 = DIRECTION ( 'NONE',  ( 0.000000000000000000, 0.000000000000000000, 1.000000000000000000 ) ) ;
#819 = EDGE_CURVE ( 'NONE', #983, #1358, #1611, .T. ) ;
#820 = ORIENTED_EDGE ( 'NONE', *, *, #163, .F. ) ;
#821 = FACE_BOUND ( 'NONE', #229, .T. ) ;
#822 = CARTESIAN_POINT ( 'NONE',  ( 13.14999999999996483, 1.999999999999926725, -7.999999999999992895 ) ) ;
#823 = DIRECTION ( 'NONE',  ( 1.239088197126290817E-16, 0.000000000000000000, -1.000000000000000000 ) ) ;
#824 = VERTEX_POINT ( 'NONE', #624 ) ;
#825 = CARTESIAN_POINT ( 'NONE',  ( 32.75000000000000000, 5.499999999999818812, -4.000000000000000000 ) ) ;
#826 = EDGE_LOOP ( 'NONE', ( #156, #1074 ) ) ;
#827 = DIRECTION ( 'NONE',  ( 1.137523590804463822E-16, 0.000000000000000000, -1.000000000000000000 ) ) ;
#828 = VERTEX_POINT ( 'NONE', #913 ) ;
#829 = AXIS2_PLACEMENT_3D ( 'NONE', #155, #690, #1091 ) ;
#830 = CARTESIAN_POINT ( 'NONE',  ( 38.49999999999999289, 6.999999999999999112, -10.99999999999998934 ) ) ;
#831 = CARTESIAN_POINT ( 'NONE',  ( 0.000000000000000000, 0.000000000000000000, 0.000000000000000000 ) ) ;
#832 = AXIS2_PLACEMENT_3D ( 'NONE', #1131, #81, #1117 ) ;
#833 = CARTESIAN_POINT ( 'NONE',  ( 38.49999999999999289, 6.999999999999999112, 5.732124598286487682 ) ) ;
#834 = AXIS2_PLACEMENT_3D ( 'NONE', #792, #697, #280 ) ;
#835 = ORIENTED_EDGE ( 'NONE', *, *, #1070, .T. ) ;
#836 = VECTOR ( 'NONE', #1419, 1000.000000000000000 ) ;
#837 = DIRECTION ( 'NONE',  ( -1.000000000000000000, 0.000000000000000000, 0.000000000000000000 ) ) ;
#838 = AXIS2_PLACEMENT_3D ( 'NONE', #544, #387, #1608 ) ;
#839 = CARTESIAN_POINT ( 'NONE',  ( 16.84999999999999787, 5.499999999999890754, -7.999999999999992895 ) ) ;
#840 = VERTEX_POINT ( 'NONE', #617 ) ;
#841 = CARTESIAN_POINT ( 'NONE',  ( 6.449999999999963762, 1.999999999999963141, -10.99999999999999467 ) ) ;
#842 = DIRECTION ( 'NONE',  ( 1.000000000000000000, -0.000000000000000000, 0.000000000000000000 ) ) ;
#843 = CARTESIAN_POINT ( 'NONE',  ( 1.499999999999998446, 1.499999999999999778, 7.500000000000000000 ) ) ;
#844 = EDGE_CURVE ( 'NONE', #232, #222, #1662, .T. ) ;
#845 = EDGE_LOOP ( 'NONE', ( #1275, #684, #299, #194 ) ) ;
#846 = CARTESIAN_POINT ( 'NONE',  ( 17.59999999999995879, 1.999999999999890310, -10.99999999999999289 ) ) ;
#847 = CARTESIAN_POINT ( 'NONE',  ( 7.200000000000001066, 5.499999999999963585, -7.999999999999992895 ) ) ;
#848 = ORIENTED_EDGE ( 'NONE', *, *, #874, .T. ) ;
#849 = CARTESIAN_POINT ( 'NONE',  ( 17.59999999999999787, 5.499999999999890754, -10.99999999999999289 ) ) ;
#850 = DIRECTION ( 'NONE',  ( 1.137523590804463822E-16, -0.000000000000000000, -1.000000000000000000 ) ) ;
#851 = ORIENTED_EDGE ( 'NONE', *, *, #191, .T. ) ;
#852 = EDGE_CURVE ( 'NONE', #1699, #1007, #301, .T. ) ;
#853 = CARTESIAN_POINT ( 'NONE',  ( 12.40000000000000213, 5.499999999999927169, -10.99999999999999289 ) ) ;
#854 = EDGE_LOOP ( 'NONE', ( #727, #519 ) ) ;
#855 = ADVANCED_FACE ( 'NONE', ( #1548 ), #349, .F. ) ;
#856 = DIRECTION ( 'NONE',  ( -1.000000000000000000, 0.000000000000000000, 0.000000000000000000 ) ) ;
#857 = LINE ( 'NONE', #1398, #1465 ) ;
#858 = ORIENTED_EDGE ( 'NONE', *, *, #1086, .T. ) ;
#859 = AXIS2_PLACEMENT_3D ( 'NONE', #404, #546, #389 ) ;
#860 = EDGE_CURVE ( 'NONE', #128, #1145, #677, .T. ) ;
#861 = LINE ( 'NONE', #703, #1365 ) ;
#862 = CIRCLE ( 'NONE', #1194, 0.7500000000000006661 ) ;
#863 = VERTEX_POINT ( 'NONE', #262 ) ;
#864 = LINE ( 'NONE', #577, #1634 ) ;
#865 = CARTESIAN_POINT ( 'NONE',  ( 31.25000000000000000, 5.499999999999818812, -10.99999999999999112 ) ) ;
#866 = EDGE_LOOP ( 'NONE', ( #1361, #1356 ) ) ;
#867 = LINE ( 'NONE', #972, #554 ) ;
#868 = ORIENTED_EDGE ( 'NONE', *, *, #860, .T. ) ;
#869 = EDGE_CURVE ( 'NONE', #1244, #1564, #1469, .T. ) ;
#870 = DIRECTION ( 'NONE',  ( -1.000000000000000000, 0.000000000000000000, 0.000000000000000000 ) ) ;
#871 = FACE_OUTER_BOUND ( 'NONE', #760, .T. ) ;
#872 = CYLINDRICAL_SURFACE ( 'NONE', #112, 0.7500000000000006661 ) ;
#873 = VERTEX_POINT ( 'NONE', #1471 ) ;
#874 = EDGE_CURVE ( 'NONE', #765, #203, #145, .T. ) ;
#875 = DIRECTION ( 'NONE',  ( 1.000000000000000000, 0.000000000000000000, 8.673617379884034239E-17 ) ) ;
#876 = VERTEX_POINT ( 'NONE', #170 ) ;
#877 = CARTESIAN_POINT ( 'NONE',  ( 17.59999999999999787, 5.499999999999890754, -7.999999999999992895 ) ) ;
#878 = DIRECTION ( 'NONE',  ( 1.137523590804463822E-16, -0.000000000000000000, -1.000000000000000000 ) ) ;
#879 = CARTESIAN_POINT ( 'NONE',  ( 7.199999999999964650, 1.999999999999963141, -7.999999999999992895 ) ) ;
#880 = ORIENTED_EDGE ( 'NONE', *, *, #1650, .F. ) ;
#881 = VECTOR ( 'NONE', #593, 1000.000000000000000 ) ;
#882 = CIRCLE ( 'NONE', #938, 0.7500000000000006661 ) ;
#883 = DIRECTION ( 'NONE',  ( -1.000000000000000000, 0.000000000000000000, 0.000000000000000000 ) ) ;
#884 = ORIENTED_EDGE ( 'NONE', *, *, #399, .F. ) ;
#885 = CIRCLE ( 'NONE', #943, 0.7500000000000006661 ) ;
#886 = FACE_BOUND ( 'NONE', #1020, .T. ) ;
#887 = CARTESIAN_POINT ( 'NONE',  ( 23.55000000000000071, 5.499999999999855227, -9.299999999999993605 ) ) ;
#888 = DIRECTION ( 'NONE',  ( -0.000000000000000000, -0.000000000000000000, -1.000000000000000000 ) ) ;
#889 = ORIENTED_EDGE ( 'NONE', *, *, #127, .T. ) ;
#890 = CARTESIAN_POINT ( 'NONE',  ( 13.14999999999996483, 1.999999999999926725, -10.99999999999999289 ) ) ;
#891 = EDGE_CURVE ( 'NONE', #1499, #1241, #1192, .T. ) ;
#892 = DIRECTION ( 'NONE',  ( -1.000000000000000000, 0.000000000000000000, 0.000000000000000000 ) ) ;
#893 = ORIENTED_EDGE ( 'NONE', *, *, #682, .T. ) ;
#894 = DIRECTION ( 'NONE',  ( 0.000000000000000000, -0.000000000000000000, 1.000000000000000000 ) ) ;
#895 = DIRECTION ( 'NONE',  ( -1.000000000000000000, 0.000000000000000000, 0.000000000000000000 ) ) ;
#896 = CARTESIAN_POINT ( 'NONE',  ( 3.500000000000001332, 3.500000000000000000, -10.99999999999999467 ) ) ;
#897 = ORIENTED_EDGE ( 'NONE', *, *, #1684, .F. ) ;
#898 = ORIENTED_EDGE ( 'NONE', *, *, #1523, .T. ) ;
#899 = CARTESIAN_POINT ( 'NONE',  ( 1.499999999999999556, 1.499999999999999778, 9.800000000000000711 ) ) ;
#900 = ORIENTED_EDGE ( 'NONE', *, *, #1403, .F. ) ;
#901 = EDGE_CURVE ( 'NONE', #1142, #1269, #382, .T. ) ;
#902 = FACE_OUTER_BOUND ( 'NONE', #589, .T. ) ;
#903 = EDGE_CURVE ( 'NONE', #222, #232, #718, .T. ) ;
#904 = DIRECTION ( 'NONE',  ( 0.000000000000000000, 0.000000000000000000, 1.000000000000000000 ) ) ;
#905 = DIRECTION ( 'NONE',  ( -1.000000000000000000, 0.000000000000000000, 0.000000000000000000 ) ) ;
#906 = ORIENTED_EDGE ( 'NONE', *, *, #778, .T. ) ;
#907 = CARTESIAN_POINT ( 'NONE',  ( 0.000000000000000000, 0.000000000000000000, 0.000000000000000000 ) ) ;
#908 = AXIS2_PLACEMENT_3D ( 'NONE', #843, #823, #164 ) ;
#909 = LINE ( 'NONE', #1150, #218 ) ;
#910 = ORIENTED_EDGE ( 'NONE', *, *, #1093, .F. ) ;
#911 = EDGE_CURVE ( 'NONE', #137, #371, #108, .T. ) ;
#912 = AXIS2_PLACEMENT_3D ( 'NONE', #950, #1474, #31 ) ;
#913 = CARTESIAN_POINT ( 'NONE',  ( 23.54999999999996163, 1.999999999999854783, -9.299999999999993605 ) ) ;
#914 = AXIS2_PLACEMENT_3D ( 'NONE', #1445, #1692, #358 ) ;
#915 = LINE ( 'NONE', #1053, #378 ) ;
#916 = DIRECTION ( 'NONE',  ( -0.000000000000000000, 1.000000000000000000, -0.000000000000000000 ) ) ;
#917 = ORIENTED_EDGE ( 'NONE', *, *, #860, .F. ) ;
#918 = EDGE_LOOP ( 'NONE', ( #692, #858, #150, #511 ) ) ;
#919 = CARTESIAN_POINT ( 'NONE',  ( 7.199999999999964650, 1.999999999999963141, -9.299999999999993605 ) ) ;
#920 = EDGE_LOOP ( 'NONE', ( #1035, #1185, #1632, #848, #1681, #1563 ) ) ;
#921 = PLANE ( 'NONE',  #804 ) ;
#922 = CARTESIAN_POINT ( 'NONE',  ( 4.999999999999998224, 0.000000000000000000, -9.299999999999993605 ) ) ;
#923 = CARTESIAN_POINT ( 'NONE',  ( 18.34999999999995879, 1.999999999999890310, -10.99999999999999289 ) ) ;
#924 = EDGE_CURVE ( 'NONE', #45, #615, #328, .T. ) ;
#925 = ORIENTED_EDGE ( 'NONE', *, *, #911, .T. ) ;
#926 = EDGE_LOOP ( 'NONE', ( #499, #338 ) ) ;
#927 = LINE ( 'NONE', #1480, #250 ) ;
#928 = DIRECTION ( 'NONE',  ( 0.000000000000000000, 1.000000000000000000, 0.000000000000000000 ) ) ;
#929 = EDGE_CURVE ( 'NONE', #371, #1564, #1594, .T. ) ;
#930 = DIRECTION ( 'NONE',  ( 1.137523590804463822E-16, 0.000000000000000000, -1.000000000000000000 ) ) ;
#931 = ORIENTED_EDGE ( 'NONE', *, *, #1675, .T. ) ;
#932 = DIRECTION ( 'NONE',  ( -1.000000000000000000, 0.000000000000000000, 0.000000000000000000 ) ) ;
#933 = ORIENTED_EDGE ( 'NONE', *, *, #1397, .F. ) ;
#934 = CIRCLE ( 'NONE', #406, 0.7500000000000006661 ) ;
#935 = ADVANCED_FACE ( 'NONE', ( #17 ), #1228, .F. ) ;
#936 = DIRECTION ( 'NONE',  ( 1.137523590804463822E-16, -0.000000000000000000, -1.000000000000000000 ) ) ;
#937 = AXIS2_PLACEMENT_3D ( 'NONE', #1714, #1588, #904 ) ;
#938 = AXIS2_PLACEMENT_3D ( 'NONE', #849, #1380, #713 ) ;
#939 = FACE_BOUND ( 'NONE', #1218, .T. ) ;
#940 = APPLICATION_PROTOCOL_DEFINITION ( 'draft international standard', 'automotive_design', 1998, #1554 ) ;
#941 = VECTOR ( 'NONE', #1466, 1000.000000000000000 ) ;
#942 = CARTESIAN_POINT ( 'NONE',  ( -1.239088197126290866E-15, 3.500000000000000000, 7.500000000000000000 ) ) ;
#943 = AXIS2_PLACEMENT_3D ( 'NONE', #919, #412, #284 ) ;
#944 = ORIENTED_EDGE ( 'NONE', *, *, #540, .T. ) ;
#945 = EDGE_CURVE ( 'NONE', #84, #1323, #303, .T. ) ;
#946 = DIRECTION ( 'NONE',  ( 0.000000000000000000, 1.000000000000000000, 0.000000000000000000 ) ) ;
#947 = ORIENTED_EDGE ( 'NONE', *, *, #1403, .T. ) ;
#948 = FACE_OUTER_BOUND ( 'NONE', #920, .T. ) ;
#949 = ORIENTED_EDGE ( 'NONE', *, *, #891, .F. ) ;
#950 = CARTESIAN_POINT ( 'NONE',  ( 0.000000000000000000, 7.000000000000000000, -10.99999999999999467 ) ) ;
#951 = CARTESIAN_POINT ( 'NONE',  ( 7.949999999999963762, 1.999999999999963141, -9.299999999999993605 ) ) ;
#952 = EDGE_LOOP ( 'NONE', ( #1262, #1593 ) ) ;
#953 = VERTEX_POINT ( 'NONE', #1201 ) ;
#954 = DIRECTION ( 'NONE',  ( -1.000000000000000000, 0.000000000000000000, 0.000000000000000000 ) ) ;
#955 = VERTEX_POINT ( 'NONE', #10 ) ;
#956 = EDGE_CURVE ( 'NONE', #828, #232, #927, .T. ) ;
#957 = DIRECTION ( 'NONE',  ( -0.000000000000000000, -0.000000000000000000, 1.000000000000000000 ) ) ;
#958 = DIRECTION ( 'NONE',  ( 1.137523590804463822E-16, 0.000000000000000000, -1.000000000000000000 ) ) ;
#959 = VERTEX_POINT ( 'NONE', #1601 ) ;
#960 = CARTESIAN_POINT ( 'NONE',  ( 27.24999999999993250, 4.500000000000000888, -3.750000000000135891 ) ) ;
#961 = LINE ( 'NONE', #590, #28 ) ;
#962 = ORIENTED_EDGE ( 'NONE', *, *, #1701, .T. ) ;
#963 = PRODUCT_RELATED_PRODUCT_CATEGORY ( 'part', '', ( #431 ) ) ;
#964 = FACE_BOUND ( 'NONE', #395, .T. ) ;
#965 = CIRCLE ( 'NONE', #215, 0.7500000000000000000 ) ;
#966 = CIRCLE ( 'NONE', #1388, 0.7500000000000006661 ) ;
#967 = CARTESIAN_POINT ( 'NONE',  ( 25.50000000000000000, 0.000000000000000000, -3.000000000000000444 ) ) ;
#968 = STYLED_ITEM ( 'NONE', ( #1161 ), #1240 ) ;
#969 = ORIENTED_EDGE ( 'NONE', *, *, #573, .T. ) ;
#970 = CIRCLE ( 'NONE', #1280, 1.000000000000000888 ) ;
#971 = FACE_OUTER_BOUND ( 'NONE', #122, .T. ) ;
#972 = CARTESIAN_POINT ( 'NONE',  ( 13.15000000000000213, 5.499999999999927169, -7.999999999999992895 ) ) ;
#973 = ORIENTED_EDGE ( 'NONE', *, *, #127, .F. ) ;
#974 = CARTESIAN_POINT ( 'NONE',  ( 32.75000000000000000, 5.499999999999818812, -10.99999999999999112 ) ) ;
#975 = DIRECTION ( 'NONE',  ( 0.000000000000000000, 1.000000000000000000, 0.000000000000000000 ) ) ;
#976 = ORIENTED_EDGE ( 'NONE', *, *, #1144, .F. ) ;
#977 = ADVANCED_FACE ( 'NONE', ( #537 ), #37, .F. ) ;
#978 = ADVANCED_FACE ( 'NONE', ( #1587 ), #286, .F. ) ;
#979 = DIRECTION ( 'NONE',  ( -1.000000000000000000, 0.000000000000000000, 0.000000000000000000 ) ) ;
#980 = VERTEX_POINT ( 'NONE', #269 ) ;
#981 = DIRECTION ( 'NONE',  ( 0.000000000000000000, 0.000000000000000000, 1.000000000000000000 ) ) ;
#982 = DIRECTION ( 'NONE',  ( 1.137523590804463822E-16, -0.000000000000000000, -1.000000000000000000 ) ) ;
#983 = VERTEX_POINT ( 'NONE', #1612 ) ;
#984 = ADVANCED_FACE ( 'NONE', ( #948 ), #921, .F. ) ;
#985 = CARTESIAN_POINT ( 'NONE',  ( 0.000000000000000000, 7.000000000000000000, 0.000000000000000000 ) ) ;
#986 = ORIENTED_EDGE ( 'NONE', *, *, #233, .T. ) ;
#987 = CARTESIAN_POINT ( 'NONE',  ( -1.239088197126290866E-15, 1.499999999999999778, 7.500000000000000000 ) ) ;
#988 = CIRCLE ( 'NONE', #908, 1.499999999999999778 ) ;
#989 = DIRECTION ( 'NONE',  ( -0.000000000000000000, -0.000000000000000000, -1.000000000000000000 ) ) ;
#990 = ORIENTED_EDGE ( 'NONE', *, *, #198, .T. ) ;
#991 = VECTOR ( 'NONE', #1372, 1000.000000000000000 ) ;
#992 = EDGE_CURVE ( 'NONE', #451, #657, #1639, .T. ) ;
#993 = AXIS2_PLACEMENT_3D ( 'NONE', #1002, #475, #892 ) ;
#994 = DIRECTION ( 'NONE',  ( 1.137523590804463822E-16, -0.000000000000000000, -1.000000000000000000 ) ) ;
#995 = VECTOR ( 'NONE', #916, 1000.000000000000000 ) ;
#996 = ORIENTED_EDGE ( 'NONE', *, *, #1310, .F. ) ;
#997 = DIRECTION ( 'NONE',  ( -1.000000000000000000, 0.000000000000000000, 0.000000000000000000 ) ) ;
#998 = CARTESIAN_POINT ( 'NONE',  ( 29.49999999999999289, 3.500000000000000000, -4.000000000000000000 ) ) ;
#999 = DIRECTION ( 'NONE',  ( -0.000000000000000000, -0.000000000000000000, 1.000000000000000000 ) ) ;
#1000 = EDGE_LOOP ( 'NONE', ( #579, #261 ) ) ;
#1001 = EDGE_CURVE ( 'NONE', #84, #285, #304, .T. ) ;
#1002 = CARTESIAN_POINT ( 'NONE',  ( 36.00000000000000711, 5.499999999999818812, -4.000000000000000000 ) ) ;
#1003 = EDGE_LOOP ( 'NONE', ( #1101, #770 ) ) ;
#1004 = CYLINDRICAL_SURFACE ( 'NONE', #662, 0.7500000000000006661 ) ;
#1005 = DIRECTION ( 'NONE',  ( -1.000000000000000000, 0.000000000000000000, 0.000000000000000000 ) ) ;
#1006 = CYLINDRICAL_SURFACE ( 'NONE', #584, 1.500000000000000000 ) ;
#1007 = VERTEX_POINT ( 'NONE', #434 ) ;
#1008 = LINE ( 'NONE', #252, #1111 ) ;
#1009 = ORIENTED_EDGE ( 'NONE', *, *, #342, .T. ) ;
#1010 = CARTESIAN_POINT ( 'NONE',  ( 22.79999999999996163, 1.999999999999854783, -10.99999999999999289 ) ) ;
#1011 = EDGE_CURVE ( 'NONE', #314, #414, #961, .T. ) ;
#1012 = DIRECTION ( 'NONE',  ( 0.000000000000000000, 1.000000000000000000, 0.000000000000000000 ) ) ;
#1013 = DIRECTION ( 'NONE',  ( 1.137523590804463822E-16, -0.000000000000000000, -1.000000000000000000 ) ) ;
#1014 = ORIENTED_EDGE ( 'NONE', *, *, #637, .F. ) ;
#1015 = CIRCLE ( 'NONE', #520, 0.7500000000000006661 ) ;
#1016 = VECTOR ( 'NONE', #1167, 1000.000000000000000 ) ;
#1017 = AXIS2_PLACEMENT_3D ( 'NONE', #831, #1503, #154 ) ;
#1018 = AXIS2_PLACEMENT_3D ( 'NONE', #88, #1429, #95 ) ;
#1019 = FACE_OUTER_BOUND ( 'NONE', #1151, .T. ) ;
#1020 = EDGE_LOOP ( 'NONE', ( #503, #1092 ) ) ;
#1021 = AXIS2_PLACEMENT_3D ( 'NONE', #489, #1680, #1702 ) ;
#1022 = CIRCLE ( 'NONE', #667, 0.7500000000000006661 ) ;
#1023 = FACE_BOUND ( 'NONE', #753, .T. ) ;
#1024 = VECTOR ( 'NONE', #1238, 1000.000000000000000 ) ;
#1025 = DIRECTION ( 'NONE',  ( -1.000000000000000000, 0.000000000000000000, 0.000000000000000000 ) ) ;
#1026 = CARTESIAN_POINT ( 'NONE',  ( 25.50000000000000000, 0.000000000000000000, -9.299999999999993605 ) ) ;
#1027 = ORIENTED_EDGE ( 'NONE', *, *, #1257, .F. ) ;
#1028 = ORIENTED_EDGE ( 'NONE', *, *, #1155, .T. ) ;
#1029 = EDGE_CURVE ( 'NONE', #1468, #359, #735, .T. ) ;
#1030 = ADVANCED_FACE ( 'NONE', ( #728, #1268, #1370 ), #1521, .F. ) ;
#1031 = ORIENTED_EDGE ( 'NONE', *, *, #1435, .F. ) ;
#1032 = CARTESIAN_POINT ( 'NONE',  ( 35.25000000000000000, 5.499999999999818812, -10.99999999999999112 ) ) ;
#1033 = DIRECTION ( 'NONE',  ( -0.000000000000000000, -0.000000000000000000, -1.000000000000000000 ) ) ;
#1034 = CYLINDRICAL_SURFACE ( 'NONE', #610, 0.7499999999999997780 ) ;
#1035 = ORIENTED_EDGE ( 'NONE', *, *, #1346, .F. ) ;
#1036 = FACE_BOUND ( 'NONE', #41, .T. ) ;
#1037 = ADVANCED_FACE ( 'NONE', ( #711 ), #178, .F. ) ;
#1038 = DIRECTION ( 'NONE',  ( -1.000000000000000000, 0.000000000000000000, 0.000000000000000000 ) ) ;
#1039 = EDGE_LOOP ( 'NONE', ( #1613, #675, #1281, #367, #1014, #931, #1583, #187, #168, #900 ) ) ;
#1040 = CARTESIAN_POINT ( 'NONE',  ( 0.000000000000000000, 7.000000000000000000, 9.800000000000000711 ) ) ;
#1041 = CARTESIAN_POINT ( 'NONE',  ( 32.00000000000000000, 5.499999999999818812, -0.9999999999999904521 ) ) ;
#1042 = CARTESIAN_POINT ( 'NONE',  ( 27.99999999999999645, 5.499999999999818812, -7.999999999999989342 ) ) ;
#1043 = ORIENTED_EDGE ( 'NONE', *, *, #1565, .T. ) ;
#1044 = VERTEX_POINT ( 'NONE', #583 ) ;
#1045 = AXIS2_PLACEMENT_3D ( 'NONE', #1476, #1212, #1082 ) ;
#1046 = VECTOR ( 'NONE', #1354, 1000.000000000000000 ) ;
#1047 = CARTESIAN_POINT ( 'NONE',  ( 29.49999999999999289, 3.500000000000000000, 0.000000000000000000 ) ) ;
#1048 = ORIENTED_EDGE ( 'NONE', *, *, #1650, .T. ) ;
#1049 = VECTOR ( 'NONE', #96, 1000.000000000000000 ) ;
#1050 = CARTESIAN_POINT ( 'NONE',  ( 12.40000000000000213, 5.499999999999927169, -9.299999999999993605 ) ) ;
#1051 = ADVANCED_FACE ( 'NONE', ( #1127 ), #1261, .F. ) ;
#1052 = VECTOR ( 'NONE', #67, 1000.000000000000000 ) ;
#1053 = CARTESIAN_POINT ( 'NONE',  ( 2.250000000000000444, 1.500000000000000000, 7.500000000000027534 ) ) ;
#1054 = DIRECTION ( 'NONE',  ( -1.000000000000000000, -0.000000000000000000, -1.137523590804463822E-16 ) ) ;
#1055 = VECTOR ( 'NONE', #1168, 1000.000000000000000 ) ;
#1056 = FACE_OUTER_BOUND ( 'NONE', #547, .T. ) ;
#1057 = CARTESIAN_POINT ( 'NONE',  ( 28.74999999999999645, 5.499999999999818812, -7.999999999999989342 ) ) ;
#1058 = ORIENTED_EDGE ( 'NONE', *, *, #1213, .T. ) ;
#1059 = DIRECTION ( 'NONE',  ( -0.000000000000000000, -0.000000000000000000, 1.000000000000000000 ) ) ;
#1060 = EDGE_CURVE ( 'NONE', #114, #771, #861, .T. ) ;
#1061 = PLANE ( 'NONE',  #661 ) ;
#1062 = CARTESIAN_POINT ( 'NONE',  ( 0.000000000000000000, 7.000000000000000000, -10.99999999999999467 ) ) ;
#1063 = CARTESIAN_POINT ( 'NONE',  ( 17.59999999999999787, 5.499999999999890754, -10.99999999999999289 ) ) ;
#1064 = EDGE_CURVE ( 'NONE', #615, #45, #83, .T. ) ;
#1065 = DIRECTION ( 'NONE',  ( 0.000000000000000000, 0.000000000000000000, 1.000000000000000000 ) ) ;
#1066 = ORIENTED_EDGE ( 'NONE', *, *, #1343, .T. ) ;
#1067 = CARTESIAN_POINT ( 'NONE',  ( 7.950000000000000178, 5.499999999999963585, -7.999999999999992895 ) ) ;
#1068 = FACE_BOUND ( 'NONE', #866, .T. ) ;
#1069 = PRODUCT_CONTEXT ( 'NONE', #566, 'mechanical' ) ;
#1070 = EDGE_CURVE ( 'NONE', #695, #451, #720, .T. ) ;
#1071 = DIRECTION ( 'NONE',  ( -1.000000000000000000, 0.000000000000000000, 0.000000000000000000 ) ) ;
#1072 = ORIENTED_EDGE ( 'NONE', *, *, #678, .T. ) ;
#1073 = DIRECTION ( 'NONE',  ( 1.137523590804463822E-16, 0.000000000000000000, -1.000000000000000000 ) ) ;
#1074 = ORIENTED_EDGE ( 'NONE', *, *, #596, .F. ) ;
#1075 = DIRECTION ( 'NONE',  ( -1.000000000000000000, 0.000000000000000000, 0.000000000000000000 ) ) ;
#1076 = VERTEX_POINT ( 'NONE', #1096 ) ;
#1077 = VECTOR ( 'NONE', #1602, 1000.000000000000000 ) ;
#1078 = AXIS2_PLACEMENT_3D ( 'NONE', #1351, #1059, #954 ) ;
#1079 = CARTESIAN_POINT ( 'NONE',  ( 22.04999999999996163, 1.999999999999854783, -9.299999999999993605 ) ) ;
#1080 = LINE ( 'NONE', #822, #1024 ) ;
#1081 = CIRCLE ( 'NONE', #1528, 1.000000000000000888 ) ;
#1082 = DIRECTION ( 'NONE',  ( -1.000000000000000000, 0.000000000000000000, 0.000000000000000000 ) ) ;
#1083 = AXIS2_PLACEMENT_3D ( 'NONE', #1406, #1551, #211 ) ;
#1084 = ORIENTED_EDGE ( 'NONE', *, *, #869, .T. ) ;
#1085 = CARTESIAN_POINT ( 'NONE',  ( 3.499999999999998668, 0.000000000000000000, 7.500000000000000000 ) ) ;
#1086 = EDGE_CURVE ( 'NONE', #828, #500, #775, .T. ) ;
#1087 = EDGE_LOOP ( 'NONE', ( #1149, #613 ) ) ;
#1088 = DIRECTION ( 'NONE',  ( 0.000000000000000000, 1.000000000000000000, 0.000000000000000000 ) ) ;
#1089 = EDGE_LOOP ( 'NONE', ( #268, #649 ) ) ;
#1090 = DIRECTION ( 'NONE',  ( 1.137523590804463822E-16, 0.000000000000000000, -1.000000000000000000 ) ) ;
#1091 = DIRECTION ( 'NONE',  ( 1.927470528863120528E-16, 0.000000000000000000, 1.000000000000000000 ) ) ;
#1092 = ORIENTED_EDGE ( 'NONE', *, *, #1288, .F. ) ;
#1093 = EDGE_CURVE ( 'NONE', #1007, #45, #867, .T. ) ;
#1094 = LINE ( 'NONE', #480, #144 ) ;
#1095 = ADVANCED_FACE ( 'NONE', ( #446 ), #1508, .F. ) ;
#1096 = CARTESIAN_POINT ( 'NONE',  ( 5.000000000000000000, 0.000000000000000000, 9.800000000000000711 ) ) ;
#1097 = ORIENTED_EDGE ( 'NONE', *, *, #1549, .F. ) ;
#1098 = DIRECTION ( 'NONE',  ( 0.000000000000000000, -0.000000000000000000, 1.000000000000000000 ) ) ;
#1099 =( LENGTH_UNIT ( ) NAMED_UNIT ( * ) SI_UNIT ( .MILLI., .METRE. ) );
#1100 = DIRECTION ( 'NONE',  ( 1.137523590804463822E-16, 0.000000000000000000, -1.000000000000000000 ) ) ;
#1101 = ORIENTED_EDGE ( 'NONE', *, *, #1178, .F. ) ;
#1102 = CARTESIAN_POINT ( 'NONE',  ( 0.000000000000000000, 7.000000000000000000, 0.000000000000000000 ) ) ;
#1103 = DIRECTION ( 'NONE',  ( -1.000000000000000000, 0.000000000000000000, 0.000000000000000000 ) ) ;
#1104 = ORIENTED_EDGE ( 'NONE', *, *, #1549, .T. ) ;
#1105 = DIRECTION ( 'NONE',  ( 1.000000000000000000, -0.000000000000000000, 1.445602896647340149E-16 ) ) ;
#1106 = VECTOR ( 'NONE', #878, 1000.000000000000000 ) ;
#1107 =( NAMED_UNIT ( * ) PLANE_ANGLE_UNIT ( ) SI_UNIT ( $, .RADIAN. ) );
#1108 = EDGE_CURVE ( 'NONE', #1453, #1162, #1515, .T. ) ;
#1109 = CIRCLE ( 'NONE', #1610, 0.7500000000000006661 ) ;
#1110 = CARTESIAN_POINT ( 'NONE',  ( 0.000000000000000000, 3.500000000000000000, 0.000000000000000000 ) ) ;
#1111 = VECTOR ( 'NONE', #1305, 1000.000000000000000 ) ;
#1112 = ORIENTED_EDGE ( 'NONE', *, *, #1404, .T. ) ;
#1113 = AXIS2_PLACEMENT_3D ( 'NONE', #1274, #1664, #837 ) ;
#1114 = ORIENTED_EDGE ( 'NONE', *, *, #1586, .F. ) ;
#1115 = CARTESIAN_POINT ( 'NONE',  ( 18.34999999999995879, 1.999999999999890310, -9.299999999999993605 ) ) ;
#1116 = ADVANCED_FACE ( 'NONE', ( #61, #1120, #1651 ), #458, .F. ) ;
#1117 = DIRECTION ( 'NONE',  ( -1.000000000000000000, 0.000000000000000000, 0.000000000000000000 ) ) ;
#1118 = EDGE_LOOP ( 'NONE', ( #447, #403, #441, #780 ) ) ;
#1119 = EDGE_CURVE ( 'NONE', #959, #1145, #1008, .T. ) ;
#1120 = FACE_BOUND ( 'NONE', #1306, .T. ) ;
#1121 = ORIENTED_EDGE ( 'NONE', *, *, #58, .T. ) ;
#1122 = DIRECTION ( 'NONE',  ( 1.000000000000000000, -0.000000000000000000, 1.137523590804463822E-16 ) ) ;
#1123 = EDGE_CURVE ( 'NONE', #114, #797, #1584, .T. ) ;
#1124 = CARTESIAN_POINT ( 'NONE',  ( 2.000000000000000888, 5.500000000000000000, -7.999999999999992895 ) ) ;
#1125 = ADVANCED_FACE ( 'NONE', ( #1279 ), #1286, .F. ) ;
#1126 = ORIENTED_EDGE ( 'NONE', *, *, #318, .T. ) ;
#1127 = FACE_OUTER_BOUND ( 'NONE', #553, .T. ) ;
#1128 = ORIENTED_EDGE ( 'NONE', *, *, #1575, .F. ) ;
#1129 = PRODUCT_DEFINITION_CONTEXT ( 'detailed design', #1554, 'design' ) ;
#1130 = CYLINDRICAL_SURFACE ( 'NONE', #1276, 1.000000000000000888 ) ;
#1131 = CARTESIAN_POINT ( 'NONE',  ( 22.80000000000000071, 5.499999999999855227, -7.999999999999992895 ) ) ;
#1132 = DIRECTION ( 'NONE',  ( -1.927470528863120281E-16, -0.000000000000000000, -1.000000000000000000 ) ) ;
#1133 = ORIENTED_EDGE ( 'NONE', *, *, #1352, .T. ) ;
#1134 = VECTOR ( 'NONE', #219, 1000.000000000000000 ) ;
#1135 = AXIS2_PLACEMENT_3D ( 'NONE', #366, #1434, #782 ) ;
#1136 = SURFACE_STYLE_USAGE ( .BOTH. , #631 ) ;
#1137 = VECTOR ( 'NONE', #777, 1000.000000000000000 ) ;
#1138 = ORIENTED_EDGE ( 'NONE', *, *, #1301, .F. ) ;
#1139 = CARTESIAN_POINT ( 'NONE',  ( 1.499999999999999556, 0.000000000000000000, 9.800000000000000711 ) ) ;
#1140 = FACE_OUTER_BOUND ( 'NONE', #1703, .T. ) ;
#1141 = CARTESIAN_POINT ( 'NONE',  ( 1.499999999999999778, 1.500000000000000444, 0.000000000000000000 ) ) ;
#1142 = VERTEX_POINT ( 'NONE', #482 ) ;
#1143 = PLANE ( 'NONE',  #914 ) ;
#1144 = EDGE_CURVE ( 'NONE', #669, #1658, #411, .T. ) ;
#1145 = VERTEX_POINT ( 'NONE', #1427 ) ;
#1146 = DIRECTION ( 'NONE',  ( -0.000000000000000000, -0.000000000000000000, 1.000000000000000000 ) ) ;
#1147 = DIRECTION ( 'NONE',  ( 1.137523590804463822E-16, -0.000000000000000000, -1.000000000000000000 ) ) ;
#1148 = DIRECTION ( 'NONE',  ( -1.000000000000000000, 0.000000000000000000, 0.000000000000000000 ) ) ;
#1149 = ORIENTED_EDGE ( 'NONE', *, *, #449, .F. ) ;
#1150 = CARTESIAN_POINT ( 'NONE',  ( 2.602085213965212614E-16, 7.000000000000000000, -3.000000000000002665 ) ) ;
#1151 = EDGE_LOOP ( 'NONE', ( #1133, #681, #172, #632, #906 ) ) ;
#1152 = CARTESIAN_POINT ( 'NONE',  ( 36.00000000000000711, 5.499999999999818812, -4.000000000000000000 ) ) ;
#1153 = DIRECTION ( 'NONE',  ( -0.000000000000000000, -0.000000000000000000, 1.000000000000000000 ) ) ;
#1154 = CARTESIAN_POINT ( 'NONE',  ( 3.499999999999998668, 3.500000000000000000, 7.500000000000000000 ) ) ;
#1155 = EDGE_CURVE ( 'NONE', #414, #817, #1667, .T. ) ;
#1156 = ORIENTED_EDGE ( 'NONE', *, *, #1255, .T. ) ;
#1157 = ADVANCED_FACE ( 'NONE', ( #1019, #1315 ), #1566, .F. ) ;
#1158 = ORIENTED_EDGE ( 'NONE', *, *, #1213, .F. ) ;
#1159 = VECTOR ( 'NONE', #245, 1000.000000000000000 ) ;
#1160 = AXIS2_PLACEMENT_3D ( 'NONE', #315, #1669, #997 ) ;
#1161 = PRESENTATION_STYLE_ASSIGNMENT (( #1136 ) ) ;
#1162 = VERTEX_POINT ( 'NONE', #1546 ) ;
#1163 = AXIS2_PLACEMENT_3D ( 'NONE', #1243, #452, #1532 ) ;
#1164 = AXIS2_PLACEMENT_3D ( 'NONE', #1687, #640, #514 ) ;
#1165 = CARTESIAN_POINT ( 'NONE',  ( 27.24999999999993250, 4.500000000000000888, -4.750000000000137668 ) ) ;
#1166 = ADVANCED_FACE ( 'NONE', ( #1573 ), #1143, .F. ) ;
#1167 = DIRECTION ( 'NONE',  ( -1.000000000000000000, -0.000000000000000000, -1.137523590804463822E-16 ) ) ;
#1168 = DIRECTION ( 'NONE',  ( 1.137523590804463822E-16, -0.000000000000000000, -1.000000000000000000 ) ) ;
#1169 = ORIENTED_EDGE ( 'NONE', *, *, #738, .F. ) ;
#1170 = VERTEX_POINT ( 'NONE', #762 ) ;
#1171 = DIRECTION ( 'NONE',  ( -0.000000000000000000, 0.000000000000000000, -1.000000000000000000 ) ) ;
#1172 = ORIENTED_EDGE ( 'NONE', *, *, #671, .T. ) ;
#1173 = DIRECTION ( 'NONE',  ( 1.137523590804463822E-16, -0.000000000000000000, -1.000000000000000000 ) ) ;
#1174 = DIRECTION ( 'NONE',  ( 1.000000000000000000, 0.000000000000000000, 1.137523590804463822E-16 ) ) ;
#1175 = DIRECTION ( 'NONE',  ( 1.137523590804463822E-16, -0.000000000000000000, -1.000000000000000000 ) ) ;
#1176 = VERTEX_POINT ( 'NONE', #100 ) ;
#1177 = DIRECTION ( 'NONE',  ( 0.000000000000000000, -1.000000000000000000, 0.000000000000000000 ) ) ;
#1178 = EDGE_CURVE ( 'NONE', #734, #1629, #1334, .T. ) ;
#1179 = VERTEX_POINT ( 'NONE', #1538 ) ;
#1180 = DIRECTION ( 'NONE',  ( -0.000000000000000000, -1.000000000000000000, -0.000000000000000000 ) ) ;
#1181 = ORIENTED_EDGE ( 'NONE', *, *, #1586, .T. ) ;
#1182 = DIRECTION ( 'NONE',  ( -1.000000000000000000, 0.000000000000000000, 0.000000000000000000 ) ) ;
#1183 = CARTESIAN_POINT ( 'NONE',  ( 27.24999999999993250, 4.500000000000000888, -4.750000000000137668 ) ) ;
#1184 = CARTESIAN_POINT ( 'NONE',  ( 1.499999999999999556, 1.499999999999999778, 9.800000000000000711 ) ) ;
#1185 = ORIENTED_EDGE ( 'NONE', *, *, #163, .T. ) ;
#1186 = CARTESIAN_POINT ( 'NONE',  ( 28.74999999999999645, 5.499999999999818812, -7.999999999999989342 ) ) ;
#1187 = VECTOR ( 'NONE', #440, 1000.000000000000000 ) ;
#1188 = CIRCLE ( 'NONE', #689, 0.7500000000000006661 ) ;
#1189 = CARTESIAN_POINT ( 'NONE',  ( 2.250000000000000444, 1.500000000000000000, 7.500000000000000000 ) ) ;
#1190 = VERTEX_POINT ( 'NONE', #1673 ) ;
#1191 = AXIS2_PLACEMENT_3D ( 'NONE', #1010, #653, #1182 ) ;
#1192 = LINE ( 'NONE', #670, #802 ) ;
#1193 = AXIS2_PLACEMENT_3D ( 'NONE', #1360, #159, #818 ) ;
#1194 = AXIS2_PLACEMENT_3D ( 'NONE', #15, #1073, #1349 ) ;
#1195 = DIRECTION ( 'NONE',  ( -1.000000000000000000, 0.000000000000000000, 0.000000000000000000 ) ) ;
#1196 = DIRECTION ( 'NONE',  ( -1.000000000000000000, 0.000000000000000000, 0.000000000000000000 ) ) ;
#1197 = LINE ( 'NONE', #534, #74 ) ;
#1198 = LINE ( 'NONE', #149, #1501 ) ;
#1199 = ORIENTED_EDGE ( 'NONE', *, *, #1709, .T. ) ;
#1200 = PRODUCT_DEFINITION ( 'General', '', #635, #1129 ) ;
#1201 = CARTESIAN_POINT ( 'NONE',  ( 4.999999999999998224, 7.000000000000000000, -9.299999999999993605 ) ) ;
#1202 = EDGE_CURVE ( 'NONE', #741, #545, #224, .T. ) ;
#1203 = CARTESIAN_POINT ( 'NONE',  ( 27.99999999999999645, 5.499999999999818812, -7.999999999999989342 ) ) ;
#1204 = FACE_OUTER_BOUND ( 'NONE', #430, .T. ) ;
#1205 = DIRECTION ( 'NONE',  ( -1.000000000000000000, 0.000000000000000000, 0.000000000000000000 ) ) ;
#1206 = VERTEX_POINT ( 'NONE', #755 ) ;
#1207 = CARTESIAN_POINT ( 'NONE',  ( 2.249999999999999556, 1.500000000000000000, 9.800000000000000711 ) ) ;
#1208 = EDGE_LOOP ( 'NONE', ( #643, #179, #340, #1428 ) ) ;
#1209 = DIRECTION ( 'NONE',  ( 1.137523590804463822E-16, -0.000000000000000000, -1.000000000000000000 ) ) ;
#1210 = FACE_BOUND ( 'NONE', #1000, .T. ) ;
#1211 = EDGE_CURVE ( 'NONE', #1007, #1699, #1390, .T. ) ;
#1212 = DIRECTION ( 'NONE',  ( 1.137523590804463822E-16, 0.000000000000000000, -1.000000000000000000 ) ) ;
#1213 = EDGE_CURVE ( 'NONE', #119, #91, #693, .T. ) ;
#1214 = CARTESIAN_POINT ( 'NONE',  ( 27.00000000000000000, 3.500000000000000000, -3.000000000000000888 ) ) ;
#1215 = ORIENTED_EDGE ( 'NONE', *, *, #945, .T. ) ;
#1216 = CLOSED_SHELL ( 'NONE', ( #1125, #673, #374, #855, #1095, #725, #223, #324, #1649, #978, #1487, #487, #709, #413, #275, #242, #1426, #235, #106, #1417, #1685, #1116, #43, #623, #977, #563, #474, #785, #56, #603, #502, #116, #495, #1051, #813, #935, #1037, #763, #724, #1656, #1489, #1520, #437, #754, #1157, #4, #984, #357, #1166, #1030, #152, #456 ) ) ;
#1217 = DIRECTION ( 'NONE',  ( -1.000000000000000000, 0.000000000000000000, 0.000000000000000000 ) ) ;
#1218 = EDGE_LOOP ( 'NONE', ( #788, #1486 ) ) ;
#1219 = CARTESIAN_POINT ( 'NONE',  ( 22.04999999999996163, 1.999999999999854783, -7.999999999999992895 ) ) ;
#1220 = DIRECTION ( 'NONE',  ( -1.000000000000000000, 0.000000000000000000, 0.000000000000000000 ) ) ;
#1221 = AXIS2_PLACEMENT_3D ( 'NONE', #313, #1628, #1498 ) ;
#1222 = EDGE_CURVE ( 'NONE', #765, #863, #909, .T. ) ;
#1223 = CARTESIAN_POINT ( 'NONE',  ( 3.549999999999934985, 4.500000000000000888, -3.750000000000218492 ) ) ;
#1224 = CIRCLE ( 'NONE', #1392, 0.7500000000000006661 ) ;
#1225 = EDGE_LOOP ( 'NONE', ( #1058, #16, #1236, #60 ) ) ;
#1226 = FACE_OUTER_BOUND ( 'NONE', #698, .T. ) ;
#1227 = ORIENTED_EDGE ( 'NONE', *, *, #1343, .F. ) ;
#1228 = CYLINDRICAL_SURFACE ( 'NONE', #1277, 0.7500000000000006661 ) ;
#1229 = ORIENTED_EDGE ( 'NONE', *, *, #423, .T. ) ;
#1230 = FACE_OUTER_BOUND ( 'NONE', #347, .T. ) ;
#1231 = DIRECTION ( 'NONE',  ( -0.000000000000000000, 1.000000000000000000, -0.000000000000000000 ) ) ;
#1232 = ORIENTED_EDGE ( 'NONE', *, *, #1603, .T. ) ;
#1233 = DIRECTION ( 'NONE',  ( -0.000000000000000000, -0.000000000000000000, 1.000000000000000000 ) ) ;
#1234 = EDGE_CURVE ( 'NONE', #1206, #594, #1719, .T. ) ;
#1235 = DIRECTION ( 'NONE',  ( -0.000000000000000000, 0.000000000000000000, 1.000000000000000000 ) ) ;
#1236 = ORIENTED_EDGE ( 'NONE', *, *, #1467, .T. ) ;
#1237 = LINE ( 'NONE', #329, #1526 ) ;
#1238 = DIRECTION ( 'NONE',  ( 1.137523590804463822E-16, -0.000000000000000000, -1.000000000000000000 ) ) ;
#1239 = DIRECTION ( 'NONE',  ( -0.000000000000000000, -0.000000000000000000, 1.000000000000000000 ) ) ;
#1240 = MANIFOLD_SOLID_BREP ( 'Cut-Extrude10', #1216 ) ;
#1241 = VERTEX_POINT ( 'NONE', #277 ) ;
#1242 = EDGE_CURVE ( 'NONE', #1358, #645, #501, .T. ) ;
#1243 = CARTESIAN_POINT ( 'NONE',  ( 38.49999999999999289, 0.000000000000000000, -4.000000000000000888 ) ) ;
#1244 = VERTEX_POINT ( 'NONE', #402 ) ;
#1245 = VECTOR ( 'NONE', #666, 1000.000000000000000 ) ;
#1246 = PLANE ( 'NONE',  #1363 ) ;
#1247 =( GEOMETRIC_REPRESENTATION_CONTEXT ( 3 ) GLOBAL_UNCERTAINTY_ASSIGNED_CONTEXT ( ( #576 ) ) GLOBAL_UNIT_ASSIGNED_CONTEXT ( ( #1099, #1107, #162 ) ) REPRESENTATION_CONTEXT ( 'NONE', 'WORKASPACE' ) );
#1248 = AXIS2_PLACEMENT_3D ( 'NONE', #426, #936, #1217 ) ;
#1249 = CARTESIAN_POINT ( 'NONE',  ( 23.54999999999996163, 1.999999999999854783, -10.99999999999999289 ) ) ;
#1250 = AXIS2_PLACEMENT_3D ( 'NONE', #1459, #394, #932 ) ;
#1251 = ORIENTED_EDGE ( 'NONE', *, *, #1234, .T. ) ;
#1252 = VECTOR ( 'NONE', #1132, 1000.000000000000000 ) ;
#1253 = DIRECTION ( 'NONE',  ( -0.000000000000000000, 1.000000000000000000, -0.000000000000000000 ) ) ;
#1254 = ORIENTED_EDGE ( 'NONE', *, *, #423, .F. ) ;
#1255 = EDGE_CURVE ( 'NONE', #1323, #1266, #1198, .T. ) ;
#1256 = UNCERTAINTY_MEASURE_WITH_UNIT (LENGTH_MEASURE( 1.000000000000000082E-05 ), #606, 'distance_accuracy_value', 'NONE');
#1257 = EDGE_CURVE ( 'NONE', #1076, #1179, #424, .T. ) ;
#1258 = DIRECTION ( 'NONE',  ( 0.000000000000000000, 1.000000000000000000, 0.000000000000000000 ) ) ;
#1259 = DIRECTION ( 'NONE',  ( -1.000000000000000000, -0.000000000000000000, -0.000000000000000000 ) ) ;
#1260 = ORIENTED_EDGE ( 'NONE', *, *, #204, .F. ) ;
#1261 = CYLINDRICAL_SURFACE ( 'NONE', #665, 0.7500000000000006661 ) ;
#1262 = ORIENTED_EDGE ( 'NONE', *, *, #819, .T. ) ;
#1263 = LINE ( 'NONE', #460, #195 ) ;
#1264 = DIRECTION ( 'NONE',  ( -1.000000000000000000, 0.000000000000000000, 0.000000000000000000 ) ) ;
#1265 = LINE ( 'NONE', #1507, #415 ) ;
#1266 = VERTEX_POINT ( 'NONE', #683 ) ;
#1267 = EDGE_CURVE ( 'NONE', #285, #1266, #1081, .T. ) ;
#1268 = FACE_BOUND ( 'NONE', #1089, .T. ) ;
#1269 = VERTEX_POINT ( 'NONE', #1189 ) ;
#1270 = DIRECTION ( 'NONE',  ( -0.000000000000000000, 1.000000000000000000, -0.000000000000000000 ) ) ;
#1271 = AXIS2_PLACEMENT_3D ( 'NONE', #309, #182, #541 ) ;
#1272 = CIRCLE ( 'NONE', #1362, 1.000000000000001776 ) ;
#1273 = LINE ( 'NONE', #70, #580 ) ;
#1274 = CARTESIAN_POINT ( 'NONE',  ( 17.59999999999999787, 5.499999999999890754, -9.299999999999993605 ) ) ;
#1275 = ORIENTED_EDGE ( 'NONE', *, *, #1296, .F. ) ;
#1276 = AXIS2_PLACEMENT_3D ( 'NONE', #1534, #1270, #46 ) ;
#1277 = AXIS2_PLACEMENT_3D ( 'NONE', #396, #567, #1075 ) ;
#1278 = VECTOR ( 'NONE', #1235, 1000.000000000000000 ) ;
#1279 = FACE_OUTER_BOUND ( 'NONE', #332, .T. ) ;
#1280 = AXIS2_PLACEMENT_3D ( 'NONE', #380, #1312, #1299 ) ;
#1281 = ORIENTED_EDGE ( 'NONE', *, *, #288, .T. ) ;
#1282 = DIRECTION ( 'NONE',  ( 1.137523590804463822E-16, -0.000000000000000000, -1.000000000000000000 ) ) ;
#1283 = FACE_OUTER_BOUND ( 'NONE', #1712, .T. ) ;
#1284 = CARTESIAN_POINT ( 'NONE',  ( 27.00000000000000000, 0.000000000000000000, -11.49999999999999467 ) ) ;
#1285 = ORIENTED_EDGE ( 'NONE', *, *, #543, .T. ) ;
#1286 = CYLINDRICAL_SURFACE ( 'NONE', #351, 0.7500000000000006661 ) ;
#1287 = ORIENTED_EDGE ( 'NONE', *, *, #1457, .F. ) ;
#1288 = EDGE_CURVE ( 'NONE', #955, #1468, #276, .T. ) ;
#1289 = CARTESIAN_POINT ( 'NONE',  ( 30.50000000000000000, 0.000000000000000000, -3.000000000000000000 ) ) ;
#1290 = FACE_OUTER_BOUND ( 'NONE', #1425, .T. ) ;
#1291 = LINE ( 'NONE', #648, #30 ) ;
#1292 = ORIENTED_EDGE ( 'NONE', *, *, #1531, .F. ) ;
#1293 = ORIENTED_EDGE ( 'NONE', *, *, #924, .T. ) ;
#1294 = SURFACE_STYLE_FILL_AREA ( #240 ) ;
#1295 = ORIENTED_EDGE ( 'NONE', *, *, #399, .T. ) ;
#1296 = EDGE_CURVE ( 'NONE', #797, #1170, #1599, .T. ) ;
#1297 = FACE_BOUND ( 'NONE', #1451, .T. ) ;
#1298 = CYLINDRICAL_SURFACE ( 'NONE', #1303, 0.7500000000000000000 ) ;
#1299 = DIRECTION ( 'NONE',  ( 0.000000000000000000, 0.000000000000000000, 1.000000000000000000 ) ) ;
#1300 = VERTEX_POINT ( 'NONE', #1057 ) ;
#1301 = EDGE_CURVE ( 'NONE', #91, #1629, #121, .T. ) ;
#1302 = LINE ( 'NONE', #1186, #1245 ) ;
#1303 = AXIS2_PLACEMENT_3D ( 'NONE', #104, #1677, #1577 ) ;
#1304 = AXIS2_PLACEMENT_3D ( 'NONE', #558, #3, #417 ) ;
#1305 = DIRECTION ( 'NONE',  ( -1.445602896647340149E-16, -0.000000000000000000, 1.000000000000000000 ) ) ;
#1306 = EDGE_LOOP ( 'NONE', ( #1693, #897 ) ) ;
#1307 = CIRCLE ( 'NONE', #721, 0.7500000000000006661 ) ;
#1308 = LINE ( 'NONE', #1040, #350 ) ;
#1309 = EDGE_CURVE ( 'NONE', #131, #203, #518, .T. ) ;
#1310 = EDGE_CURVE ( 'NONE', #327, #652, #8, .T. ) ;
#1311 = DIRECTION ( 'NONE',  ( -1.000000000000000000, 0.000000000000000000, -1.137523590804463822E-16 ) ) ;
#1312 = DIRECTION ( 'NONE',  ( 0.000000000000000000, 1.000000000000000000, 0.000000000000000000 ) ) ;
#1313 = ORIENTED_EDGE ( 'NONE', *, *, #311, .T. ) ;
#1314 = CARTESIAN_POINT ( 'NONE',  ( 27.00000000000000000, 3.500000000000000000, -3.000000000000000888 ) ) ;
#1315 = FACE_BOUND ( 'NONE', #686, .T. ) ;
#1316 = ORIENTED_EDGE ( 'NONE', *, *, #924, .F. ) ;
#1317 = CARTESIAN_POINT ( 'NONE',  ( 29.49999999999999289, 7.000000000000000000, -4.000000000000000000 ) ) ;
#1318 = CARTESIAN_POINT ( 'NONE',  ( 17.59999999999995879, 1.999999999999890310, -9.299999999999993605 ) ) ;
#1319 = DIRECTION ( 'NONE',  ( 1.137523590804463822E-16, -0.000000000000000000, -1.000000000000000000 ) ) ;
#1320 = ORIENTED_EDGE ( 'NONE', *, *, #265, .T. ) ;
#1321 = CARTESIAN_POINT ( 'NONE',  ( 13.15000000000000213, 5.499999999999927169, -10.99999999999999289 ) ) ;
#1322 = CARTESIAN_POINT ( 'NONE',  ( 0.000000000000000000, 1.500000000000000444, 9.800000000000000711 ) ) ;
#1323 = VERTEX_POINT ( 'NONE', #535 ) ;
#1324 = CARTESIAN_POINT ( 'NONE',  ( 30.50000000000000000, 10.00000000000000000, -3.000000000000000000 ) ) ;
#1325 = DIRECTION ( 'NONE',  ( 1.137523590804463822E-16, 0.000000000000000000, -1.000000000000000000 ) ) ;
#1326 = CARTESIAN_POINT ( 'NONE',  ( 1.499999999999999778, 0.000000000000000000, -2.500000000000000444 ) ) ;
#1327 = VERTEX_POINT ( 'NONE', #1207 ) ;
#1328 = ORIENTED_EDGE ( 'NONE', *, *, #1155, .F. ) ;
#1329 = EDGE_CURVE ( 'NONE', #1636, #840, #862, .T. ) ;
#1330 = EDGE_CURVE ( 'NONE', #1564, #1244, #1691, .T. ) ;
#1331 = DIRECTION ( 'NONE',  ( -0.000000000000000000, 1.000000000000000000, -0.000000000000000000 ) ) ;
#1332 = ORIENTED_EDGE ( 'NONE', *, *, #1064, .T. ) ;
#1333 = DIRECTION ( 'NONE',  ( -1.000000000000000000, 0.000000000000000000, -8.673617379884034239E-17 ) ) ;
#1334 = CIRCLE ( 'NONE', #1021, 0.7500000000000006661 ) ;
#1335 = VECTOR ( 'NONE', #1054, 1000.000000000000000 ) ;
#1336 = CARTESIAN_POINT ( 'NONE',  ( 12.39999999999996483, 1.999999999999926725, -9.299999999999993605 ) ) ;
#1337 = SHAPE_DEFINITION_REPRESENTATION ( #539, #438 ) ;
#1338 = CARTESIAN_POINT ( 'NONE',  ( 0.7499999999999997780, 1.500000000000000000, 9.800000000000000711 ) ) ;
#1339 = ORIENTED_EDGE ( 'NONE', *, *, #616, .T. ) ;
#1340 = DIRECTION ( 'NONE',  ( -0.000000000000000000, -0.000000000000000000, 1.000000000000000000 ) ) ;
#1341 = ORIENTED_EDGE ( 'NONE', *, *, #93, .F. ) ;
#1342 = CARTESIAN_POINT ( 'NONE',  ( 25.50000000000000000, 10.00000000000000000, -3.000000000000000444 ) ) ;
#1343 = EDGE_CURVE ( 'NONE', #91, #119, #885, .T. ) ;
#1344 = DIRECTION ( 'NONE',  ( -1.000000000000000000, 0.000000000000000000, 0.000000000000000000 ) ) ;
#1345 = DIRECTION ( 'NONE',  ( -0.000000000000000000, -0.000000000000000000, 1.000000000000000000 ) ) ;
#1346 = EDGE_CURVE ( 'NONE', #652, #22, #816, .T. ) ;
#1347 = CARTESIAN_POINT ( 'NONE',  ( 1.250000000000000888, 5.500000000000000000, -7.999999999999992895 ) ) ;
#1348 = EDGE_LOOP ( 'NONE', ( #1591, #1156, #893, #525 ) ) ;
#1349 = DIRECTION ( 'NONE',  ( -1.000000000000000000, 0.000000000000000000, 0.000000000000000000 ) ) ;
#1350 = ORIENTED_EDGE ( 'NONE', *, *, #1108, .F. ) ;
#1351 = CARTESIAN_POINT ( 'NONE',  ( 7.200000000000001066, 5.499999999999963585, -9.299999999999993605 ) ) ;
#1352 = EDGE_CURVE ( 'NONE', #1519, #451, #790, .T. ) ;
#1353 = ORIENTED_EDGE ( 'NONE', *, *, #844, .T. ) ;
#1354 = DIRECTION ( 'NONE',  ( -0.000000000000000000, -0.000000000000000000, 1.000000000000000000 ) ) ;
#1355 = DIRECTION ( 'NONE',  ( -1.000000000000000000, 0.000000000000000000, 0.000000000000000000 ) ) ;
#1356 = ORIENTED_EDGE ( 'NONE', *, *, #191, .F. ) ;
#1357 = LINE ( 'NONE', #1102, #1614 ) ;
#1358 = VERTEX_POINT ( 'NONE', #825 ) ;
#1359 = CIRCLE ( 'NONE', #1464, 0.7500000000000006661 ) ;
#1360 = CARTESIAN_POINT ( 'NONE',  ( 27.00000000000000000, 3.500000000000000000, -11.49999999999999467 ) ) ;
#1361 = ORIENTED_EDGE ( 'NONE', *, *, #185, .F. ) ;
#1362 = AXIS2_PLACEMENT_3D ( 'NONE', #560, #1624, #39 ) ;
#1363 = AXIS2_PLACEMENT_3D ( 'NONE', #1517, #1105, #730 ) ;
#1364 = CARTESIAN_POINT ( 'NONE',  ( 0.000000000000000000, 3.500000000000000000, 0.000000000000000000 ) ) ;
#1365 = VECTOR ( 'NONE', #994, 1000.000000000000000 ) ;
#1366 = CARTESIAN_POINT ( 'NONE',  ( 6.449999999999963762, 1.999999999999963141, -9.299999999999993605 ) ) ;
#1367 = VECTOR ( 'NONE', #1233, 1000.000000000000000 ) ;
#1368 = VERTEX_POINT ( 'NONE', #129 ) ;
#1369 = DIRECTION ( 'NONE',  ( 1.000000000000000000, -0.000000000000000000, 1.137523590804463822E-16 ) ) ;
#1370 = FACE_OUTER_BOUND ( 'NONE', #1707, .T. ) ;
#1371 = ORIENTED_EDGE ( 'NONE', *, *, #265, .F. ) ;
#1372 = DIRECTION ( 'NONE',  ( -1.000000000000000000, 0.000000000000000000, -2.168404344971008868E-16 ) ) ;
#1373 = CARTESIAN_POINT ( 'NONE',  ( 0.000000000000000000, 3.500000000000000000, -13.99999999999999822 ) ) ;
#1374 = CARTESIAN_POINT ( 'NONE',  ( 22.05000000000000071, 5.499999999999855227, -9.299999999999993605 ) ) ;
#1375 = ORIENTED_EDGE ( 'NONE', *, *, #64, .F. ) ;
#1376 = EDGE_CURVE ( 'NONE', #22, #1481, #658, .T. ) ;
#1377 = CARTESIAN_POINT ( 'NONE',  ( 27.24999999999993250, 4.500000000000000888, -5.750000000000139444 ) ) ;
#1378 = DIRECTION ( 'NONE',  ( 1.137523590804463822E-16, -0.000000000000000000, -1.000000000000000000 ) ) ;
#1379 = ORIENTED_EDGE ( 'NONE', *, *, #198, .F. ) ;
#1380 = DIRECTION ( 'NONE',  ( 1.137523590804463822E-16, 0.000000000000000000, -1.000000000000000000 ) ) ;
#1381 = LINE ( 'NONE', #189, #23 ) ;
#1382 = VERTEX_POINT ( 'NONE', #1085 ) ;
#1383 = EDGE_CURVE ( 'NONE', #1179, #953, #1620, .T. ) ;
#1384 = CARTESIAN_POINT ( 'NONE',  ( 27.24999999999993250, 4.500000000000000888, -3.750000000000135891 ) ) ;
#1385 = EDGE_LOOP ( 'NONE', ( #1442, #183, #66, #917 ) ) ;
#1386 = VECTOR ( 'NONE', #1631, 1000.000000000000000 ) ;
#1387 = FACE_OUTER_BOUND ( 'NONE', #165, .T. ) ;
#1388 = AXIS2_PLACEMENT_3D ( 'NONE', #78, #587, #1510 ) ;
#1389 = DIRECTION ( 'NONE',  ( -0.000000000000000000, -0.000000000000000000, 1.000000000000000000 ) ) ;
#1390 = CIRCLE ( 'NONE', #638, 0.7500000000000006661 ) ;
#1391 = ORIENTED_EDGE ( 'NONE', *, *, #1202, .T. ) ;
#1392 = AXIS2_PLACEMENT_3D ( 'NONE', #601, #999, #1148 ) ;
#1393 = DIRECTION ( 'NONE',  ( 0.000000000000000000, 0.000000000000000000, -1.000000000000000000 ) ) ;
#1394 = EDGE_LOOP ( 'NONE', ( #296, #1048, #986, #704 ) ) ;
#1395 = CARTESIAN_POINT ( 'NONE',  ( 12.40000000000000213, 5.499999999999927169, -7.999999999999992895 ) ) ;
#1396 = EDGE_CURVE ( 'NONE', #435, #953, #1094, .T. ) ;
#1397 = EDGE_CURVE ( 'NONE', #840, #1636, #57, .T. ) ;
#1398 = CARTESIAN_POINT ( 'NONE',  ( 4.999999999999998224, 0.000000000000000000, -9.299999999999993605 ) ) ;
#1399 = ORIENTED_EDGE ( 'NONE', *, *, #929, .T. ) ;
#1400 = DIRECTION ( 'NONE',  ( -0.000000000000000000, 1.000000000000000000, -0.000000000000000000 ) ) ;
#1401 = ORIENTED_EDGE ( 'NONE', *, *, #1513, .T. ) ;
#1402 = CARTESIAN_POINT ( 'NONE',  ( 12.40000000000000213, 5.499999999999927169, -7.999999999999992895 ) ) ;
#1403 = EDGE_CURVE ( 'NONE', #1481, #741, #312, .T. ) ;
#1404 = EDGE_CURVE ( 'NONE', #1468, #955, #527, .T. ) ;
#1405 = LINE ( 'NONE', #1542, #1134 ) ;
#1406 = CARTESIAN_POINT ( 'NONE',  ( 1.500000000000000222, 1.500000000000000000, 7.500000000000000000 ) ) ;
#1407 = ORIENTED_EDGE ( 'NONE', *, *, #573, .F. ) ;
#1408 = DIRECTION ( 'NONE',  ( 1.137523590804463822E-16, 0.000000000000000000, -1.000000000000000000 ) ) ;
#1409 = ORIENTED_EDGE ( 'NONE', *, *, #1675, .F. ) ;
#1410 = PLANE ( 'NONE',  #139 ) ;
#1411 = AXIS2_PLACEMENT_3D ( 'NONE', #1336, #957, #1195 ) ;
#1412 = LINE ( 'NONE', #578, #881 ) ;
#1413 = DIRECTION ( 'NONE',  ( 1.137523590804463822E-16, 0.000000000000000000, -1.000000000000000000 ) ) ;
#1414 = ORIENTED_EDGE ( 'NONE', *, *, #295, .T. ) ;
#1415 = CIRCLE ( 'NONE', #1444, 1.000000000000000888 ) ;
#1416 = AXIS2_PLACEMENT_3D ( 'NONE', #1657, #574, #1103 ) ;
#1417 = ADVANCED_FACE ( 'NONE', ( #971 ), #177, .F. ) ;
#1418 = AXIS2_PLACEMENT_3D ( 'NONE', #1042, #105, #905 ) ;
#1419 = DIRECTION ( 'NONE',  ( -1.000000000000000000, 0.000000000000000000, 9.637352644315594010E-17 ) ) ;
#1420 = VERTEX_POINT ( 'NONE', #1377 ) ;
#1421 = CYLINDRICAL_SURFACE ( 'NONE', #691, 0.7500000000000006661 ) ;
#1422 = LINE ( 'NONE', #767, #1159 ) ;
#1423 = DIRECTION ( 'NONE',  ( 0.000000000000000000, 1.000000000000000000, 0.000000000000000000 ) ) ;
#1424 = EDGE_LOOP ( 'NONE', ( #258, #1698, #1533, #602 ) ) ;
#1425 = EDGE_LOOP ( 'NONE', ( #18, #1574, #990, #1609 ) ) ;
#1426 = ADVANCED_FACE ( 'NONE', ( #752 ), #1006, .T. ) ;
#1427 = CARTESIAN_POINT ( 'NONE',  ( 3.499999999999998668, 3.500000000000000000, 7.500000000000000000 ) ) ;
#1428 = ORIENTED_EDGE ( 'NONE', *, *, #1597, .T. ) ;
#1429 = DIRECTION ( 'NONE',  ( 1.137523590804463822E-16, 0.000000000000000000, -1.000000000000000000 ) ) ;
#1430 = CARTESIAN_POINT ( 'NONE',  ( 27.99999999999999645, 5.499999999999818812, -7.999999999999989342 ) ) ;
#1431 = CARTESIAN_POINT ( 'NONE',  ( 17.59999999999995879, 1.999999999999890310, -7.999999999999992895 ) ) ;
#1432 = ORIENTED_EDGE ( 'NONE', *, *, #901, .T. ) ;
#1433 = VERTEX_POINT ( 'NONE', #432 ) ;
#1434 = DIRECTION ( 'NONE',  ( 1.137523590804463822E-16, 0.000000000000000000, -1.000000000000000000 ) ) ;
#1435 = EDGE_CURVE ( 'NONE', #87, #1514, #1265, .T. ) ;
#1436 = ORIENTED_EDGE ( 'NONE', *, *, #433, .T. ) ;
#1437 = DIRECTION ( 'NONE',  ( -1.000000000000000000, 0.000000000000000000, -0.000000000000000000 ) ) ;
#1438 = DIRECTION ( 'NONE',  ( -1.000000000000000000, 0.000000000000000000, 9.637352644315594010E-17 ) ) ;
#1439 = LINE ( 'NONE', #896, #470 ) ;
#1440 = ORIENTED_EDGE ( 'NONE', *, *, #844, .F. ) ;
#1441 = AXIS2_PLACEMENT_3D ( 'NONE', #907, #1177, #1708 ) ;
#1442 = ORIENTED_EDGE ( 'NONE', *, *, #1695, .T. ) ;
#1443 = AXIS2_PLACEMENT_3D ( 'NONE', #227, #1012, #1569 ) ;
#1444 = AXIS2_PLACEMENT_3D ( 'NONE', #723, #1258, #981 ) ;
#1445 = CARTESIAN_POINT ( 'NONE',  ( 29.49999999999999289, 0.000000000000000000, -2.999999999999999112 ) ) ;
#1446 = EDGE_LOOP ( 'NONE', ( #1414, #868, #190, #393, #306 ) ) ;
#1447 = VECTOR ( 'NONE', #1180, 1000.000000000000000 ) ;
#1448 = CARTESIAN_POINT ( 'NONE',  ( 4.999999999999998224, 0.000000000000000000, -9.299999999999993605 ) ) ;
#1449 = FACE_OUTER_BOUND ( 'NONE', #364, .T. ) ;
#1450 = DIRECTION ( 'NONE',  ( 0.000000000000000000, -1.000000000000000000, 0.000000000000000000 ) ) ;
#1451 = EDGE_LOOP ( 'NONE', ( #283, #107 ) ) ;
#1452 = ORIENTED_EDGE ( 'NONE', *, *, #1603, .F. ) ;
#1453 = VERTEX_POINT ( 'NONE', #960 ) ;
#1454 = CARTESIAN_POINT ( 'NONE',  ( -1.239088197126290866E-15, 3.500000000000000000, 7.500000000000000000 ) ) ;
#1455 = DIRECTION ( 'NONE',  ( -0.000000000000000000, -0.000000000000000000, -1.000000000000000000 ) ) ;
#1456 = DIRECTION ( 'NONE',  ( -1.000000000000000000, 0.000000000000000000, 0.000000000000000000 ) ) ;
#1457 = EDGE_CURVE ( 'NONE', #876, #765, #472, .T. ) ;
#1458 = DIRECTION ( 'NONE',  ( 0.000000000000000000, 0.000000000000000000, 1.000000000000000000 ) ) ;
#1459 = CARTESIAN_POINT ( 'NONE',  ( 17.59999999999999787, 5.499999999999890754, -9.299999999999993605 ) ) ;
#1460 = ORIENTED_EDGE ( 'NONE', *, *, #1202, .F. ) ;
#1461 = CARTESIAN_POINT ( 'NONE',  ( 1.500000000000000222, 1.500000000000000000, 7.500000000000000000 ) ) ;
#1462 = FACE_BOUND ( 'NONE', #1582, .T. ) ;
#1463 = DIRECTION ( 'NONE',  ( 1.137523590804463822E-16, -0.000000000000000000, -1.000000000000000000 ) ) ;
#1464 = AXIS2_PLACEMENT_3D ( 'NONE', #148, #814, #561 ) ;
#1465 = VECTOR ( 'NONE', #1259, 1000.000000000000000 ) ;
#1466 = DIRECTION ( 'NONE',  ( 1.137523590804463822E-16, -0.000000000000000000, -1.000000000000000000 ) ) ;
#1467 = EDGE_CURVE ( 'NONE', #1629, #734, #1307, .T. ) ;
#1468 = VERTEX_POINT ( 'NONE', #702 ) ;
#1469 = CIRCLE ( 'NONE', #410, 0.7499999999999997780 ) ;
#1470 = EDGE_CURVE ( 'NONE', #87, #422, #1224, .T. ) ;
#1471 = CARTESIAN_POINT ( 'NONE',  ( 1.499999999999999778, 0.000000000000000000, 7.500000000000000000 ) ) ;
#1472 = AXIS2_PLACEMENT_3D ( 'NONE', #644, #1408, #346 ) ;
#1473 = AXIS2_PLACEMENT_3D ( 'NONE', #362, #768, #118 ) ;
#1474 = DIRECTION ( 'NONE',  ( -1.137523590804463822E-16, 0.000000000000000000, 1.000000000000000000 ) ) ;
#1475 = CARTESIAN_POINT ( 'NONE',  ( 17.59999999999995879, 1.999999999999890310, -9.299999999999993605 ) ) ;
#1476 = CARTESIAN_POINT ( 'NONE',  ( 36.00000000000000711, 5.499999999999818812, -10.99999999999999112 ) ) ;
#1477 = EDGE_CURVE ( 'NONE', #1522, #959, #1627, .T. ) ;
#1478 = CARTESIAN_POINT ( 'NONE',  ( 3.549999999999934985, 7.000000000000000000, -4.750000000000219380 ) ) ;
#1479 = ORIENTED_EDGE ( 'NONE', *, *, #1376, .T. ) ;
#1480 = CARTESIAN_POINT ( 'NONE',  ( 23.54999999999996163, 1.999999999999854783, -7.999999999999992895 ) ) ;
#1481 = VERTEX_POINT ( 'NONE', #42 ) ;
#1482 = DIRECTION ( 'NONE',  ( 1.137523590804463822E-16, -0.000000000000000000, -1.000000000000000000 ) ) ;
#1483 = CARTESIAN_POINT ( 'NONE',  ( 11.65000000000000036, 5.499999999999927169, -9.299999999999993605 ) ) ;
#1484 = FACE_OUTER_BOUND ( 'NONE', #1545, .T. ) ;
#1485 = CARTESIAN_POINT ( 'NONE',  ( 7.949999999999963762, 1.999999999999963141, -7.999999999999992895 ) ) ;
#1486 = ORIENTED_EDGE ( 'NONE', *, *, #1330, .F. ) ;
#1487 = ADVANCED_FACE ( 'NONE', ( #1536 ), #337, .F. ) ;
#1488 = DIRECTION ( 'NONE',  ( 1.137523590804463822E-16, -0.000000000000000000, -1.000000000000000000 ) ) ;
#1489 = ADVANCED_FACE ( 'NONE', ( #694 ), #872, .F. ) ;
#1490 = ORIENTED_EDGE ( 'NONE', *, *, #764, .T. ) ;
#1491 = LINE ( 'NONE', #679, #605 ) ;
#1492 = APPLICATION_PROTOCOL_DEFINITION ( 'draft international standard', 'automotive_design', 1998, #566 ) ;
#1493 = FACE_OUTER_BOUND ( 'NONE', #845, .T. ) ;
#1494 = ORIENTED_EDGE ( 'NONE', *, *, #778, .F. ) ;
#1495 = CARTESIAN_POINT ( 'NONE',  ( 1.251275949884909563E-15, 3.500000000000000000, -10.99999999999999467 ) ) ;
#1496 = CIRCLE ( 'NONE', #1683, 0.7500000000000006661 ) ;
#1497 = VECTOR ( 'NONE', #1630, 1000.000000000000000 ) ;
#1498 = DIRECTION ( 'NONE',  ( -1.000000000000000000, 0.000000000000000000, 0.000000000000000000 ) ) ;
#1499 = VERTEX_POINT ( 'NONE', #344 ) ;
#1500 = VECTOR ( 'NONE', #115, 1000.000000000000000 ) ;
#1501 = VECTOR ( 'NONE', #1331, 1000.000000000000000 ) ;
#1502 = CARTESIAN_POINT ( 'NONE',  ( 36.00000000000000711, 5.499999999999818812, -10.99999999999999112 ) ) ;
#1503 = DIRECTION ( 'NONE',  ( 0.000000000000000000, 0.000000000000000000, 1.000000000000000000 ) ) ;
#1504 = CARTESIAN_POINT ( 'NONE',  ( 22.80000000000000071, 5.499999999999855227, -10.99999999999999289 ) ) ;
#1505 = CIRCLE ( 'NONE', #806, 0.7499999999999997780 ) ;
#1506 = ORIENTED_EDGE ( 'NONE', *, *, #891, .T. ) ;
#1507 = CARTESIAN_POINT ( 'NONE',  ( 22.05000000000000071, 5.499999999999855227, -7.999999999999992895 ) ) ;
#1508 = CYLINDRICAL_SURFACE ( 'NONE', #196, 0.7499999999999997780 ) ;
#1509 = EDGE_LOOP ( 'NONE', ( #1158, #1227 ) ) ;
#1510 = DIRECTION ( 'NONE',  ( -1.000000000000000000, 0.000000000000000000, 0.000000000000000000 ) ) ;
#1511 = DIRECTION ( 'NONE',  ( -0.000000000000000000, -0.000000000000000000, -1.000000000000000000 ) ) ;
#1512 = EDGE_CURVE ( 'NONE', #1433, #1519, #1357, .T. ) ;
#1513 = EDGE_CURVE ( 'NONE', #1269, #1142, #498, .T. ) ;
#1514 = VERTEX_POINT ( 'NONE', #444 ) ;
#1515 = LINE ( 'NONE', #1384, #140 ) ;
#1516 = ORIENTED_EDGE ( 'NONE', *, *, #185, .T. ) ;
#1517 = CARTESIAN_POINT ( 'NONE',  ( 3.500000000000000000, 3.500000000000000000, -2.500000000000000000 ) ) ;
#1518 = PLANE ( 'NONE',  #800 ) ;
#1519 = VERTEX_POINT ( 'NONE', #353 ) ;
#1520 = ADVANCED_FACE ( 'NONE', ( #1226 ), #533, .F. ) ;
#1521 = PLANE ( 'NONE',  #1163 ) ;
#1522 = VERTEX_POINT ( 'NONE', #1578 ) ;
#1523 = EDGE_CURVE ( 'NONE', #158, #1327, #557, .T. ) ;
#1524 = CYLINDRICAL_SURFACE ( 'NONE', #169, 0.7500000000000006661 ) ;
#1525 = CIRCLE ( 'NONE', #1443, 1.000000000000001776 ) ;
#1526 = VECTOR ( 'NONE', #1646, 1000.000000000000000 ) ;
#1527 = CYLINDRICAL_SURFACE ( 'NONE', #50, 0.7500000000000001110 ) ;
#1528 = AXIS2_PLACEMENT_3D ( 'NONE', #1478, #946, #1065 ) ;
#1529 = ORIENTED_EDGE ( 'NONE', *, *, #852, .T. ) ;
#1530 = CIRCLE ( 'NONE', #779, 0.7500000000000006661 ) ;
#1531 = EDGE_CURVE ( 'NONE', #1145, #1382, #97, .T. ) ;
#1532 = DIRECTION ( 'NONE',  ( -1.000000000000000000, 0.000000000000000000, 9.637352644315594010E-17 ) ) ;
#1533 = ORIENTED_EDGE ( 'NONE', *, *, #1329, .T. ) ;
#1534 = CARTESIAN_POINT ( 'NONE',  ( 3.549999999999934985, 4.500000000000000888, -4.750000000000219380 ) ) ;
#1535 = DIRECTION ( 'NONE',  ( -1.000000000000000000, 0.000000000000000000, 0.000000000000000000 ) ) ;
#1536 = FACE_OUTER_BOUND ( 'NONE', #1225, .T. ) ;
#1537 = ORIENTED_EDGE ( 'NONE', *, *, #204, .T. ) ;
#1538 = CARTESIAN_POINT ( 'NONE',  ( 5.000000000000000000, 7.000000000000000000, 9.800000000000000711 ) ) ;
#1539 = EDGE_CURVE ( 'NONE', #1453, #1420, #386, .T. ) ;
#1540 = ORIENTED_EDGE ( 'NONE', *, *, #1396, .F. ) ;
#1541 = DIRECTION ( 'NONE',  ( 1.137523590804463822E-16, -0.000000000000000000, -1.000000000000000000 ) ) ;
#1542 = CARTESIAN_POINT ( 'NONE',  ( 0.7500000000000001110, 1.500000000000000000, 7.500000000000027534 ) ) ;
#1543 = DIRECTION ( 'NONE',  ( -1.000000000000000000, 0.000000000000000000, 0.000000000000000000 ) ) ;
#1544 = EDGE_CURVE ( 'NONE', #1300, #1044, #1530, .T. ) ;
#1545 = EDGE_LOOP ( 'NONE', ( #230, #607, #1009, #238 ) ) ;
#1546 = CARTESIAN_POINT ( 'NONE',  ( 27.24999999999993250, 7.000000000000000000, -3.750000000000135891 ) ) ;
#1547 = ORIENTED_EDGE ( 'NONE', *, *, #1144, .T. ) ;
#1548 = FACE_OUTER_BOUND ( 'NONE', #247, .T. ) ;
#1549 = EDGE_CURVE ( 'NONE', #980, #1433, #6, .T. ) ;
#1550 = CARTESIAN_POINT ( 'NONE',  ( 0.000000000000000000, 1.499999999999999778, 9.800000000000000711 ) ) ;
#1551 = DIRECTION ( 'NONE',  ( -1.239088197126290817E-16, -0.000000000000000000, 1.000000000000000000 ) ) ;
#1552 = ORIENTED_EDGE ( 'NONE', *, *, #1329, .F. ) ;
#1553 = VECTOR ( 'NONE', #1622, 1000.000000000000000 ) ;
#1554 = APPLICATION_CONTEXT ( 'automotive_design' ) ;
#1555 = ORIENTED_EDGE ( 'NONE', *, *, #595, .T. ) ;
#1556 = AXIS2_PLACEMENT_3D ( 'NONE', #985, #326, #1393 ) ;
#1557 = AXIS2_PLACEMENT_3D ( 'NONE', #846, #1413, #740 ) ;
#1558 = FILL_AREA_STYLE_COLOUR ( '', #719 ) ;
#1559 = ORIENTED_EDGE ( 'NONE', *, *, #1178, .T. ) ;
#1560 = FACE_BOUND ( 'NONE', #926, .T. ) ;
#1561 = FACE_OUTER_BOUND ( 'NONE', #1118, .T. ) ;
#1562 = DIRECTION ( 'NONE',  ( -1.000000000000000000, 0.000000000000000000, 0.000000000000000000 ) ) ;
#1563 = ORIENTED_EDGE ( 'NONE', *, *, #1376, .F. ) ;
#1564 = VERTEX_POINT ( 'NONE', #370 ) ;
#1565 = EDGE_CURVE ( 'NONE', #1323, #84, #970, .T. ) ;
#1566 = PLANE ( 'NONE',  #526 ) ;
#1567 = ORIENTED_EDGE ( 'NONE', *, *, #1346, .T. ) ;
#1568 = CARTESIAN_POINT ( 'NONE',  ( 13.14999999999996483, 1.999999999999926725, -9.299999999999993605 ) ) ;
#1569 = DIRECTION ( 'NONE',  ( 0.000000000000000000, 0.000000000000000000, 1.000000000000000000 ) ) ;
#1570 = CARTESIAN_POINT ( 'NONE',  ( 2.000000000000000888, 5.500000000000000000, -7.999999999999992895 ) ) ;
#1571 = ORIENTED_EDGE ( 'NONE', *, *, #1310, .T. ) ;
#1572 = FACE_OUTER_BOUND ( 'NONE', #1039, .T. ) ;
#1573 = FACE_OUTER_BOUND ( 'NONE', #266, .T. ) ;
#1574 = ORIENTED_EDGE ( 'NONE', *, *, #819, .F. ) ;
#1575 = EDGE_CURVE ( 'NONE', #137, #1244, #1291, .T. ) ;
#1576 = DIRECTION ( 'NONE',  ( -1.000000000000000000, 0.000000000000000000, 0.000000000000000000 ) ) ;
#1577 = DIRECTION ( 'NONE',  ( -1.000000000000000000, 0.000000000000000000, 0.000000000000000000 ) ) ;
#1578 = CARTESIAN_POINT ( 'NONE',  ( 0.000000000000000000, 3.500000000000000000, -10.99999999999999467 ) ) ;
#1579 = ORIENTED_EDGE ( 'NONE', *, *, #678, .F. ) ;
#1580 = CIRCLE ( 'NONE', #1045, 0.7500000000000006661 ) ;
#1581 = CYLINDRICAL_SURFACE ( 'NONE', #1659, 1.000000000000000888 ) ;
#1582 = EDGE_LOOP ( 'NONE', ( #976, #722 ) ) ;
#1583 = ORIENTED_EDGE ( 'NONE', *, *, #628, .F. ) ;
#1584 = CIRCLE ( 'NONE', #993, 0.7500000000000006661 ) ;
#1585 = AXIS2_PLACEMENT_3D ( 'NONE', #879, #1013, #572 ) ;
#1586 = EDGE_CURVE ( 'NONE', #955, #1190, #626, .T. ) ;
#1587 = FACE_OUTER_BOUND ( 'NONE', #466, .T. ) ;
#1588 = DIRECTION ( 'NONE',  ( -0.000000000000000000, 1.000000000000000000, -0.000000000000000000 ) ) ;
#1589 = FACE_OUTER_BOUND ( 'NONE', #425, .T. ) ;
#1590 = ORIENTED_EDGE ( 'NONE', *, *, #1523, .F. ) ;
#1591 = ORIENTED_EDGE ( 'NONE', *, *, #1565, .F. ) ;
#1592 = CARTESIAN_POINT ( 'NONE',  ( 25.50000000000000000, 0.000000000000000000, 1.979187246363940331E-15 ) ) ;
#1593 = ORIENTED_EDGE ( 'NONE', *, *, #710, .T. ) ;
#1594 = LINE ( 'NONE', #1067, #80 ) ;
#1595 = CARTESIAN_POINT ( 'NONE',  ( 3.549999999999934985, 4.500000000000000888, -4.750000000000219380 ) ) ;
#1596 = DIRECTION ( 'NONE',  ( 1.000000000000000000, 0.000000000000000000, 0.000000000000000000 ) ) ;
#1597 = EDGE_CURVE ( 'NONE', #1514, #565, #1022, .T. ) ;
#1598 = CARTESIAN_POINT ( 'NONE',  ( 31.25000000000000000, 5.499999999999818812, -0.9999999999999904521 ) ) ;
#1599 = LINE ( 'NONE', #808, #1690 ) ;
#1600 = ORIENTED_EDGE ( 'NONE', *, *, #738, .T. ) ;
#1601 = CARTESIAN_POINT ( 'NONE',  ( 3.500000000000000444, 3.500000000000000000, -10.99999999999999467 ) ) ;
#1602 = DIRECTION ( 'NONE',  ( 0.000000000000000000, -1.000000000000000000, 0.000000000000000000 ) ) ;
#1603 = EDGE_CURVE ( 'NONE', #131, #876, #1697, .T. ) ;
#1604 = LINE ( 'NONE', #1347, #604 ) ;
#1605 = ORIENTED_EDGE ( 'NONE', *, *, #1597, .F. ) ;
#1606 = AXIS2_PLACEMENT_3D ( 'NONE', #1504, #805, #400 ) ;
#1607 = VECTOR ( 'NONE', #336, 1000.000000000000000 ) ;
#1608 = DIRECTION ( 'NONE',  ( -1.000000000000000000, 0.000000000000000000, 0.000000000000000000 ) ) ;
#1609 = ORIENTED_EDGE ( 'NONE', *, *, #449, .T. ) ;
#1610 = AXIS2_PLACEMENT_3D ( 'NONE', #1475, #1345, #1220 ) ;
#1611 = CIRCLE ( 'NONE', #274, 0.7500000000000006661 ) ;
#1612 = CARTESIAN_POINT ( 'NONE',  ( 31.25000000000000000, 5.499999999999818812, -4.000000000000000000 ) ) ;
#1613 = ORIENTED_EDGE ( 'NONE', *, *, #796, .F. ) ;
#1614 = VECTOR ( 'NONE', #1633, 1000.000000000000000 ) ;
#1615 = PLANE ( 'NONE',  #912 ) ;
#1616 = PLANE ( 'NONE',  #138 ) ;
#1617 = CARTESIAN_POINT ( 'NONE',  ( 29.49999999999999289, 0.000000000000000000, -2.999999999999999112 ) ) ;
#1618 = ORIENTED_EDGE ( 'NONE', *, *, #1029, .F. ) ;
#1619 = EDGE_CURVE ( 'NONE', #1044, #1300, #251, .T. ) ;
#1620 = LINE ( 'NONE', #302, #1252 ) ;
#1621 = ORIENTED_EDGE ( 'NONE', *, *, #476, .T. ) ;
#1622 = DIRECTION ( 'NONE',  ( -0.000000000000000000, -1.000000000000000000, -0.000000000000000000 ) ) ;
#1623 = ORIENTED_EDGE ( 'NONE', *, *, #956, .T. ) ;
#1624 = DIRECTION ( 'NONE',  ( 0.000000000000000000, 1.000000000000000000, 0.000000000000000000 ) ) ;
#1625 = CARTESIAN_POINT ( 'NONE',  ( 6.450000000000001066, 5.499999999999963585, -9.299999999999993605 ) ) ;
#1626 = ORIENTED_EDGE ( 'NONE', *, *, #1695, .F. ) ;
#1627 = LINE ( 'NONE', #1495, #641 ) ;
#1628 = DIRECTION ( 'NONE',  ( 0.000000000000000000, 0.000000000000000000, 1.000000000000000000 ) ) ;
#1629 = VERTEX_POINT ( 'NONE', #125 ) ;
#1630 = DIRECTION ( 'NONE',  ( 1.137523590804463822E-16, -0.000000000000000000, -1.000000000000000000 ) ) ;
#1631 = DIRECTION ( 'NONE',  ( 1.137523590804463822E-16, -0.000000000000000000, -1.000000000000000000 ) ) ;
#1632 = ORIENTED_EDGE ( 'NONE', *, *, #1222, .F. ) ;
#1633 = DIRECTION ( 'NONE',  ( -0.000000000000000000, -0.000000000000000000, 1.000000000000000000 ) ) ;
#1634 = VECTOR ( 'NONE', #180, 1000.000000000000000 ) ;
#1635 = DIRECTION ( 'NONE',  ( 1.137523590804463822E-16, -0.000000000000000000, -1.000000000000000000 ) ) ;
#1636 = VERTEX_POINT ( 'NONE', #923 ) ;
#1637 = CIRCLE ( 'NONE', #26, 0.7500000000000006661 ) ;
#1638 = EDGE_CURVE ( 'NONE', #959, #488, #1439, .T. ) ;
#1639 = CIRCLE ( 'NONE', #1221, 1.499999999999999556 ) ;
#1640 = LINE ( 'NONE', #469, #991 ) ;
#1641 = VECTOR ( 'NONE', #1340, 1000.000000000000000 ) ;
#1642 = FACE_OUTER_BOUND ( 'NONE', #1385, .T. ) ;
#1643 = ORIENTED_EDGE ( 'NONE', *, *, #874, .F. ) ;
#1644 = DIRECTION ( 'NONE',  ( -1.000000000000000000, 0.000000000000000000, 0.000000000000000000 ) ) ;
#1645 = ORIENTED_EDGE ( 'NONE', *, *, #1684, .T. ) ;
#1646 = DIRECTION ( 'NONE',  ( 1.000000000000000000, -0.000000000000000000, -0.000000000000000000 ) ) ;
#1647 = CYLINDRICAL_SURFACE ( 'NONE', #136, 0.7500000000000006661 ) ;
#1648 = ORIENTED_EDGE ( 'NONE', *, *, #233, .F. ) ;
#1649 = ADVANCED_FACE ( 'NONE', ( #246 ), #759, .F. ) ;
#1650 = EDGE_CURVE ( 'NONE', #1327, #158, #1505, .T. ) ;
#1651 = FACE_OUTER_BOUND ( 'NONE', #345, .T. ) ;
#1652 = EDGE_LOOP ( 'NONE', ( #317, #1440 ) ) ;
#1653 = DIRECTION ( 'NONE',  ( 1.137523590804463822E-16, 0.000000000000000000, -1.000000000000000000 ) ) ;
#1654 = DIRECTION ( 'NONE',  ( 0.000000000000000000, -0.000000000000000000, 1.000000000000000000 ) ) ;
#1655 = ORIENTED_EDGE ( 'NONE', *, *, #20, .F. ) ;
#1656 = ADVANCED_FACE ( 'NONE', ( #1589 ), #1034, .F. ) ;
#1657 = CARTESIAN_POINT ( 'NONE',  ( 22.79999999999996163, 1.999999999999854783, -9.299999999999993605 ) ) ;
#1658 = VERTEX_POINT ( 'NONE', #264 ) ;
#1659 = AXIS2_PLACEMENT_3D ( 'NONE', #383, #1717, #1458 ) ;
#1660 = LINE ( 'NONE', #599, #248 ) ;
#1661 = AXIS2_PLACEMENT_3D ( 'NONE', #1430, #124, #19 ) ;
#1662 = CIRCLE ( 'NONE', #1191, 0.7500000000000006661 ) ;
#1663 = CARTESIAN_POINT ( 'NONE',  ( 22.04999999999996163, 1.999999999999854783, -10.99999999999999289 ) ) ;
#1664 = DIRECTION ( 'NONE',  ( -0.000000000000000000, -0.000000000000000000, 1.000000000000000000 ) ) ;
#1665 = AXIS2_PLACEMENT_3D ( 'NONE', #51, #597, #44 ) ;
#1666 = EDGE_LOOP ( 'NONE', ( #962, #562, #559, #1027 ) ) ;
#1667 = LINE ( 'NONE', #614, #836 ) ;
#1668 = ORIENTED_EDGE ( 'NONE', *, *, #1470, .T. ) ;
#1669 = DIRECTION ( 'NONE',  ( 1.137523590804463822E-16, -0.000000000000000000, -1.000000000000000000 ) ) ;
#1670 = CARTESIAN_POINT ( 'NONE',  ( 38.49999999999999289, 6.999999999999999112, 5.732124598286487682 ) ) ;
#1671 = CARTESIAN_POINT ( 'NONE',  ( 22.79999999999996163, 1.999999999999854783, -7.999999999999992895 ) ) ;
#1672 = ORIENTED_EDGE ( 'NONE', *, *, #416, .T. ) ;
#1673 = CARTESIAN_POINT ( 'NONE',  ( 18.34999999999999787, 5.499999999999890754, -10.99999999999999289 ) ) ;
#1674 = ORIENTED_EDGE ( 'NONE', *, *, #93, .T. ) ;
#1675 = EDGE_CURVE ( 'NONE', #657, #873, #794, .T. ) ;
#1676 = DIRECTION ( 'NONE',  ( -1.000000000000000000, 0.000000000000000000, 0.000000000000000000 ) ) ;
#1677 = DIRECTION ( 'NONE',  ( 1.137523590804463822E-16, -0.000000000000000000, -1.000000000000000000 ) ) ;
#1678 = DIRECTION ( 'NONE',  ( 1.137523590804463822E-16, -0.000000000000000000, -1.000000000000000000 ) ) ;
#1679 = ORIENTED_EDGE ( 'NONE', *, *, #1119, .F. ) ;
#1680 = DIRECTION ( 'NONE',  ( 1.137523590804463822E-16, 0.000000000000000000, -1.000000000000000000 ) ) ;
#1681 = ORIENTED_EDGE ( 'NONE', *, *, #796, .T. ) ;
#1682 = CARTESIAN_POINT ( 'NONE',  ( 27.00000000000000000, 0.000000000000000000, -10.99999999999999112 ) ) ;
#1683 = AXIS2_PLACEMENT_3D ( 'NONE', #674, #930, #40 ) ;
#1684 = EDGE_CURVE ( 'NONE', #824, #1162, #173, .T. ) ;
#1685 = ADVANCED_FACE ( 'NONE', ( #1204 ), #1616, .F. ) ;
#1686 = FACE_OUTER_BOUND ( 'NONE', #516, .T. ) ;
#1687 = CARTESIAN_POINT ( 'NONE',  ( 27.24999999999993250, 4.500000000000000888, -4.750000000000137668 ) ) ;
#1688 = EDGE_LOOP ( 'NONE', ( #708, #1621, #68, #676 ) ) ;
#1689 = EDGE_LOOP ( 'NONE', ( #214, #556, #944, #507 ) ) ;
#1690 = VECTOR ( 'NONE', #668, 1000.000000000000000 ) ;
#1691 = CIRCLE ( 'NONE', #838, 0.7499999999999997780 ) ;
#1692 = DIRECTION ( 'NONE',  ( -1.000000000000000000, 0.000000000000000000, -0.000000000000000000 ) ) ;
#1693 = ORIENTED_EDGE ( 'NONE', *, *, #433, .F. ) ;
#1694 = FACE_BOUND ( 'NONE', #1509, .T. ) ;
#1695 = EDGE_CURVE ( 'NONE', #128, #1522, #812, .T. ) ;
#1696 = LINE ( 'NONE', #505, #717 ) ;
#1697 = LINE ( 'NONE', #1026, #995 ) ;
#1698 = ORIENTED_EDGE ( 'NONE', *, *, #464, .T. ) ;
#1699 = VERTEX_POINT ( 'NONE', #1483 ) ;
#1700 = EDGE_CURVE ( 'NONE', #1718, #627, #1109, .T. ) ;
#1701 = EDGE_CURVE ( 'NONE', #1076, #435, #181, .T. ) ;
#1702 = DIRECTION ( 'NONE',  ( -1.000000000000000000, 0.000000000000000000, 0.000000000000000000 ) ) ;
#1703 = EDGE_LOOP ( 'NONE', ( #1112, #1181, #889, #1618 ) ) ;
#1704 = LINE ( 'NONE', #1289, #1500 ) ;
#1705 = CYLINDRICAL_SURFACE ( 'NONE', #742, 0.7500000000000006661 ) ;
#1706 = CARTESIAN_POINT ( 'NONE',  ( 18.34999999999999787, 5.499999999999890754, -7.999999999999992895 ) ) ;
#1707 = EDGE_LOOP ( 'NONE', ( #76, #1028, #809, #884 ) ) ;
#1708 = DIRECTION ( 'NONE',  ( 0.000000000000000000, 0.000000000000000000, -1.000000000000000000 ) ) ;
#1709 = EDGE_CURVE ( 'NONE', #756, #34, #1080, .T. ) ;
#1710 = ORIENTED_EDGE ( 'NONE', *, *, #1093, .T. ) ;
#1711 = DIRECTION ( 'NONE',  ( -0.000000000000000000, 1.000000000000000000, -0.000000000000000000 ) ) ;
#1712 = EDGE_LOOP ( 'NONE', ( #1668, #363, #1537, #1031 ) ) ;
#1713 = CARTESIAN_POINT ( 'NONE',  ( 27.24999999999999645, 5.499999999999818812, -10.99999999999999112 ) ) ;
#1714 = CARTESIAN_POINT ( 'NONE',  ( 27.24999999999993250, 4.500000000000000888, -4.750000000000137668 ) ) ;
#1715 = AXIS2_PLACEMENT_3D ( 'NONE', #298, #175, #700 ) ;
#1716 = DIRECTION ( 'NONE',  ( 1.137523590804463822E-16, 0.000000000000000000, -1.000000000000000000 ) ) ;
#1717 = DIRECTION ( 'NONE',  ( -0.000000000000000000, 1.000000000000000000, -0.000000000000000000 ) ) ;
#1718 = VERTEX_POINT ( 'NONE', #32 ) ;
#1719 = CIRCLE ( 'NONE', #1135, 0.7500000000000000000 ) ;
ENDSEC;
END-ISO-10303-21;
